date,usage_kwh,day_of_week,weekend,holiday,vacation,exam_period,temp_c,humidity_pct,wind_dir_deg,wind_speed_ms,pressure_local_hpa,pressure_sea_hpa,solar_rad_mj_m2,sunshine_sec,precip_mm,strong_wind_warning,strong_wind_advisory,dry_advisory,heavy_snow_warning,heavy_snow_advisory,tropical_night,typhoon_warning,typhoon_advisory,heat_wave_warning,heat_wave_advisory,cold_wave_warning,cold_wave_advisory,heavy_rain_warning,heavy_rain_advisory,yellow_dust_warning,obs_minutes
2021-09-03,235298.88,Friday,0,0,0,0,24.549166666666668,66.13368055555556,72.87402418939351,1.649513888888889,1005.0109722222222,1009.5525,18.75,35100.0,0.0,0,0,0,0,0,0,0,0,0,0,0,0,0,0,0,1440
2021-09-04,207972.0,Saturday,1,0,0,0,23.59041000694927,60.55239749826268,85.82181615294277,2.2288394718554554,1010.4700486448922,1015.0395413481584,19.77,33840.0,0.0,0,0,0,0,0,0,0,0,0,0,0,0,0,0,0,1439
2021-09-05,199642.32,Sunday,1,1,0,0,23.113472222222224,63.08326388888889,92.18697918909623,2.433472222222222,1013.7513888888889,1018.36875,12.81,14280.0,0.0,0,0,0,0,0,0,0,0,0,0,0,0,0,0,0,1440
2021-09-06,226810.08,Monday,0,0,0,0,21.843055555555555,73.92298611111111,100.02015771683071,3.0600694444444443,1012.4395833333333,1017.0595833333334,8.89,3000.0,16.7,0,0,0,0,0,0,0,0,0,0,0,0,0,0,0,1440
2021-09-07,230724.0,Tuesday,0,0,0,0,20.497706740792218,99.11382904794998,131.56616383247166,2.3359277275886035,1003.9177901320361,1008.5146629603893,2.29,0.0,17.8,0,0,0,0,0,0,0,0,0,0,0,0,0,0,0,1439
2021-09-08,234018.0,Wednesday,0,0,0,0,22.04447533009034,85.82119527449618,294.14412430281993,1.8970813064628214,1005.8841556636553,1010.4521195274497,19.04,30120.0,0.4,0,0,0,0,0,0,0,0,0,0,0,0,0,0,0,1439
2021-09-09,236088.0,Thursday,0,0,0,0,22.738680555555558,83.84618055555555,211.18669816789034,1.0204861111111112,1009.3794444444444,1013.9552777777778,18.82,30540.0,0.0,0,0,0,0,0,0,0,0,0,0,0,0,0,0,0,1440
2021-09-10,239811.84,Friday,0,0,0,0,23.495069444444447,85.03416666666666,277.8116170019024,1.2392361111111112,1008.9077083333334,1013.4810416666667,16.29,29040.0,0.0,0,0,0,0,0,0,0,0,0,0,0,0,0,0,0,1440
2021-09-11,217079.28,Saturday,1,0,0,0,23.786768802228416,81.7633704735376,275.88843345755964,1.3213937282229966,1008.4669916434541,1013.0288300835654,20.7,34080.0,0.0,0,0,0,0,0,0,0,0,0,0,0,0,0,0,0,1436
2021-09-12,208528.56,Sunday,1,1,0,0,23.79235580264072,78.78102849200833,295.64673306102736,1.325712300208478,1008.5494788047255,1013.1084086170952,21.31,41400.0,0.0,0,0,0,0,0,0,0,0,0,0,0,0,0,0,0,1439
2021-09-13,242105.04,Monday,0,0,0,0,24.840959666203062,71.492280945758,106.22168212637372,2.6633959638135005,1011.839916550765,1016.4034075104312,17.86,26460.0,0.0,0,0,0,0,0,0,0,0,0,0,0,0,0,0,0,1438
2021-09-14,240445.44,Tuesday,0,0,0,0,23.854861111111113,65.89701388888889,90.19253528569375,2.3975694444444446,1011.0525694444444,1015.6238888888888,16.78,32760.0,0.0,0,0,0,0,0,0,0,0,0,0,0,0,0,0,0,1440
2021-09-15,236345.04,Wednesday,0,0,0,0,23.830416666666668,58.78395833333333,80.56060202460324,3.2015277777777778,1011.6231250000001,1016.2011805555555,20.45,41460.0,0.0,0,0,0,0,0,0,0,0,0,0,0,0,0,0,0,1440
2021-09-16,230302.8,Thursday,0,0,0,0,22.88800557880056,62.38633193863319,76.89007694853828,2.4755230125523013,1008.686959553696,1013.2648535564854,19.07,31260.0,0.0,0,0,0,0,0,0,0,0,0,0,0,0,0,0,0,1434
2021-09-17,226820.88,Friday,0,0,0,0,23.733148019457957,63.63460736622655,61.34924035887038,2.4121612230715774,1005.1382904794997,1009.6942321056289,14.57,23040.0,0.0,0,0,0,0,0,0,0,0,0,0,0,0,0,0,0,1439
2021-09-18,203970.24,Saturday,1,0,0,0,22.746180555555554,72.64006944444444,304.782923264224,1.1590277777777778,1009.8022222222222,1014.3910416666668,18.62,35820.0,0.0,0,0,0,0,0,0,0,0,0,0,0,0,0,0,0,1440
2021-09-19,195109.2,Sunday,1,1,0,0,23.73916666666667,73.91270833333334,104.97107245714083,1.3728472222222223,1011.3784027777778,1015.9577777777778,15.12,25740.0,0.0,0,0,0,0,0,0,0,0,0,0,0,0,0,0,0,1440
2021-09-20,190321.92,Monday,0,1,0,0,23.598055555555554,67.03527777777778,117.08199537297011,3.249861111111111,1007.1072916666667,1011.6553472222222,17.62,35520.0,0.0,0,0,0,0,0,0,0,0,0,0,0,0,0,0,0,1440
2021-09-21,193470.48,Tuesday,0,1,0,0,22.619666435024325,87.61243919388464,180.82477295323304,2.5457261987491315,1001.0416956219597,1005.5988186240445,10.69,18840.0,30.1,0,0,0,0,0,0,0,0,0,0,0,0,0,0,0,1439
2021-09-22,191047.68,Wednesday,0,1,0,0,20.75070977917981,82.86198738170347,268.3243111661366,2.5694006309148265,1004.4359922178988,1009.0192233009709,9.1,20760.0,15.6,0,0,0,0,0,0,0,0,0,0,0,0,0,0,0,1268
2021-09-23,217970.64,Thursday,0,0,0,0,20.150972222222222,74.07979166666667,289.33494087832844,2.0793055555555555,1012.2252777777777,1016.8747222222223,14.43,29880.0,0.0,0,0,0,0,0,0,0,0,0,0,0,0,0,0,0,1440
2021-09-24,222136.56,Friday,0,0,0,0,21.546875,70.74569444444445,100.7802116182184,1.8072222222222223,1017.7921527777778,1022.4470138888888,18.9,40740.0,0.0,0,0,0,0,0,0,0,0,0,0,0,0,0,0,0,1440
2021-09-25,191424.24,Saturday,1,0,0,0,21.495,72.92548611111111,69.47852366160151,1.551702571230021,1018.8029861111112,1023.449375,7.57,660.0,0.0,0,0,0,0,0,0,0,0,0,0,0,0,0,0,0,1440
2021-09-26,184733.28,Sunday,1,1,0,0,22.83870743571925,65.10729673384294,101.91920097774809,2.2403752605976375,1016.1189020152884,1020.752744961779,16.29,25080.0,0.0,0,0,0,0,0,0,0,0,0,0,0,0,0,0,0,1439
2021-09-27,216156.96,Monday,0,0,0,0,21.865625,65.47736111111111,97.14639511817364,2.3443055555555556,1011.7390277777778,1016.3443055555556,11.68,9120.0,0.0,0,0,0,0,0,0,0,0,0,0,0,0,0,0,0,1440
2021-09-28,212535.36,Tuesday,0,0,0,0,21.553995830437806,77.28311327310632,112.41776214719498,2.5117442668519807,1008.6291174426685,1013.2280750521195,7.9,1740.0,1.2,0,0,0,0,0,0,0,0,0,0,0,0,0,0,0,1439
2021-09-29,227604.96,Wednesday,0,0,0,0,20.70355400696864,94.13519163763067,236.9901336288882,1.511231101511879,1003.8405574912891,1008.4422299651569,3.58,180.0,11.4,0,0,0,0,0,0,0,0,0,0,0,0,0,0,0,1435
2021-09-30,228325.68,Thursday,0,0,0,0,20.344652777777778,84.27944444444445,301.5000610714071,1.1704615384615384,1004.7883333333333,1009.3961805555556,18.02,31920.0,0.0,0,0,0,0,0,0,0,0,0,0,0,0,0,0,0,1440
2021-10-01,228451.68,Friday,0,0,0,0,20.85469075747047,81.11751216122308,297.4732022428953,1.7214732453092425,1004.8432939541348,1009.4515635858235,16.62,30660.0,6.2,0,1,0,0,0,0,0,0,0,0,0,0,0,0,0,1439
2021-10-02,202558.32,Saturday,1,0,0,0,20.51083333333333,80.90666666666667,216.33844711476004,1.1098611111111112,1009.0843055555555,1013.714375,15.5,32100.0,1.9,0,0,0,0,0,0,0,0,0,0,0,0,0,0,0,1440
2021-10-03,197567.28,Sunday,1,1,0,0,21.80159722222222,75.92513888888888,152.69089822215852,1.4311111111111112,1014.1372916666667,1018.7662499999999,16.57,31140.0,0.0,0,0,0,0,0,0,0,0,0,0,0,0,0,0,0,1440
2021-10-04,206123.04,Monday,0,1,0,1,22.88388888888889,77.90902777777778,190.9541967624999,2.3945138888888886,1015.2486805555557,1019.8802083333334,5.17,1020.0,0.0,0,0,0,0,0,0,0,0,0,0,0,0,0,0,0,1440
2021-10-05,239177.52,Tuesday,0,0,0,1,24.453263888888888,76.30743055555556,222.31620440065979,2.6841666666666666,1016.1604861111111,1020.7488194444445,14.17,27420.0,0.0,0,0,0,0,0,0,0,0,0,0,0,0,0,0,0,1440
2021-10-06,230001.84,Wednesday,0,0,0,1,21.23697478991597,86.43984593837536,98.71497507755068,2.205676243868255,1015.0684173669467,1019.713655462185,5.09,11520.0,0.8,0,0,0,0,0,0,0,0,0,0,0,0,0,0,0,1428
2021-10-07,227271.6,Thursday,0,0,0,1,20.405,85.7701388888889,270.80613714515164,1.4124305555555556,1012.4031944444445,1017.043125,5.35,1680.0,3.2,0,0,0,0,0,0,0,0,0,0,0,0,0,0,0,1440
2021-10-08,218700.0,Friday,0,0,0,1,19.801805555555553,89.59895833333333,24.27037584713359,0.7688194444444444,1016.1535416666667,1020.844513888889,4.08,0.0,2.5,0,0,0,0,0,0,0,0,0,0,0,0,0,0,0,1440
2021-10-09,194230.8,Saturday,1,1,0,1,22.69388888888889,77.53409722222223,89.55555813885219,1.7523611111111113,1017.3960416666667,1022.0380555555556,12.43,17580.0,0.2,0,0,0,0,0,0,0,0,0,0,0,0,0,0,0,1440
2021-10-10,189574.56,Sunday,1,1,0,1,21.301458333333333,86.10777777777777,234.22984340203428,2.0952777777777776,1013.7445833333333,1018.3684722222223,4.55,2220.0,9.1,0,0,0,0,0,0,0,0,0,0,0,0,0,0,0,1440
2021-10-11,182926.08,Monday,0,1,0,1,16.560347222222223,69.94048611111111,357.314227401419,1.6982638888888888,1016.8252777777777,1021.5652083333333,11.01,14460.0,0.1,0,0,0,0,0,0,0,0,0,0,0,0,0,0,0,1440
2021-10-12,201049.2,Tuesday,0,0,0,1,17.91625,66.70861111111111,103.90578384825002,2.5184027777777778,1020.2044444444443,1024.911875,3.69,0.0,0.0,0,0,0,0,0,0,0,0,0,0,0,0,0,0,0,1440
2021-10-13,211538.88,Wednesday,0,0,0,1,19.31389854065323,68.15621959694232,102.85482488179315,1.741626129256428,1019.5350243224461,1024.2372480889505,15.76,34620.0,0.0,0,0,0,0,0,0,0,0,0,0,0,0,0,0,0,1439
2021-10-14,213611.04,Thursday,0,0,0,1,19.082291666666666,78.11173611111111,235.9094164371181,1.4841556636553161,1015.4394444444445,1020.116875,14.02,30540.0,0.0,0,0,0,0,0,0,0,0,0,0,0,0,0,0,0,1440
2021-10-15,210713.76,Friday,0,0,0,1,19.142152777777778,77.718125,337.49376770919145,1.0446527777777777,1013.7458333333333,1018.4129166666668,6.4,2280.0,0.5,0,0,0,0,0,0,0,0,0,0,0,0,0,0,0,1440
2021-10-16,171542.88,Saturday,1,0,0,1,12.340833333333332,43.180486111111115,314.7215313473513,3.912361111111111,1018.3107638888889,1023.1422916666666,7.52,5340.0,0.0,0,0,0,0,0,0,0,0,0,0,0,1,0,0,0,1440
2021-10-17,163851.12,Sunday,1,1,0,1,5.887777777777777,39.84840277777778,309.5424746223068,2.5725694444444445,1023.744513888889,1028.7229166666666,17.79,38400.0,0.0,0,0,0,0,0,0,0,0,0,0,0,1,0,0,0,1440
2021-10-18,192974.4,Monday,0,0,0,1,9.789784572619874,58.38950660180681,172.71421595889953,1.2952050034746352,1019.2857539958304,1024.16532314107,14.59,30600.0,0.0,0,0,0,0,0,0,0,0,0,0,0,0,0,0,0,1439
2021-10-19,195482.16,Tuesday,0,0,0,1,11.336673625608906,76.08900487125956,300.4839813466102,2.0846903270702852,1015.2623521224774,1020.0996520528879,12.52,27240.0,11.3,0,0,0,0,0,0,0,0,0,0,0,0,0,0,0,1437
2021-10-20,195320.88,Wednesday,0,0,0,1,8.94503127171647,70.46567060458652,282.71935744266256,1.1702571230020848,1017.0967338429465,1021.9863099374566,15.75,37680.0,0.0,0,0,0,0,0,0,0,0,0,0,0,0,0,0,0,1439
2021-10-21,193053.6,Thursday,0,0,0,1,9.249166666666666,71.823125,306.3836769535422,1.1479861111111112,1015.6634722222221,1020.5492361111111,12.91,32760.0,0.0,0,0,0,0,0,0,0,0,0,0,0,0,0,0,0,1440
2021-10-22,190555.2,Friday,0,0,0,1,10.043145441892833,65.35908141962422,304.1575147601868,1.5830201809324984,1017.8089074460681,1022.6825330549757,15.34,36960.0,0.0,0,0,0,0,0,0,0,0,0,0,0,0,0,0,0,1437
2021-10-23,173174.4,Saturday,1,0,0,0,10.186388888888889,67.9425,279.93628784726747,1.1522222222222223,1023.6127777777778,1028.5085416666666,15.11,35760.0,0.0,0,0,0,0,0,0,0,0,0,0,0,0,0,0,0,1440
2021-10-24,166168.08,Sunday,1,1,0,0,10.416180555555554,73.91701388888889,324.84606604473544,1.0594857539958304,1022.115,1026.997013888889,14.59,35640.0,0.0,0,0,0,0,0,0,0,0,0,0,0,0,0,0,0,1440
2021-10-25,192683.52,Monday,0,0,0,0,10.674375,74.92513888888888,298.7757322989865,1.0865277777777778,1018.9338194444445,1023.7997916666666,14.5,36420.0,0.0,0,0,0,0,0,0,0,0,0,0,0,0,0,0,0,1440
2021-10-26,192155.04,Tuesday,0,0,0,0,11.743988881167477,78.27769284225157,331.1185300316817,0.9952050034746351,1016.2392633773454,1021.0546212647673,12.41,32340.0,0.0,0,0,0,0,0,0,0,0,0,0,0,0,0,0,0,1439
2021-10-27,192783.6,Wednesday,0,0,0,0,13.09006254343294,70.07498262682418,311.5934937886616,2.071160528144545,1015.1005559416261,1019.8915913829048,14.32,33120.0,0.2,0,0,0,0,0,0,0,0,0,0,0,0,0,0,0,1439
2021-10-28,192426.48,Thursday,0,0,0,0,11.631063238359971,61.793606671299514,332.7901821818639,0.8886726893676163,1018.7562195969423,1023.6050729673384,14.96,36120.0,0.0,0,0,0,0,0,0,0,0,0,0,0,0,0,0,0,1439
2021-10-29,185940.72,Friday,0,0,0,0,14.101877607788595,60.01794158553547,102.28311662785765,1.5971488178025033,1020.5786509040335,1025.380528511822,14.39,34260.0,0.0,0,0,0,0,0,0,0,0,0,0,0,0,0,0,0,1438
2021-10-30,167909.76,Saturday,1,0,0,0,14.240347222222221,63.884375,113.2269679848274,1.4757638888888889,1019.471875,1024.2545833333334,8.77,13860.0,0.0,0,0,0,0,0,0,0,0,0,0,0,0,0,0,0,1440
2021-10-31,164725.92,Sunday,1,1,0,0,13.407013888888887,79.96319444444444,312.8129317949186,0.8700694444444446,1019.5378472222222,1024.3458333333333,11.06,31920.0,0.0,0,0,0,0,0,0,0,0,0,0,0,0,0,0,0,1440
2021-11-01,190950.48,Monday,0,0,0,0,12.289305555555554,81.939375,308.104914603787,1.421736111111111,1019.1826388888888,1024.0240277777777,11.79,28080.0,0.0,0,0,0,0,0,0,0,0,0,0,0,0,0,0,0,1440
2021-11-02,190515.6,Tuesday,0,0,0,0,10.93092425295344,80.51626129256428,290.20372618356555,1.2820708825573315,1017.8302988186241,1022.683043780403,11.6,29820.0,0.0,0,0,0,0,0,0,0,0,0,0,0,0,0,0,0,1439
2021-11-03,191883.6,Wednesday,0,0,0,0,11.265972222222222,77.63263888888889,301.19160851299495,1.096038915913829,1015.416111111111,1020.236875,12.18,31020.0,0.8,0,0,0,0,0,0,0,0,0,0,0,0,0,0,0,1440
2021-11-04,194417.28,Thursday,0,0,0,0,11.705281445448229,89.50173731758166,309.5060240011433,0.8726893676164003,1015.504169562196,1020.3333564975677,7.84,19200.0,0.0,0,0,0,0,0,0,0,0,0,0,0,0,0,0,0,1439
2021-11-05,188629.92,Friday,0,0,0,0,11.994440583738708,73.20667129951356,3.542820572355341,0.9183460736622655,1016.7231410701877,1021.5428769979152,11.94,33360.0,0.0,0,0,0,0,0,0,0,0,0,0,0,0,0,0,0,1439
2021-11-06,166619.52,Saturday,1,0,0,0,13.255694444444446,65.17652777777778,354.1732600834939,1.0477777777777777,1016.2905555555554,1021.0880555555556,12.45,31200.0,0.0,0,0,0,0,0,0,0,0,0,0,0,0,0,0,0,1440
2021-11-07,161422.56,Sunday,1,1,0,0,14.636091794158554,63.48275382475661,116.49257692095044,2.136509040333797,1015.6923504867873,1020.4656467315717,11.54,26040.0,0.0,0,0,0,0,0,0,0,0,0,0,0,0,0,0,0,1438
2021-11-08,196063.92,Monday,0,0,0,0,9.819652777777778,84.15729166666667,262.54417314157763,3.120138888888889,1007.5948611111112,1012.4144444444445,2.75,2100.0,39.1,0,1,0,0,0,0,0,0,0,0,0,0,0,0,0,1440
2021-11-09,197575.2,Tuesday,0,0,0,0,5.256458333333334,92.06020833333334,301.6527005071016,1.3702083333333333,1006.4463888888889,1011.3463888888889,3.79,4440.0,22.2,0,0,0,0,0,0,0,0,0,0,0,0,0,0,0,1440
2021-11-10,207445.68,Wednesday,0,0,0,0,4.676597222222222,79.2317361111111,302.4301560152896,2.056080611535789,1004.0389583333334,1008.9481944444444,8.68,15240.0,0.1,0,0,0,0,0,0,0,0,0,0,0,0,0,0,0,1440
2021-11-11,206100.72,Thursday,0,0,0,0,5.7581944444444435,66.24104166666667,292.2502046986256,2.336597222222222,1007.0203472222222,1011.9070833333333,8.43,23400.0,1.2,0,0,0,0,0,0,0,0,0,0,0,0,0,0,0,1440
2021-11-12,204905.52,Friday,0,0,0,0,4.925104311543811,60.24221140472879,302.97327280129986,2.1153685674547984,1012.6470792767733,1017.591933240612,11.61,31740.0,0.0,0,0,0,0,0,0,0,0,0,0,0,0,0,0,0,1438
2021-11-13,176870.16,Saturday,1,0,0,0,7.1627777777777775,72.52402777777777,91.68732078588098,1.1730555555555555,1014.33875,1019.2410416666668,9.85,27480.0,0.0,0,0,0,0,0,0,0,0,0,0,0,0,0,0,0,1440
2021-11-14,166819.68,Sunday,1,1,0,0,11.025521557719054,72.18157162726008,169.44205595123844,1.440125173852573,1013.4278164116829,1018.2589707927676,9.24,23160.0,0.0,0,0,0,0,0,0,0,0,0,0,0,0,0,0,0,1438
2021-11-15,199610.64,Monday,0,0,0,0,9.093402777777778,76.42152777777778,279.77723812349217,0.9584027777777777,1017.0986111111112,1021.9879166666667,10.34,29400.0,0.0,0,0,0,0,0,0,0,0,0,0,0,0,0,0,0,1440
2021-11-16,201340.8,Tuesday,0,0,0,0,7.734513888888889,74.64902777777777,260.7906625577964,1.2079166666666667,1019.8542361111112,1024.7816666666668,11.16,32160.0,0.0,0,0,0,0,0,0,0,0,0,0,0,0,0,0,0,1440
2021-11-17,203137.2,Wednesday,0,0,0,0,6.852083333333334,69.66868055555555,302.1713129294159,1.0600694444444445,1019.712986111111,1024.638125,11.05,28740.0,0.0,0,0,0,0,0,0,0,0,0,0,0,0,0,0,0,1440
2021-11-18,196255.44,Thursday,0,0,0,0,11.027285613040396,74.3074415308292,165.3995709869518,1.9332388377037564,1014.0058823529412,1018.8238128986534,7.58,20400.0,0.0,0,0,0,0,0,0,0,0,0,0,0,0,0,0,0,1411
2021-11-19,195004.8,Friday,0,0,0,0,12.575138888888889,87.97888888888889,190.42313141147517,1.48,1013.4441666666668,1018.2313888888889,6.4,11220.0,0.0,0,0,0,0,0,0,0,0,0,0,0,0,0,0,0,1440
2021-11-20,172499.76,Saturday,1,0,0,0,10.294371091035442,84.61299513551077,331.8302474357749,0.870813064628214,1016.4839471855455,1021.353300903405,7.32,18240.0,0.0,0,0,0,0,0,0,0,0,0,0,0,0,0,0,0,1439
2021-11-21,165301.2,Sunday,1,1,0,0,10.167755385684503,81.3032661570535,169.21317403766517,1.1608756080611535,1012.4334954829743,1017.2701181375955,3.8,1680.0,4.1,0,0,0,0,0,0,0,0,0,0,0,0,0,0,0,1439
2021-11-22,207581.04,Monday,0,0,0,0,4.447708333333333,60.858263888888885,307.56412769826306,4.247638888888889,1011.3413194444445,1016.2766666666666,8.99,24180.0,1.2,0,0,0,0,0,0,0,0,0,0,0,0,0,0,0,1440
2021-11-23,223094.88,Tuesday,0,0,0,0,0.3067361111111111,66.98673611111111,304.68749543039354,2.5184027777777778,1014.2177777777779,1019.2518055555556,5.93,10800.0,0.0,0,0,0,0,0,0,0,0,0,0,0,0,0,0,0,1440
2021-11-24,223115.04,Wednesday,0,0,0,0,2.6165972222222225,79.70166666666667,136.3090815995335,1.208825573314802,1013.1821527777778,1018.169375,4.57,9780.0,0.9,0,0,0,0,0,0,0,0,0,0,0,0,0,0,0,1440
2021-11-25,217587.6,Thursday,0,0,0,0,5.786944444444445,68.58291666666666,309.1620635367103,1.8561111111111113,1013.8101388888889,1018.7495833333332,10.05,31620.0,0.2,0,0,0,0,0,0,0,0,0,0,0,0,0,0,0,1440
2021-11-26,221824.08,Friday,0,0,0,0,3.3690277777777777,59.918194444444445,316.7444340201235,1.388611111111111,1022.1225,1027.1403472222223,10.14,27660.0,0.0,0,0,0,0,0,0,0,0,0,0,0,0,0,0,0,1440
2021-11-27,193317.12,Saturday,1,0,0,0,2.7221527777777776,61.61388888888889,277.89585559798616,0.9415972222222223,1029.3763888888889,1034.4322222222222,11.33,33480.0,0.0,0,0,0,0,0,0,0,0,0,0,0,0,0,0,0,1440
2021-11-28,185677.2,Sunday,1,1,0,0,3.9137500000000003,62.994375,303.93995856640913,0.83875,1029.3590972222223,1034.4063194444445,11.07,28920.0,0.0,0,0,0,0,0,0,0,0,0,0,0,0,0,0,0,1440
2021-11-29,211443.12,Monday,0,0,0,1,6.452364394993046,69.04248956884562,4.714161220584644,0.7828929068150209,1022.5630041724618,1027.5200278164118,7.74,22740.0,0.0,0,0,0,0,0,0,0,0,0,0,0,0,0,0,0,1438
2021-11-30,212758.56,Tuesday,0,0,0,1,6.386180555555556,82.965,219.56178111609782,3.729236111111111,1007.5175694444445,1012.40125,0.6,0.0,35.0,0,0,0,0,0,0,0,0,0,0,0,0,0,0,0,1440
2021-12-01,231688.08,Wednesday,0,0,0,1,-0.003891591382904801,48.65927727588603,305.02255837714,4.733842946490618,1017.0194579569145,1022.0756080611536,11.46,33420.0,0.0,0,0,0,0,0,0,0,0,0,0,0,0,0,0,0,1439
2021-12-02,230079.6,Thursday,0,0,0,1,1.1871527777777777,68.54791666666667,182.08933189909726,1.9439888811674775,1015.3405555555555,1020.3475,9.2,26040.0,0.2,0,0,0,0,0,0,0,0,0,0,0,0,0,0,0,1440
2021-12-03,223853.76,Friday,0,0,0,1,2.690625,60.40854166666667,310.5702849415592,2.7761805555555554,1014.0800694444445,1019.0722222222222,10.98,31380.0,2.1,0,0,0,0,0,0,0,0,0,0,0,0,0,0,0,1440
2021-12-04,200357.28,Saturday,1,0,0,1,1.5373870743571927,55.16636553161918,288.42499483410745,1.3917303683113273,1021.3884642112578,1026.4319666435024,8.41,23460.0,0.0,0,0,0,0,0,0,0,0,0,0,0,0,0,0,0,1439
2021-12-05,192896.64,Sunday,1,1,0,1,2.0820138888888886,61.394375,299.71490653337673,0.8709722222222223,1024.6954166666667,1029.7486111111111,10.53,33300.0,0.0,0,0,0,0,0,0,0,0,0,0,0,0,0,0,0,1440
2021-12-06,221844.96,Monday,0,0,0,1,4.4835416666666665,66.30652777777777,297.9575191072829,0.800625,1022.575625,1027.5702777777778,9.43,28440.0,0.0,0,0,0,0,0,0,0,0,0,0,0,0,0,0,0,1440
2021-12-07,216610.56,Tuesday,0,0,0,1,5.817361111111111,72.05875,301.2092981297737,1.0114583333333333,1024.5803472222221,1029.5657638888888,8.78,29460.0,0.0,0,0,0,0,0,0,0,0,0,0,0,0,0,0,0,1440
2021-12-08,213387.12,Wednesday,0,0,0,1,5.847569444444445,75.293125,294.1273864077518,0.7243055555555555,1027.5730555555556,1032.571388888889,10.13,32460.0,0.0,0,0,0,0,0,0,0,0,0,0,0,0,0,0,0,1440
2021-12-09,213770.16,Thursday,0,0,0,1,6.366527777777777,73.905625,97.44901076493015,1.1867361111111112,1025.0833333333333,1030.0561805555556,4.54,4140.0,0.0,0,0,0,0,0,0,0,0,0,0,0,0,0,0,0,1440
2021-12-10,207503.28,Friday,0,0,0,1,7.579444444444444,83.0325,85.45477997235956,1.2205555555555554,1020.561736111111,1025.4796527777778,1.61,0.0,0.7,0,0,0,0,0,0,0,0,0,0,0,0,0,0,0,1440
2021-12-11,184650.48,Saturday,1,0,0,1,5.80875,87.20708333333333,289.0407117455131,1.0117361111111112,1021.7400694444444,1026.706111111111,6.02,9120.0,0.0,0,0,0,0,0,0,0,0,0,0,0,0,0,0,0,1440
2021-12-12,186163.2,Sunday,1,1,0,1,2.3085416666666667,63.45166666666666,302.1458002215057,3.0095833333333335,1021.3894444444445,1026.4239583333333,9.6,29940.0,0.0,0,0,0,0,0,0,0,0,0,0,0,0,0,0,0,1440
2021-12-13,235298.88,Monday,0,0,0,1,-1.9219596942321056,43.32814454482279,306.29646031307175,2.0833912439193885,1023.9107713690063,1029.0502432244614,10.82,33060.0,0.0,0,0,0,0,0,0,0,0,0,0,0,0,0,0,0,1439
2021-12-14,225864.0,Tuesday,0,0,0,1,3.370972222222222,67.66708333333334,147.12035465992022,1.4625,1017.3884722222222,1022.3827083333334,6.1,11820.0,1.6,0,0,0,0,0,0,0,0,0,0,0,0,0,0,0,1440
2021-12-15,213013.44,Wednesday,0,0,0,1,6.51028492008339,92.59346768589297,155.07215897752775,1.179638637943016,1015.6455872133427,1020.5701876302988,4.17,5520.0,3.4,0,0,0,0,0,0,0,0,0,0,0,0,0,0,0,1439
2021-12-16,211186.08,Thursday,0,0,0,1,5.515555555555555,79.969375,307.3757867631358,1.2322916666666666,1014.5599305555556,1019.4941666666667,7.02,17220.0,0.0,0,0,0,0,0,0,0,0,0,0,0,0,0,0,0,1440
2021-12-17,234678.96,Friday,0,0,0,1,-3.617847222222222,50.130486111111104,305.23716117001527,5.04375,1019.1196527777778,1024.256111111111,10.13,31080.0,0.0,0,0,0,0,0,0,0,0,0,0,0,0,0,0,0,1440
2021-12-18,216946.8,Saturday,1,0,1,0,-5.1525459688826025,62.77439886845828,180.18165968275943,2.046888260254597,1021.5647100424328,1026.7553748231967,7.13,17160.0,0.5,0,0,0,0,1,0,0,0,0,0,0,0,0,0,0,1414
2021-12-19,200912.4,Sunday,1,1,1,0,-0.7020138888888888,70.14430555555556,224.00799885545254,1.6079166666666667,1017.6683333333333,1022.7463888888889,10.22,31200.0,1.7,0,0,0,0,0,0,0,0,0,0,0,0,0,0,0,1440
2021-12-20,220874.4,Monday,0,0,1,0,5.180833333333333,75.13534722222222,161.96018347817238,1.6075052119527449,1012.9185416666667,1017.8486111111112,7.41,22320.0,0.0,0,0,0,0,0,0,0,0,0,0,0,0,0,0,0,1440
2021-12-21,220340.88,Tuesday,0,0,1,0,5.226597222222223,74.97854166666667,326.1855964383984,1.4509027777777779,1012.6919444444444,1017.6176388888888,6.06,19860.0,0.0,0,0,0,0,0,0,0,0,0,0,0,0,0,0,0,1440
2021-12-22,225896.4,Wednesday,0,0,1,0,1.721875,53.32868055555556,279.1865515571791,0.9540972222222223,1018.6542361111112,1023.6847916666667,9.68,31980.0,0.0,0,0,0,0,0,0,0,0,0,0,0,0,0,0,0,1440
2021-12-23,223755.84,Thursday,0,0,1,0,1.8271527777777776,64.36777777777777,301.4481892642225,0.7071527777777777,1020.1879861111111,1025.2073611111111,8.64,29160.0,0.0,0,0,0,0,0,0,0,0,0,0,0,0,0,0,0,1440
2021-12-24,220745.52,Friday,0,0,1,0,0.5713194444444445,70.26222222222222,316.4612951112634,2.2915972222222223,1018.2546527777778,1023.3175,1.82,0.0,0.0,0,0,0,0,0,0,0,0,0,0,1,0,0,0,0,1440
2021-12-25,214259.76,Saturday,1,1,1,0,-9.987222222222222,38.93069444444444,305.87597908517347,4.004513888888889,1027.3060416666667,1032.6143055555556,11.09,32760.0,0.0,0,0,0,0,0,0,0,0,0,0,1,0,0,0,0,1440
2021-12-26,223680.96,Sunday,1,1,1,0,-10.922847222222222,42.74777777777778,310.7772781418357,3.1820833333333334,1029.904375,1035.24,11.07,33060.0,0.0,0,0,0,0,0,0,0,0,0,0,1,0,0,0,0,1440
2021-12-27,270375.84,Monday,0,0,1,0,-7.739652777777778,62.9475,156.9087615667056,1.2858333333333332,1026.7624305555555,1032.0328472222222,5.86,14400.0,0.0,0,0,0,0,0,0,0,0,0,0,1,0,0,0,0,1440
2021-12-28,260364.24,Tuesday,0,0,1,0,-3.4884722222222218,77.47277777777778,69.30486028860527,0.9263194444444445,1023.5472916666668,1028.720486111111,3.92,8100.0,0.0,0,0,0,0,0,0,0,0,0,0,0,0,0,0,0,1440
2021-12-29,244180.08,Wednesday,0,0,1,0,0.7169444444444445,78.03006944444445,296.494637384347,2.004166666666667,1015.5888888888888,1020.6184722222223,3.66,6600.0,2.1,0,0,0,0,0,0,0,0,0,0,0,0,0,0,0,1440
2021-12-30,249130.8,Thursday,0,0,1,0,-2.798191933240612,54.832684283727396,301.5533362634649,2.7326842837273992,1020.6438803894297,1025.7773296244784,7.67,24660.0,0.0,0,0,0,0,0,0,0,0,0,0,0,0,0,0,0,1438
2021-12-31,244054.8,Friday,0,0,1,0,-5.651043115438108,36.22433936022253,303.5321896756308,3.081432545201669,1026.8156467315716,1032.0296940194714,11.08,33060.0,0.0,0,0,0,0,0,0,0,0,0,0,0,0,0,0,0,1438
2022-01-01,209093.76,Saturday,1,1,1,0,-4.787222222222223,48.24111111111111,157.95969563653668,0.9347463516330785,1026.6515277777778,1031.8404166666667,10.08,32400.0,0.0,0,0,0,0,0,0,0,0,0,0,0,0,0,0,0,1440
2022-01-02,203173.92,Sunday,1,1,1,0,-1.183263888888889,64.37583333333333,284.03472143639567,1.7931249999999999,1022.0195138888889,1027.112361111111,9.32,29040.0,0.5,0,0,0,0,0,0,0,0,0,0,0,0,0,0,0,1440
2022-01-03,250336.08,Monday,0,0,1,0,-2.746875,61.94215277777778,310.6960799254459,1.1375,1021.8488194444445,1026.9903472222222,9.33,28860.0,0.0,0,0,0,0,0,0,0,0,0,0,0,0,0,0,0,1440
2022-01-04,252720.72,Tuesday,0,0,1,0,-1.7566666666666666,55.18611111111111,296.67660556291656,2.0015277777777776,1023.2005555555556,1028.3332638888887,10.77,32940.0,0.0,0,0,0,0,0,0,0,0,0,0,0,0,0,0,0,1440
2022-01-05,256823.28,Wednesday,0,0,1,0,-3.0364583333333335,53.36666666666667,294.3296987818135,0.9343988881167477,1023.1836111111111,1028.33,5.76,1620.0,0.0,0,0,0,0,0,0,0,0,0,0,0,0,0,0,0,1440
2022-01-06,250806.96,Thursday,0,0,1,0,-2.000138985406532,53.29541348158444,287.75995153320997,1.6166782487838778,1024.0338429464905,1029.1609451007646,10.61,32940.0,0.0,0,0,0,0,0,0,0,0,0,0,0,0,0,0,0,1439
2022-01-07,247178.16,Friday,0,0,1,0,-2.868402777777778,56.746180555555554,289.9646864423138,0.9373611111111111,1025.385,1030.5386805555556,10.63,33240.0,0.0,0,0,0,0,0,0,0,0,0,0,0,0,0,0,0,1440
2022-01-08,211837.68,Saturday,1,0,1,0,-0.7214037526059763,70.84350243224462,154.97427170862903,1.0743571924947881,1020.3883947185545,1025.4748436414177,5.62,12600.0,0.0,0,0,0,0,0,0,0,0,0,0,0,0,0,0,0,1439
2022-01-09,200368.08,Sunday,1,1,1,0,0.9122916666666667,79.85374999999999,274.0468100160083,1.0139583333333333,1017.8747916666666,1022.9195833333333,7.41,17640.0,0.0,0,0,0,0,0,0,0,0,0,0,0,0,0,0,0,1440
2022-01-10,241767.36,Monday,0,0,1,0,-0.4000694927032661,75.10396108408618,296.316199086644,0.9596942321056289,1016.5057678943712,1021.5748436414176,6.61,12300.0,0.5,0,0,0,0,0,0,0,0,0,0,0,0,0,0,0,1439
2022-01-11,257252.4,Tuesday,0,0,1,0,-5.702361111111111,57.56548611111111,300.7406575281324,3.4647671994440583,1016.0269444444444,1021.1916666666667,11.55,33360.0,0.5,0,0,0,0,0,0,0,0,0,0,0,0,0,0,0,1440
2022-01-12,264242.88,Wednesday,0,0,1,0,-7.106736111111112,52.47145833333333,299.93894470626765,1.7820833333333332,1018.6965277777778,1023.9138194444444,11.48,31140.0,0.0,0,0,0,0,0,0,0,0,0,0,0,0,0,0,0,1440
2022-01-13,262342.08,Thursday,0,0,1,0,-5.009930555555556,44.60527777777778,303.84461868370914,3.687638888888889,1017.3091666666667,1022.4597916666668,11.6,33360.0,0.0,0,0,0,0,0,0,0,0,0,0,0,0,0,0,0,1440
2022-01-14,256549.68,Friday,0,0,1,0,-4.736180555555555,42.831319444444446,289.47191098438725,1.5122222222222221,1021.3175694444445,1026.491736111111,11.92,32820.0,0.0,0,0,0,0,0,0,0,0,0,0,0,0,0,0,0,1440
2022-01-15,218862.0,Saturday,1,0,1,0,-0.7571527777777778,54.611875000000005,105.8069209302496,0.8698611111111111,1018.4645138888889,1023.5470138888888,5.09,6600.0,0.0,0,0,0,0,0,0,0,0,0,0,0,0,0,0,0,1440
2022-01-16,209741.76,Sunday,1,1,1,0,-1.1138194444444445,56.932291666666664,281.1121574268699,2.895972222222222,1020.4326388888888,1025.5255555555557,12.14,33600.0,0.0,0,0,0,0,0,0,0,0,0,0,0,0,0,0,0,1440
2022-01-17,264758.4,Monday,0,0,1,0,-4.938958333333334,57.61027777777778,299.40284523604174,2.074027777777778,1023.0178472222221,1028.2029861111112,7.97,17880.0,0.2,0,0,0,0,0,0,0,0,0,0,0,0,0,0,0,1440
2022-01-18,268007.04,Tuesday,0,0,1,0,-5.453749999999999,49.218472222222225,290.08048547835244,1.4940277777777777,1024.0843055555556,1029.2871527777777,12.09,34140.0,0.0,0,0,0,0,0,0,0,0,0,0,0,0,0,0,0,1440
2022-01-19,269020.08,Wednesday,0,0,1,0,-5.335048678720445,75.7183588317107,340.09323756103095,1.6977746870653687,1020.4151599443671,1025.5869958275382,2.84,480.0,0.6,0,0,0,0,1,0,0,0,0,0,0,0,0,0,0,1438
2022-01-20,267415.92,Thursday,0,0,1,0,-5.080486111111111,64.87409722222222,286.696328372604,1.3444444444444446,1024.0902777777778,1029.2874305555556,12.1,33780.0,0.0,0,0,0,0,0,0,0,0,0,0,0,0,0,0,0,1440
2022-01-21,254631.6,Friday,0,0,1,0,-3.557400972897846,60.59617790132036,301.91776661606195,0.9358831710709318,1025.6779708130648,1030.8530924252955,13.11,33900.0,0.0,0,0,0,0,0,0,0,0,0,0,0,0,0,0,0,1439
2022-01-22,216699.12,Saturday,1,0,1,0,-0.408125,58.888819444444444,283.8055783767132,0.9404166666666667,1021.7906944444445,1026.8895138888888,7.5,12480.0,0.0,0,0,0,0,0,0,0,0,0,0,0,0,0,0,0,1440
2022-01-23,203233.68,Sunday,1,1,1,0,2.017107093184979,56.86564673157163,289.00966793275063,1.2354659248956883,1017.7011126564673,1022.7337969401947,9.97,26820.0,0.0,0,0,0,0,0,0,0,0,0,0,0,0,0,0,0,1438
2022-01-24,231581.52,Monday,0,0,1,0,3.6177083333333333,59.335625,100.13174489555182,2.498611111111111,1016.994375,1021.978611111111,11.0,25260.0,0.0,0,0,0,0,0,0,0,0,0,0,0,0,0,0,0,1440
2022-01-25,228846.24,Tuesday,0,0,1,0,3.1515994436717665,81.97058414464534,153.11833314160583,1.9512517385257302,1016.5854659248956,1021.583936022253,1.72,1380.0,0.8,0,0,0,0,0,0,0,0,0,0,0,0,0,0,0,1438
2022-01-26,228848.4,Wednesday,0,0,1,0,1.156219596942321,69.9457956914524,283.5910567603473,1.652328005559416,1019.9158443363447,1024.9712300208478,11.5,29580.0,0.0,0,0,0,0,0,0,0,0,0,0,0,0,0,0,0,1439
2022-01-27,234570.96,Thursday,0,0,1,0,-0.6617361111111111,53.486875000000005,289.652861624885,1.7692147324530925,1020.4915972222221,1025.5722916666668,10.84,31800.0,0.0,0,0,0,0,0,0,0,0,0,0,0,0,0,0,0,1440
2022-01-28,231192.72,Friday,0,0,1,0,-2.218289290681502,51.30897079276774,297.1302156910657,1.950556328233658,1020.5019471488179,1025.623157162726,12.89,32940.0,0.0,0,0,0,0,0,0,0,0,0,0,0,0,0,0,0,1438
2022-01-29,205258.32,Saturday,1,0,1,0,-3.4654166666666666,51.67951388888889,291.8262549764896,2.0502777777777776,1018.048125,1023.1787499999999,13.41,34980.0,0.0,0,0,0,0,0,0,0,0,0,0,0,0,0,0,0,1440
2022-01-30,198295.92,Sunday,1,1,1,0,-3.349513888888889,52.08263888888889,293.23197655256615,1.5861805555555555,1017.6484027777777,1022.7667361111112,13.72,35340.0,0.0,0,0,0,0,0,0,0,0,0,0,0,0,0,0,0,1440
2022-01-31,194860.8,Monday,0,1,1,0,-1.3147222222222223,57.129375,273.2299325919622,1.5309027777777777,1019.5243750000001,1024.6199305555556,12.17,32760.0,0.8,0,0,0,0,1,0,0,0,0,0,0,0,0,0,0,1440
2022-02-01,193368.96,Tuesday,0,1,1,0,-0.5813759555246699,78.40910354412786,278.48080715572536,2.434954829742877,1020.3972202918694,1025.4926337734537,8.14,17700.0,1.3,0,0,0,0,1,0,0,0,0,0,0,0,0,0,0,1439
2022-02-02,202186.08,Wednesday,0,1,1,0,-2.4094444444444445,60.662847222222226,293.06307274860535,2.0486805555555554,1023.9497222222222,1029.1009027777777,14.02,31920.0,0.0,0,0,0,0,0,0,0,0,0,0,0,0,0,0,0,1440
2022-02-03,245718.72,Thursday,0,0,1,0,-2.9675694444444445,54.49673611111111,310.3400957371457,1.848263888888889,1022.6765972222222,1027.825625,14.55,35940.0,0.0,0,0,0,0,0,0,0,0,0,0,0,0,0,0,0,1440
2022-02-04,250731.36,Friday,0,0,1,0,-4.023680555555556,53.86423611111111,306.0104025658694,3.0742899850523164,1020.7740277777779,1025.9295833333333,12.74,30600.0,0.0,0,0,0,0,0,0,0,0,0,0,0,0,0,0,0,1440
2022-02-05,226103.04,Saturday,1,0,1,0,-5.718055555555556,48.888958333333335,302.4220122111679,3.336597222222222,1021.8584722222222,1027.0428472222222,12.94,34680.0,0.0,0,0,0,0,0,0,0,0,0,0,0,0,0,0,0,1440
2022-02-06,215948.16,Sunday,1,1,1,0,-3.6863888888888887,52.908125,313.8586094419136,2.31625,1023.383611111111,1028.5515972222222,14.66,35820.0,0.0,0,0,0,0,0,0,0,0,0,0,0,0,0,0,0,1440
2022-02-07,256266.72,Monday,0,0,1,0,-2.7154861111111113,50.75840277777778,315.2733251805822,1.4349305555555556,1024.0666666666666,1029.214652777778,9.51,18600.0,0.0,0,0,0,0,0,0,0,0,0,0,0,0,0,0,0,1440
2022-02-08,246770.64,Tuesday,0,0,1,0,-0.43988881167477417,56.700069492703264,319.21249807280907,1.2822098679638638,1022.8738012508686,1027.9715774843642,13.44,29880.0,0.0,0,0,0,0,0,0,0,0,0,0,0,0,0,0,0,1439
2022-02-09,240056.64,Wednesday,0,0,1,0,-0.043333333333333335,62.18541666666667,292.1317960710245,0.8558333333333334,1021.2597222222222,1026.3443055555556,12.87,32640.0,0.0,0,0,0,0,0,0,0,0,0,0,0,0,0,0,0,1440
2022-02-10,234589.68,Thursday,0,0,1,0,1.0100694444444445,64.95256944444444,279.4365701685871,1.5941666666666665,1018.7652083333332,1023.8084027777778,13.98,35280.0,0.0,0,0,0,0,0,0,0,0,0,0,0,0,0,0,0,1440
2022-02-11,229574.88,Friday,0,0,1,0,1.8234722222222224,72.15631944444445,304.6162299835611,1.0593055555555557,1021.702361111111,1026.7277777777779,12.19,25440.0,0.0,0,0,0,0,0,0,0,0,0,0,0,0,0,0,0,1440
2022-02-12,199319.04,Saturday,1,0,1,0,3.558888888888889,62.802152777777785,296.4283069726704,1.1250694444444445,1020.4621527777778,1025.4774305555557,14.24,33480.0,0.0,0,0,0,0,0,0,0,0,0,0,0,0,0,0,0,1440
2022-02-13,190116.0,Sunday,1,1,1,0,4.055416666666667,56.83430555555555,331.6970151418435,1.054513888888889,1017.3513888888889,1022.3504166666668,9.89,16500.0,0.0,0,0,0,0,0,0,0,0,0,0,0,0,0,0,0,1440
2022-02-14,228459.6,Monday,0,0,1,0,1.869861111111111,69.23138888888889,275.4423877706166,2.5565972222222224,1015.9570138888889,1020.9811111111111,8.63,13980.0,0.0,0,0,0,0,0,0,0,0,0,0,0,0,0,0,0,1440
2022-02-15,251138.88,Tuesday,0,0,1,0,-3.6682418346073664,60.07435719249479,290.21621585489873,3.9335649756775535,1017.5747046560111,1022.7037526059763,8.41,19320.0,0.0,0,0,0,0,0,0,0,0,0,0,0,0,0,0,0,1439
2022-02-16,262195.92,Wednesday,0,0,1,0,-6.612708333333333,50.539375,302.7359907633636,3.6525000000000003,1019.3116666666667,1024.5097222222223,14.58,32160.0,0.0,0,0,0,0,0,0,0,0,0,0,0,0,0,0,0,1440
2022-02-17,265419.36,Thursday,0,0,1,0,-6.354652777777778,43.963541666666664,295.2069397811643,2.5970138888888887,1023.6318055555556,1028.8484722222222,16.45,37020.0,0.0,0,0,0,0,0,0,0,0,0,0,0,0,0,0,0,1440
2022-02-18,249535.44,Friday,0,0,1,0,-2.2265972222222223,47.15048611111111,273.0149964388141,1.2802640722724115,1025.3559722222224,1030.5041666666666,15.54,33960.0,0.0,0,0,0,0,0,0,0,0,0,0,0,0,0,0,0,1440
2022-02-19,216905.76,Saturday,1,0,1,0,-0.722013888888889,54.90909722222223,293.06563181129627,2.8045138888888888,1019.6225694444445,1024.707013888889,10.45,17580.0,0.0,0,0,0,0,0,0,0,0,0,0,0,0,0,0,0,1440
2022-02-20,220964.4,Sunday,1,1,1,0,-4.298680555555555,44.48722222222222,295.6142975865048,3.6795138888888888,1021.8809722222223,1027.0503472222222,17.25,37860.0,0.0,0,0,0,0,0,0,0,0,0,0,0,0,0,0,0,1440
2022-02-21,262776.96,Monday,0,0,1,0,-2.416527777777778,57.82854166666667,262.5804104994734,3.2506944444444446,1023.4272916666667,1028.5558333333333,12.66,32160.0,0.0,0,0,0,0,0,0,0,0,0,0,0,0,0,0,0,1440
2022-02-22,264555.36,Tuesday,0,0,1,0,-3.7006949270326617,43.69444058373871,301.9950506254782,3.128839471855455,1027.4218207088256,1032.5964558721334,16.9,37620.0,0.0,0,0,0,0,0,0,0,0,0,0,0,0,0,0,0,1439
2022-02-23,268333.92,Wednesday,0,0,1,0,-5.1328005559416265,37.96733842946491,302.27061511846694,2.4456567060458654,1028.6282835302293,1033.8510771369006,17.83,37800.0,0.0,0,0,0,0,0,0,0,0,0,0,0,0,0,0,0,1439
2022-02-24,258502.32,Thursday,0,0,1,0,-3.0368384401114206,51.67311977715878,286.7852773928561,1.8410863509749305,1026.5560584958216,1031.7206128133705,17.73,38040.0,0.0,0,0,0,0,0,0,0,0,0,0,0,0,0,0,0,1436
2022-02-25,238592.16,Friday,0,0,1,0,2.2917303683113275,75.31063238359972,181.26196086161718,1.9617095205003476,1022.4574009728979,1027.5068102849202,11.96,27960.0,0.0,0,0,0,0,0,0,0,0,0,0,0,0,0,0,0,1439
2022-02-26,199058.4,Saturday,1,0,1,0,5.272897845726199,80.03731758165392,198.46286293909503,3.7161223071577485,1014.1115357887422,1019.0500347463517,8.32,7440.0,0.0,0,1,0,0,0,0,0,0,0,0,0,0,0,0,0,1439
2022-02-27,197526.24,Sunday,1,1,1,0,3.661111111111111,59.74777777777778,260.4755416853359,2.697777777777778,1017.1424305555556,1022.1311111111112,17.94,37980.0,0.0,0,0,0,0,0,0,0,0,0,0,0,0,0,0,0,1440
2022-02-28,226316.16,Monday,0,0,0,0,5.392708333333333,59.591249999999995,92.08185751769965,0.9701388888888889,1016.6982638888888,1021.6543750000001,11.81,24840.0,0.0,0,0,0,0,0,0,0,0,0,0,0,0,0,0,0,1440
2022-03-01,200205.36,Tuesday,0,1,0,0,4.845517720639333,80.28846421125782,295.6300067177597,1.9437109103544128,1010.5186935371785,1015.4430854760251,6.85,12120.0,2.9,0,0,0,0,0,0,0,0,0,0,0,0,0,0,0,1439
2022-03-02,234242.64,Wednesday,0,0,0,0,2.545448227936067,63.253509381514945,277.28880313457404,1.8210562890896456,1013.6403752605977,1018.6371785962473,18.82,39300.0,0.0,0,0,0,0,0,0,0,0,0,0,0,0,0,0,0,1439
2022-03-03,226090.08,Thursday,0,0,0,0,4.731223922114047,64.17809457579973,301.7060480537342,1.4028511821974965,1013.6013212795549,1018.5383866481224,17.61,32520.0,0.0,0,0,0,0,0,0,0,0,0,0,0,0,0,0,0,1438
2022-03-04,217520.64,Friday,0,0,0,0,6.677638888888889,64.52201388888889,225.0532169584583,3.486458333333333,1007.8571527777779,1012.7261805555555,11.85,16080.0,0.0,0,1,0,0,0,0,0,0,0,0,0,0,0,0,0,1440
2022-03-05,194434.56,Saturday,1,0,0,0,3.0475,41.62277777777778,284.341535474353,4.5957638888888885,1011.2027777777778,1016.1664583333333,19.51,38340.0,0.0,0,1,0,0,0,0,0,0,0,0,0,0,0,0,0,1440
2022-03-06,192464.64,Sunday,1,1,0,0,1.573870743571925,40.344753300903406,293.3952851586541,2.965531619179986,1017.3490618485059,1022.3931202223766,19.96,39300.0,0.0,0,0,0,0,0,0,0,0,0,0,0,0,0,0,0,1439
2022-03-07,232032.24,Monday,0,0,0,0,1.8603472222222224,58.781597222222224,306.0265550167622,1.037638888888889,1016.5219444444446,1021.5341666666666,15.84,30960.0,0.0,0,0,0,0,0,0,0,0,0,0,0,0,0,0,0,1440
2022-03-08,224234.64,Tuesday,0,0,0,0,4.575938803894298,64.70535465924895,311.5736379482675,1.1549703264094957,1014.9409596662031,1019.9061196105703,17.01,32040.0,0.0,0,0,0,0,0,0,0,0,0,0,0,0,0,0,0,1438
2022-03-09,194362.56,Wednesday,0,1,0,0,5.851388888888889,76.23381944444444,288.2343534713914,1.2112656467315717,1017.4459722222222,1022.3865972222222,17.71,34920.0,0.0,0,0,0,0,0,0,0,0,0,0,0,0,0,0,0,1440
2022-03-10,215066.88,Thursday,0,0,0,0,7.9828472222222215,59.22076388888888,316.097518318231,1.2495833333333335,1016.4710416666667,1021.3760416666667,15.66,30300.0,0.0,0,0,0,0,0,0,0,0,0,0,0,0,0,0,0,1440
2022-03-11,205547.76,Friday,0,0,0,0,9.923680555555556,64.45097222222222,329.46887873119675,0.9553072625698324,1013.9189583333334,1018.7730555555555,11.72,16380.0,0.0,0,0,0,0,0,0,0,0,0,0,0,0,0,0,0,1440
2022-03-12,180604.8,Saturday,1,0,0,0,12.40284722222222,78.33298611111111,186.79634276761388,1.8546907574704656,1010.9633333333333,1015.7327083333334,11.66,16680.0,0.0,0,0,0,0,0,0,0,0,0,0,0,0,0,0,0,1440
2022-03-13,176919.12,Sunday,1,1,0,0,12.134652777777779,94.98104166666667,269.7371318995064,1.611875,1006.6874305555555,1011.4675694444445,1.84,0.0,22.1,0,0,0,0,0,0,0,0,0,0,0,0,0,0,0,1440
2022-03-14,210072.24,Monday,0,0,0,0,8.937222222222223,94.34083333333332,251.91760757800392,2.780902777777778,1007.2254166666668,1012.0534027777777,2.21,0.0,7.9,0,0,0,0,0,0,0,0,0,0,0,0,0,0,0,1440
2022-03-15,212350.32,Tuesday,0,0,0,0,6.421681723419041,79.06275191104935,251.01909971745795,1.343780403057679,1010.1246699096595,1015.0230715774843,16.73,29460.0,0.0,0,0,0,0,0,0,0,0,0,0,0,0,0,0,0,1439
2022-03-16,207652.32,Wednesday,0,0,0,0,8.650069541029207,71.24784422809458,299.75674954485623,1.1354659248956884,1012.0601529902642,1016.9263560500696,17.02,29760.0,0.0,0,0,0,0,0,0,0,0,0,0,0,0,0,0,0,1438
2022-03-17,205304.4,Thursday,0,0,0,0,10.83326359832636,65.4057880055788,113.67336282520175,2.5400278940027894,1014.5241283124129,1019.3672942817294,7.54,300.0,0.1,0,0,0,0,0,0,0,0,0,0,0,0,0,0,0,1434
2022-03-18,204694.56,Friday,0,0,0,0,8.201944444444443,62.22458333333333,82.92781095705409,3.4876388888888887,1007.1083333333333,1011.9600694444445,5.06,0.0,0.5,0,0,0,0,0,0,0,0,0,0,0,0,0,0,0,1440
2022-03-19,190366.56,Saturday,1,0,0,0,3.583113273106324,90.45767894371092,115.52524294318602,1.9769979152189021,1004.3719249478804,1009.2838776928422,2.6,0.0,12.2,0,0,0,0,0,0,0,0,0,0,0,0,0,0,0,1439
2022-03-20,182900.16,Sunday,1,1,0,0,4.514076655052265,77.17588850174215,283.03234521284196,1.868967921896792,1014.3786759581881,1019.3390243902439,16.73,28320.0,0.0,0,0,0,0,0,0,0,0,0,0,0,0,0,0,0,1435
2022-03-21,221815.44,Monday,0,0,0,0,4.439583333333333,54.91791666666667,307.83891440834793,1.4981250000000002,1019.5113194444444,1024.5002083333334,14.4,21300.0,0.0,0,0,0,0,0,0,0,0,0,0,0,0,0,0,0,1440
2022-03-22,217002.96,Tuesday,0,0,0,0,6.173662265462126,54.87560806115358,303.6725021243052,1.8266666666666667,1017.7337039610841,1022.6785267546907,20.68,39300.0,0.0,0,0,0,0,0,0,0,0,0,0,0,0,0,0,0,1439
2022-03-23,220336.56,Wednesday,0,0,0,0,5.523749119097956,62.77019027484143,299.99424405986684,1.2822410147991543,1014.1494714587739,1019.0863284002819,7.66,2340.0,0.0,0,0,0,0,0,0,0,0,0,0,0,0,0,0,0,1419
2022-03-24,216246.96,Thursday,0,0,0,0,7.827152777777778,68.51104166666666,136.13660264200922,1.3530555555555557,1015.1363888888889,1020.0399305555555,8.49,9240.0,0.0,0,0,0,0,0,0,0,0,0,0,0,0,0,0,0,1440
2022-03-25,206230.32,Friday,0,0,0,0,12.038622129436325,67.86200417536534,99.76720561151537,2.377383437717467,1011.4712595685455,1016.2738343771747,10.71,8340.0,8.2,0,0,0,0,0,0,0,0,0,0,0,0,0,0,0,1437
2022-03-26,185523.84,Saturday,1,0,0,0,11.274426685198055,87.5617790132036,253.85541859164732,2.9323141070187635,997.8569145239751,1002.607574704656,7.73,10140.0,20.8,0,0,0,0,0,0,0,0,0,0,0,0,0,0,0,1439
2022-03-27,177999.84,Sunday,1,1,0,0,7.440763888888889,59.182222222222215,283.5739912000778,2.575833333333333,1011.3210416666667,1016.1980555555555,20.98,39900.0,0.0,0,0,0,0,0,0,0,0,0,0,0,0,0,0,0,1440
2022-03-28,210367.44,Monday,0,0,0,0,7.026736111111111,41.43076388888889,341.0421279847216,0.7999291784702549,1021.1193055555556,1026.060763888889,23.36,42480.0,0.0,0,0,0,0,0,0,0,0,0,0,0,0,0,0,0,1440
2022-03-29,206572.32,Tuesday,0,0,0,0,8.952328005559416,58.89798471160528,305.24114808232747,1.5620833333333333,1020.4927727588604,1025.3895066018067,22.23,40860.0,0.0,0,0,0,0,0,0,0,0,0,0,0,0,0,0,0,1439
2022-03-30,206102.16,Wednesday,0,0,0,0,10.051944444444445,78.14020833333333,233.82798497951714,1.4779543197616682,1016.3547222222222,1021.2310416666667,6.27,4860.0,0.0,0,0,0,0,0,0,0,0,0,0,0,0,0,0,0,1440
2022-03-31,203855.76,Thursday,0,0,0,0,10.655208333333333,74.55486111111111,280.3243202672503,2.3027083333333334,1018.9852777777778,1023.8482638888889,15.56,18300.0,0.0,0,0,0,0,0,0,0,0,0,0,0,0,0,0,0,1440
2022-04-01,199278.0,Friday,0,0,0,0,8.733981931897151,60.04551772063933,227.5806171102795,2.000972897845726,1024.3858234885336,1029.304933981932,21.02,39360.0,0.0,0,0,0,0,0,0,0,0,0,0,0,0,0,0,0,1439
2022-04-02,178440.48,Saturday,1,0,0,0,6.942350486787205,60.58018080667594,205.8543810943234,1.9534075104311543,1023.3657162726008,1028.3166203059805,23.16,40800.0,0.0,0,0,0,0,0,0,0,0,0,0,0,0,0,0,0,1438
2022-04-03,172752.48,Sunday,1,1,0,0,8.108106219426976,63.97931516422082,230.25437257461644,1.7920335429769392,1023.6795946890287,1028.613277428372,23.02,41760.0,0.0,0,0,0,0,0,0,0,0,0,0,0,0,0,0,0,1431
2022-04-04,201854.88,Monday,0,0,0,1,8.99797768479777,55.97907949790795,263.17848555161,1.8269177126917715,1023.7125523012553,1028.6219665271965,24.07,41940.0,0.0,0,0,0,0,0,0,0,0,0,0,0,0,0,0,0,1434
2022-04-05,202508.64,Tuesday,0,0,0,1,9.342152777777779,49.508125,263.90024621342604,1.7220833333333334,1018.4556944444444,1023.3450694444443,20.95,35640.0,0.0,0,0,0,0,0,0,0,0,0,0,0,0,0,0,0,1440
2022-04-06,200723.04,Wednesday,0,0,0,1,10.685694444444444,52.51472222222222,260.3392308242358,1.8069492703266157,1017.0629861111111,1021.9181944444445,21.03,32580.0,0.0,0,0,0,0,0,0,0,0,0,0,0,0,0,0,0,1440
2022-04-07,198878.4,Thursday,0,0,0,1,10.407708333333334,50.286319444444445,265.0826328416072,2.3480555555555553,1013.9770833333333,1018.8272916666667,22.79,35700.0,0.0,0,0,0,0,0,0,0,0,0,0,0,0,0,0,0,1440
2022-04-08,195407.28,Friday,0,0,0,1,12.270138888888889,52.45458333333334,218.19415810718635,1.5998611111111112,1014.9418055555556,1019.7586805555555,23.91,43140.0,0.0,0,0,0,0,0,0,0,0,0,0,0,0,0,0,0,1440
2022-04-09,175611.6,Saturday,1,0,0,1,17.185555555555556,45.91,188.93176312723733,2.563263888888889,1010.759861111111,1015.458611111111,19.31,30900.0,1.3,0,0,0,0,0,0,0,0,0,0,0,0,0,0,0,1440
2022-04-10,169369.2,Sunday,1,1,0,1,17.25038274182324,51.871468336812804,260.0609463875578,1.6700069589422408,1012.0713987473905,1016.7683368128045,23.16,41700.0,0.0,0,0,0,0,0,0,0,0,0,0,0,0,0,0,0,1437
2022-04-11,198012.24,Monday,0,0,0,1,18.579928315412186,65.21518105849582,260.0734780031879,1.5873955431754874,1009.0171309192201,1013.6824512534819,22.46,40380.0,0.0,0,0,0,0,0,0,0,0,0,0,0,0,0,0,0,1436
2022-04-12,206801.28,Tuesday,0,0,0,1,18.34503127171647,80.70771369006253,261.29628411124884,2.417373175816539,1006.6040305767895,1011.2460736622655,18.52,29400.0,0.0,0,0,0,0,0,0,0,0,0,0,0,0,0,0,0,1439
2022-04-13,197393.76,Wednesday,0,0,0,1,11.810006949270326,85.41028492008338,76.33759025529451,2.736692147324531,1009.6251563585824,1014.4000000000001,1.67,0.0,9.5,0,0,0,0,0,0,0,0,0,0,0,0,0,0,0,1439
2022-04-14,195830.64,Thursday,0,0,0,1,11.082381615598885,66.46142061281337,94.6446410350826,3.5942857142857143,1013.8368384401114,1018.6729805013927,8.63,1080.0,1.2,0,0,0,0,0,0,0,0,0,0,0,0,0,0,0,1436
2022-04-15,188593.2,Friday,0,0,0,1,11.783379694019471,55.830389429763564,328.65328903407146,2.1523643949930458,1013.5627260083448,1018.3800417246175,24.91,42240.0,0.0,0,0,0,0,0,0,0,0,0,0,0,0,0,0,0,1438
2022-04-16,169333.92,Saturday,1,0,0,1,11.478581363004173,56.93783031988874,274.2788271542946,2.081432545201669,1013.5752433936021,1018.3891515994437,25.63,44220.0,0.0,0,0,0,0,0,0,0,0,0,0,0,0,0,0,0,1438
2022-04-17,165630.96,Sunday,1,1,0,1,12.004444444444445,61.275763888888896,215.024829201623,1.7377777777777779,1014.1147916666667,1018.9200000000001,24.93,40800.0,0.0,0,0,0,0,0,0,0,0,0,0,0,0,0,0,0,1440
2022-04-18,194077.44,Monday,0,0,0,1,13.77625,50.78131944444445,236.06899824714753,1.744375,1013.8881944444445,1018.6741666666667,19.7,28260.0,0.0,0,0,0,0,0,0,0,0,0,0,0,0,0,0,0,1440
2022-04-19,194514.48,Tuesday,0,0,0,1,13.178611111111111,59.28388888888889,273.6594492603228,1.7501388888888887,1013.3647222222222,1018.1519444444444,24.6,43440.0,0.0,0,0,0,0,0,0,0,0,0,0,0,0,0,0,0,1440
2022-04-20,194001.84,Wednesday,0,0,0,1,13.898679638637944,57.338568450312714,272.7200659955047,1.729673384294649,1011.9576094510077,1016.718276580959,25.22,43860.0,0.0,0,0,0,0,0,0,0,0,0,0,0,0,0,0,0,1439
2022-04-21,192870.72,Thursday,0,0,0,1,14.726059763724809,54.1638637943016,244.8933877868966,1.993815149409312,1008.0314801945796,1012.7558026407228,19.29,32880.0,0.0,0,0,0,0,0,0,0,0,0,0,0,0,0,0,0,1439
2022-04-22,190756.08,Friday,0,0,0,1,15.10597222222222,73.67652777777778,214.41953148445265,2.848263888888889,1006.4750694444446,1011.1802083333333,6.08,240.0,0.0,0,0,0,0,0,0,0,0,0,0,0,0,0,0,0,1440
2022-04-23,173910.96,Saturday,1,0,0,0,16.142500000000002,62.71076388888889,262.7695338326475,1.1749305555555556,1007.9784722222222,1012.669375,20.71,33060.0,0.0,0,0,0,0,0,0,0,0,0,0,0,0,0,0,0,1440
2022-04-24,172913.04,Sunday,1,1,0,0,17.42173611111111,73.529375,270.1090819608795,1.7382638888888888,1007.1514583333334,1011.82375,20.98,28920.0,0.0,0,0,0,0,0,0,0,0,0,0,0,0,0,0,0,1440
2022-04-25,211379.76,Monday,0,0,0,0,19.730416666666667,78.83291666666666,153.83928935255918,1.2294444444444446,1006.8860416666666,1011.5078472222223,10.33,5340.0,4.2,0,0,0,0,0,0,0,0,0,0,0,0,0,0,0,1440
2022-04-26,216390.24,Tuesday,0,0,0,0,19.403819444444444,75.05402777777778,320.81081133699337,2.7422222222222223,998.950625,1003.5543055555555,21.58,27060.0,12.0,0,0,0,0,0,0,0,0,0,0,0,0,0,0,0,1440
2022-04-27,201808.08,Wednesday,0,0,0,0,16.377361111111114,35.30041666666666,294.15259179598206,2.4558333333333335,1009.9988888888888,1014.7009722222222,25.42,42420.0,0.0,0,0,0,0,0,0,0,0,0,0,0,0,0,0,0,1440
2022-04-28,201245.76,Thursday,0,0,0,0,15.851458333333332,56.31645833333333,205.7009112091214,1.7813194444444445,1011.9057638888889,1016.6261111111112,21.73,30300.0,0.0,0,0,0,0,0,0,0,0,0,0,0,0,0,0,0,1440
2022-04-29,194979.6,Friday,0,0,0,0,13.67032661570535,67.95990271021543,72.18015995129106,2.480611535788742,1011.7625434329395,1016.5339819318971,11.1,6660.0,14.2,0,0,0,0,0,0,0,0,0,0,0,0,0,0,0,1439
2022-04-30,170413.92,Saturday,1,0,0,0,12.927430555555556,66.29194444444444,219.3208187660995,2.863263888888889,1013.6868750000001,1018.4663194444445,17.36,16800.0,0.0,0,0,0,0,0,0,0,0,0,0,0,0,0,0,0,1440
2022-05-01,162979.2,Sunday,1,1,0,0,12.74986111111111,59.72541666666667,249.84384118252717,2.95125,1009.4190972222223,1014.1978472222222,26.36,38400.0,0.0,0,0,0,0,0,0,0,0,0,0,0,0,0,0,0,1440
2022-05-02,191193.12,Monday,0,0,0,0,13.087361111111111,63.007361111111116,263.0222394266531,2.2728283530229327,1009.2892361111111,1014.0488888888888,23.97,37860.0,0.0,0,0,0,0,0,0,0,0,0,0,0,0,0,0,0,1440
2022-05-03,194564.16,Tuesday,0,0,0,0,13.833611111111113,54.34979166666666,223.13702131492175,1.8480555555555553,1014.7213194444444,1019.4991666666667,26.7,45540.0,0.0,0,0,0,0,0,0,0,0,0,0,0,0,0,0,0,1440
2022-05-04,197357.04,Wednesday,0,0,0,0,16.69611111111111,44.56583333333334,193.10341730647684,2.2438194444444446,1014.758611111111,1019.4846527777777,26.01,45000.0,0.0,0,0,0,0,0,0,0,0,0,0,0,0,0,0,0,1440
2022-05-05,175877.28,Thursday,0,1,0,0,17.341944444444444,53.783750000000005,278.87660133232464,1.6405555555555555,1014.5619444444444,1019.2800694444445,27.26,45960.0,0.0,0,0,0,0,0,0,0,0,0,0,0,0,0,0,0,1440
2022-05-06,201167.28,Friday,0,0,0,0,18.385347222222222,71.590625,275.52086640381765,1.9833333333333334,1012.3047916666666,1016.9861805555556,22.96,41640.0,0.0,0,0,0,0,0,0,0,0,0,0,0,0,0,0,0,1440
2022-05-07,178043.04,Saturday,1,0,0,0,16.952083333333334,69.06472222222222,269.167138252178,2.6284027777777776,1012.8046527777777,1017.5184722222223,20.77,26460.0,0.0,0,0,0,0,0,0,0,0,0,0,0,0,0,0,0,1440
2022-05-08,162509.76,Sunday,1,1,0,0,15.394375,50.72680555555556,82.4412267444522,2.4384027777777777,1014.6820833333333,1019.434375,7.08,0.0,2.4,0,0,0,0,0,0,0,0,0,0,0,0,0,0,0,1440
2022-05-09,197493.84,Monday,0,0,0,0,16.77951388888889,60.407777777777774,75.3511038839462,1.9721527777777779,1013.8010416666667,1018.5198611111111,28.14,45780.0,0.0,0,0,0,0,0,0,0,0,0,0,0,0,0,0,0,1440
2022-05-10,199892.88,Tuesday,0,0,0,0,17.886666666666667,49.01972222222222,200.841052445244,1.9824183460736622,1012.0652777777777,1016.7434027777778,26.21,34020.0,0.0,0,0,0,0,0,0,0,0,0,0,0,0,0,0,0,1440
2022-05-11,202349.52,Wednesday,0,0,0,0,17.905486111111113,56.206805555555555,263.0547863501285,1.817638888888889,1011.0248611111111,1015.6952777777777,22.81,32460.0,0.0,0,0,0,0,0,0,0,0,0,0,0,0,0,0,0,1440
2022-05-12,209551.68,Thursday,0,0,0,0,18.977083333333333,61.01347222222222,267.0976323235461,1.702638888888889,1007.1864583333333,1011.82375,25.66,42000.0,0.0,0,0,0,0,0,0,0,0,0,0,0,0,0,0,0,1440
2022-05-13,203354.64,Friday,0,0,0,0,18.681319444444444,55.361805555555556,271.19972477893594,2.052013888888889,1003.4465277777778,1008.0872916666666,15.79,23400.0,0.0,0,0,0,0,0,0,0,0,0,0,0,0,0,0,0,1440
2022-05-14,176749.92,Saturday,1,0,0,0,14.819595536959554,55.78179916317992,268.93737573006536,3.054881450488145,1008.0495118549512,1012.7833333333334,22.58,40380.0,0.0,0,0,0,0,0,0,0,0,0,0,0,0,0,0,0,1434
2022-05-15,167070.96,Sunday,1,1,0,0,14.730854760250175,44.63988881167477,287.70562176136866,2.462890896455872,1010.1690062543432,1014.8999305072967,28.74,46260.0,0.0,0,0,0,0,0,0,0,0,0,0,0,0,0,0,0,1439
2022-05-16,198337.68,Monday,0,0,0,0,16.115712290502795,53.034776536312854,210.88973694233368,2.452094972067039,1007.636592178771,1012.3280726256984,27.7,46320.0,0.0,0,0,0,0,0,0,0,0,0,0,0,0,0,0,0,1432
2022-05-17,211626.72,Tuesday,0,0,0,0,19.09486111111111,57.97222222222222,200.39202746174087,2.21,1008.6454166666666,1013.2929861111111,26.37,45600.0,0.0,0,0,0,0,0,0,0,0,0,0,0,0,0,0,0,1440
2022-05-18,213486.48,Wednesday,0,0,0,0,20.047569444444445,55.75666666666667,186.6881441392002,2.6763194444444447,1011.4756249999999,1016.12,18.2,29400.0,0.5,0,0,0,0,0,0,0,0,0,0,0,0,0,0,0,1440
2022-05-19,213652.08,Thursday,0,0,0,0,19.821944444444444,47.58027777777778,207.74160282855897,3.0039583333333333,1012.4045833333334,1017.0525,18.86,30780.0,0.0,0,0,0,0,0,0,0,0,0,0,0,0,0,0,0,1440
2022-05-20,213353.28,Friday,0,0,0,0,19.46847222222222,56.10138888888889,239.10736944513167,1.9523280055594163,1009.7136805555555,1014.354375,23.85,33840.0,0.0,0,0,0,0,0,0,0,0,0,0,0,0,0,0,0,1440
2022-05-21,194945.04,Saturday,1,0,0,0,19.139305555555556,76.57979166666667,262.5535189298677,2.317152777777778,1005.7568749999999,1010.3956944444445,24.84,38400.0,0.0,0,0,0,0,0,0,0,0,0,0,0,0,0,0,0,1440
2022-05-22,190226.16,Sunday,1,1,0,0,19.379986101459345,74.79305072967338,265.0610310189114,2.162334954829743,1003.7617790132036,1008.3760250173732,25.51,40800.0,0.0,0,0,0,0,0,0,0,0,0,0,0,0,0,0,0,1439
2022-05-23,230928.48,Monday,0,0,0,0,21.644483240223465,68.69888268156424,233.6282950507217,1.9637569832402233,1007.5157821229051,1012.1108938547486,25.57,41580.0,0.0,0,0,0,0,0,0,0,0,0,0,0,0,0,0,0,1432
2022-05-24,231843.6,Tuesday,0,0,0,0,21.077083333333334,64.53243055555555,272.28563262014995,1.7054861111111113,1010.0013194444443,1014.6166666666667,27.33,43020.0,0.0,0,0,0,0,0,0,0,0,0,0,0,0,0,0,0,1440
2022-05-25,227832.48,Wednesday,0,0,0,0,19.560138888888886,77.03472222222223,264.85489876486963,2.1054166666666667,1005.1674305555556,1009.7797222222223,21.37,31380.0,0.0,0,0,0,0,0,0,0,0,0,0,0,0,0,0,0,1440
2022-05-26,216416.88,Thursday,0,0,0,0,18.16888888888889,63.91673611111111,246.06430305950633,2.99875,1000.6181250000001,1005.2411805555556,27.49,42600.0,0.0,0,0,0,0,0,0,0,0,0,0,0,0,0,0,0,1440
2022-05-27,216236.16,Friday,0,0,0,0,18.910562890896454,64.94058373870743,262.849291411275,2.92314107018763,997.3281445448227,1001.9307852675469,28.58,46020.0,0.0,0,0,0,0,0,0,0,0,0,0,0,0,0,0,0,1439
2022-05-28,200246.4,Saturday,1,0,0,0,21.43715277777778,56.296597222222225,211.87112904502283,2.5100000000000002,1001.0104166666666,1005.5925694444445,26.81,46800.0,0.0,0,0,0,0,0,0,0,0,0,0,0,0,0,0,0,1440
2022-05-29,195306.48,Sunday,1,1,0,0,21.689027777777778,64.81145833333333,233.1145888617088,1.7510771369006255,1001.1962500000001,1005.7622916666667,21.94,29580.0,0.0,0,0,0,0,0,0,0,0,0,0,0,0,0,0,0,1440
2022-05-30,226703.52,Monday,0,0,0,1,19.970347222222223,79.17541666666668,281.3983903403862,1.9814583333333335,998.3675,1002.9545833333334,8.53,420.0,0.4,0,0,0,0,0,0,0,0,0,0,0,0,0,0,0,1440
2022-05-31,220474.08,Tuesday,0,0,0,1,19.33643949930459,56.81098748261474,247.68150591693552,1.8061891515994437,1003.5972878998608,1008.2070236439499,27.26,46380.0,0.0,0,0,0,0,0,0,0,0,0,0,0,0,0,0,0,1438
2022-06-01,196259.04,Wednesday,0,1,0,1,21.41715277777778,40.973194444444445,236.47740587188974,2.4706944444444447,1002.1506944444444,1006.7335416666667,29.03,48120.0,0.0,0,0,0,0,0,0,0,0,0,0,0,0,0,0,0,1440
2022-06-02,223103.52,Thursday,0,0,0,1,19.762708333333332,73.31180555555555,256.22240849300465,1.9494444444444443,1003.37,1007.9714583333333,26.04,42060.0,0.0,0,0,0,0,0,0,0,0,0,0,0,0,0,0,0,1440
2022-06-03,232170.48,Friday,0,0,0,1,22.863819444444445,69.00527777777778,260.66683666349587,1.8070833333333332,1005.3265972222223,1009.8845833333334,26.22,38640.0,0.0,0,0,0,0,0,0,0,0,0,0,0,0,0,0,0,1440
2022-06-04,210073.68,Saturday,1,0,0,1,24.20486111111111,62.53958333333333,130.5485930737812,1.7804861111111112,1005.6424999999999,1010.181736111111,18.04,25860.0,0.0,0,0,0,0,0,0,0,0,0,0,0,0,0,0,0,1440
2022-06-05,189088.56,Sunday,1,1,0,1,21.922638888888887,58.95895833333333,112.3552846899812,3.0725694444444445,999.0680555555556,1003.6182638888889,6.7,0.0,0.3,0,0,0,0,0,0,0,0,0,0,0,0,0,0,0,1440
2022-06-06,191009.52,Monday,0,1,0,1,19.591123836793127,70.409520400859,46.680216027996224,1.9468861846814605,997.0359341445956,1001.6163206871869,13.72,16620.0,3.1,0,0,0,0,0,0,0,0,0,0,0,0,0,0,0,1397
2022-06-07,211182.48,Tuesday,0,0,0,1,19.966549047282992,54.922371206774876,129.7154886806075,2.3798870853916725,1002.9511644318984,1007.5570218772054,19.81,27540.0,0.0,0,0,0,0,0,0,0,0,0,0,0,0,0,0,0,1417
2022-06-08,220646.88,Wednesday,0,0,0,1,20.55262411347518,66.45560283687942,189.27874788415758,2.1848828956706883,1006.8957446808511,1011.4948226950354,19.56,34200.0,0.0,0,0,0,0,0,0,0,0,0,0,0,0,0,0,0,1410
2022-06-09,221247.36,Thursday,0,0,0,1,20.763819444444444,74.64361111111111,268.5038759472134,1.4919444444444445,1008.8395833333333,1013.4619444444444,14.3,19740.0,0.0,0,0,0,0,0,0,0,0,0,0,0,0,0,0,0,1440
2022-06-10,221782.32,Friday,0,0,0,1,21.324166666666667,75.36333333333333,310.61859959495075,1.6143055555555554,1009.4622916666666,1014.073125,16.93,21720.0,0.0,0,0,0,0,0,0,0,0,0,0,0,0,0,0,0,1440
2022-06-11,204745.68,Saturday,1,0,0,1,24.162543432939543,55.38186240444753,338.9583863792701,1.8992355802640724,1007.7977762334955,1012.365809589993,25.28,43620.0,0.0,0,0,0,0,0,0,0,0,0,0,0,0,0,0,0,1439
2022-06-12,197902.8,Sunday,1,1,0,1,23.650208333333335,59.02055555555556,140.02306296317033,2.2975,1007.9272222222222,1012.4900694444444,22.93,33900.0,0.0,0,0,0,0,0,0,0,0,0,0,0,0,0,0,0,1440
2022-06-13,232023.6,Monday,0,0,0,1,24.669097222222224,53.20597222222223,132.2760280674895,2.906736111111111,1004.8134722222221,1009.3472916666667,25.1,39660.0,0.0,0,0,0,0,0,0,0,0,0,0,0,0,0,0,0,1440
2022-06-14,228620.16,Tuesday,0,0,0,1,21.486319444444444,48.578263888888884,106.71071850464315,4.245416666666666,1004.4609722222223,1009.0352083333333,17.95,22140.0,0.5,0,0,0,0,0,0,0,0,0,0,0,0,0,0,0,1440
2022-06-15,220716.72,Wednesday,0,0,0,1,17.895069444444445,89.16624999999999,98.12729475289214,1.9702777777777776,1001.9849999999999,1006.6322916666667,6.38,360.0,52.7,0,0,0,0,0,0,0,0,0,0,0,0,0,0,0,1440
2022-06-16,225991.44,Thursday,0,0,0,1,20.104861111111113,75.67041666666667,258.49897850873356,2.057986111111111,1003.7484027777778,1008.3396527777778,15.31,19140.0,0.1,0,0,0,0,0,0,0,0,0,0,0,0,0,0,0,1440
2022-06-17,228423.6,Friday,0,0,0,1,21.47138888888889,75.35083333333333,238.31263369687304,1.3256944444444445,1003.9552777777778,1008.5402083333332,12.71,3720.0,0.0,0,0,0,0,0,0,0,0,0,0,0,0,0,0,0,1440
2022-06-18,206863.92,Saturday,1,0,1,0,23.273819444444445,77.1920138888889,260.8446353335954,1.2603891591382905,1003.3909027777777,1007.9380555555556,8.87,6660.0,0.0,0,0,0,0,0,0,0,0,0,0,0,0,0,0,0,1440
2022-06-19,202568.4,Sunday,1,1,1,0,23.403611111111108,77.39111111111112,241.70984642973906,1.3524305555555556,1003.6290277777778,1008.1778472222223,7.08,600.0,0.0,0,0,0,0,0,0,0,0,0,0,0,0,0,0,0,1440
2022-06-20,243031.68,Monday,0,0,1,0,24.71501042390549,72.59145239749827,277.7562545697039,1.2715079916608756,1000.67574704656,1005.1991660875609,16.45,15420.0,0.0,0,0,0,0,0,0,0,0,0,0,0,0,0,0,0,1439
2022-06-21,253154.16,Tuesday,0,0,1,0,24.644444444444446,73.51715277777778,266.86949859060996,1.9728472222222222,999.6454861111112,1004.1596527777778,26.27,44700.0,0.0,0,0,0,0,0,0,0,0,0,0,0,0,0,0,0,1440
2022-06-22,246504.96,Wednesday,0,0,1,0,24.406045865184158,72.26539263377344,254.71064183716578,1.543849895760945,1003.1678248783878,1007.7075052119528,19.79,21360.0,0.0,0,0,0,0,0,0,0,0,0,0,0,0,0,0,0,1439
2022-06-23,247782.96,Thursday,0,0,1,0,24.097916666666666,87.42993055555556,200.84684802218385,2.623611111111111,996.539375,1001.0577777777778,3.91,0.0,65.1,0,0,0,0,0,0,0,0,0,0,0,0,0,1,0,1440
2022-06-24,240084.0,Friday,0,0,1,0,23.42388888888889,78.44767199444058,246.76727706943066,3.173125,993.7340277777778,998.2447222222222,14.35,19560.0,15.4,0,0,0,0,0,0,0,0,0,0,0,0,0,1,0,1440
2022-06-25,223320.24,Saturday,1,0,1,0,26.197847222222222,68.973125,216.41475066952307,2.5299305555555556,999.7229166666667,1004.2045833333334,19.86,28740.0,0.0,0,0,0,0,0,0,0,0,0,0,0,0,0,0,0,1440
2022-06-26,215949.6,Sunday,1,1,1,0,27.032152777777778,62.32765809589993,191.50960175087397,2.6345833333333335,1003.9704166666666,1008.4692361111111,7.17,2340.0,0.0,0,0,0,0,0,0,0,0,0,0,0,0,0,0,0,1440
2022-06-27,261400.32,Monday,0,0,1,0,27.616886726893675,61.754551772063934,177.43891531744958,2.8987491313412095,1003.0547602501738,1007.5456567060459,6.92,240.0,3.4,0,1,0,0,0,0,0,0,0,0,0,0,0,0,0,1439
2022-06-28,269110.08,Tuesday,0,0,1,0,28.44794996525365,53.223488533703964,206.69424253173958,5.691521890201529,998.7902015288396,1003.2328005559416,8.93,3180.0,0.0,0,1,0,0,0,0,0,0,0,0,0,0,0,0,0,1439
2022-06-29,261995.04,Wednesday,0,0,1,0,25.819791666666667,74.48402777777778,206.62199956146546,3.7219444444444445,1000.2779861111111,1004.7779861111111,5.25,180.0,44.9,0,1,0,0,0,0,0,0,0,0,0,0,1,1,0,1440
2022-06-30,247272.48,Thursday,0,0,1,0,23.97354166666667,90.58659722222222,162.32871489266205,1.8429861111111112,1005.9810416666667,1010.5317361111111,4.8,300.0,285.0,0,0,0,0,0,0,0,0,0,0,0,0,1,0,0,1440
2022-07-01,255717.36,Friday,0,0,1,0,27.271805555555556,79.5338888888889,228.7372481487347,1.7313888888888889,1009.9555555555555,1014.4830555555557,22.73,39120.0,5.4,0,0,0,0,0,0,0,0,0,1,0,0,0,0,0,1440
2022-07-02,234227.52,Saturday,1,0,1,0,27.957847222222224,70.27475800446761,275.94226205324867,1.3383599722029187,1008.5581944444444,1013.0592361111111,25.34,45300.0,0.0,0,0,0,0,0,0,0,0,0,1,0,0,0,0,0,1440
2022-07-03,227922.48,Sunday,1,1,1,0,28.398402777777775,61.51285819250551,264.8012701772566,1.3515277777777779,1004.6120138888889,1009.0874305555554,25.06,42300.0,0.0,0,0,0,0,0,0,0,0,0,1,0,0,0,0,0,1440
2022-07-04,270173.52,Monday,0,0,1,0,28.735535465924894,65.44718460441909,278.3032124221775,1.477731384829506,1001.247287899861,1005.7006258692629,18.76,26640.0,0.0,0,0,0,0,0,0,0,0,0,1,0,0,0,0,0,1438
2022-07-05,274975.2,Tuesday,0,0,1,0,28.046004169562195,77.88401667824878,257.2976493715124,1.3436717663421418,1000.8506601806811,1005.3126476719943,18.68,21960.0,0.0,0,0,0,0,0,0,0,0,0,1,0,0,0,0,0,1439
2022-07-06,281522.88,Wednesday,0,0,1,0,29.276944444444446,76.40743055555555,142.2098346747678,1.8822222222222222,1002.6689583333334,1007.1231250000001,18.29,18360.0,23.5,0,0,0,0,0,0,0,0,0,1,0,0,0,0,0,1440
2022-07-07,286266.96,Thursday,0,0,1,0,28.829444444444444,80.83493055555556,191.54276460486886,2.9095205003474636,1001.3763194444443,1005.8283333333334,11.54,8040.0,0.0,0,0,0,0,0,0,0,0,0,1,0,0,0,0,0,1440
2022-07-08,272552.4,Friday,0,0,1,0,26.73951388888889,82.53951388888889,261.0771893747236,2.4599305555555557,998.9127777777777,1003.3890277777778,16.26,17520.0,0.2,0,0,0,0,0,0,0,0,0,0,0,0,0,0,0,1440
2022-07-09,239253.12,Saturday,1,0,1,0,26.32138888888889,83.4798611111111,262.7178655851346,1.7765809589993051,998.574375,1003.0459722222222,17.2,13620.0,0.0,0,0,0,0,0,0,0,0,0,1,0,0,0,0,0,1440
2022-07-10,239071.68,Sunday,1,1,1,0,28.20194579569145,72.88790826963168,258.71573205307345,1.24954829742877,1000.4931202223767,1004.9528839471856,23.79,33240.0,0.0,0,0,0,0,0,0,0,0,0,1,0,0,0,0,0,1439
2022-07-11,269927.28,Monday,0,0,1,0,26.40590277777778,80.02027777777778,166.84134277824106,1.6820708825573314,1001.5734027777778,1006.0521527777778,14.16,10440.0,0.7,0,0,0,0,0,0,0,0,0,0,0,0,0,0,0,1440
2022-07-12,273082.32,Tuesday,0,0,1,0,27.464236111111113,72.57284722222222,111.98172142227578,1.7568055555555557,1003.3053472222222,1007.7792361111112,14.12,8700.0,0.0,0,0,0,0,0,0,0,0,0,0,0,0,0,0,0,1440
2022-07-13,266561.28,Wednesday,0,0,1,0,25.16125,94.33680555555556,149.84169804649565,2.4234027777777776,998.6122916666666,1003.1122916666666,1.12,0.0,139.1,0,0,0,0,0,0,0,0,0,0,0,0,1,1,0,1440
2022-07-14,268444.08,Thursday,0,0,1,0,25.083125,90.89680555555556,262.97297528296366,2.125138888888889,996.0344444444445,1000.5218055555555,14.71,14040.0,0.8,0,0,0,0,0,0,0,0,0,0,0,0,0,0,0,1440
2022-07-15,261270.0,Friday,0,0,1,0,25.376180555555553,81.83395833333333,252.7110139072081,1.9059027777777777,996.0535416666668,1000.5238194444445,24.19,38640.0,0.0,0,0,0,0,0,0,0,0,0,0,0,0,0,0,0,1440
2022-07-16,234786.96,Saturday,1,0,1,0,25.503888888888888,81.24881944444445,238.321316472645,2.345138888888889,994.3945138888889,998.8662499999999,22.39,33600.0,0.0,0,0,0,0,0,0,0,0,0,0,0,0,0,0,0,1440
2022-07-17,224296.56,Sunday,1,1,1,0,25.379358437935842,79.45648535564854,249.14634013533328,1.6714783821478383,996.5407252440724,1001.0156903765691,18.48,20700.0,0.0,0,0,0,0,0,0,0,0,0,0,0,0,0,0,0,1434
2022-07-18,259493.76,Monday,0,0,1,0,25.63741307371349,80.98678720445062,128.844403917421,1.8805285118219748,995.3696105702364,999.8509040333797,11.81,5640.0,0.0,0,0,0,0,0,0,0,0,0,0,0,0,0,0,0,1438
2022-07-19,271418.4,Tuesday,0,0,1,0,26.195069444444446,81.92069444444445,256.8673431780763,1.9264583333333332,997.9782638888888,1002.4492361111111,22.84,29460.0,0.0,0,0,0,0,0,0,0,0,0,0,0,0,0,0,0,1440
2022-07-20,270265.68,Wednesday,0,0,1,0,26.985138888888887,77.34125,264.77538619821536,1.5015972222222222,1002.141388888889,1006.62125,19.6,22320.0,0.6,0,0,0,0,0,0,0,0,0,0,0,0,0,0,0,1440
2022-07-21,256294.08,Thursday,0,0,1,0,23.641597222222224,89.12430555555555,342.89851440438855,1.9211111111111112,997.7894444444445,1002.307013888889,6.35,1320.0,12.4,0,0,0,0,0,0,0,0,0,0,0,0,0,0,0,1440
2022-07-22,260489.52,Friday,0,0,1,0,25.142430555555556,82.58833333333334,272.4140430190537,2.0975694444444444,1001.5309722222223,1006.0309722222223,16.41,15060.0,0.1,0,0,0,0,0,0,0,0,0,0,0,0,0,0,0,1440
2022-07-23,231402.96,Saturday,1,0,1,0,24.595069444444444,88.10909722222223,134.27988771397818,1.6081944444444445,1000.7886111111112,1005.3046527777777,9.85,240.0,25.7,0,0,0,0,0,0,0,0,0,0,0,0,0,0,0,1440
2022-07-24,226938.96,Sunday,1,1,1,0,25.499166666666667,88.44152777777778,141.95818579089732,1.6348611111111109,997.9338888888889,1002.43,10.2,3900.0,0.4,0,0,0,0,0,0,0,0,0,0,0,0,0,0,0,1440
2022-07-25,269470.08,Monday,0,0,1,0,26.72717770034843,81.20947735191638,260.4588602156831,1.655997210599721,1004.2852264808363,1008.7781184668991,22.98,40200.0,0.0,0,0,0,0,0,0,0,0,0,1,0,0,0,0,0,1435
2022-07-26,278691.12,Tuesday,0,0,1,0,28.12071378586424,75.7772568229531,232.95996108519486,1.4015395381385585,1005.1750174947516,1009.6510846745975,24.15,42900.0,0.0,0,0,0,0,0,0,0,0,0,1,0,0,0,0,0,1429
2022-07-27,279057.6,Wednesday,0,0,1,0,28.072013888888886,73.05868055555555,132.35883899241446,1.9538568450312717,1005.3633333333333,1009.8540972222222,18.67,26640.0,0.0,0,0,0,0,0,0,0,0,0,1,0,0,0,0,0,1440
2022-07-28,279902.16,Thursday,0,0,1,0,28.72189020152884,68.91917998610145,124.3458890681627,2.5529534398888116,1006.4557331480195,1010.9325920778318,24.62,42780.0,0.3,0,0,0,0,0,0,0,0,0,1,0,0,0,0,0,1439
2022-07-29,287712.72,Friday,0,0,1,0,30.20847222222222,71.52381944444444,129.4336340873075,1.7952744961779015,1007.6543055555555,1012.1196527777778,22.4,38700.0,0.0,0,0,0,0,0,0,0,0,1,1,0,0,0,0,0,1440
2022-07-30,263669.76,Saturday,1,0,1,0,31.11659722222222,62.99743055555556,112.50658925197973,3.152222222222222,1005.2576388888889,1009.7033333333334,21.65,36360.0,0.0,0,0,0,0,0,0,0,0,1,0,0,0,0,0,0,1440
2022-07-31,243749.52,Sunday,1,1,1,0,27.495,86.20125,97.96065736359496,2.466018068102849,1002.1228472222222,1006.619375,4.92,0.0,33.8,0,0,0,0,0,0,0,0,0,0,0,0,0,0,0,1440
2022-08-01,289877.04,Monday,0,0,1,0,28.626149208741523,83.5224566691786,112.59145410980912,2.926525998492841,1001.2364732479277,1005.6875659382064,15.0,13920.0,37.3,0,0,0,0,0,0,0,0,0,0,0,0,0,0,0,1327
2022-08-02,284224.32,Tuesday,0,0,1,0,27.42923611111111,90.56909722222223,175.52528373694136,2.6187630298818623,1004.1344444444445,1008.6329166666666,7.71,3180.0,5.0,0,0,0,0,0,0,0,0,0,0,0,0,0,0,0,1440
2022-08-03,285446.88,Wednesday,0,0,1,0,28.098027937551358,87.59334428923583,260.5854385398277,2.4686935086277733,1006.0532456861134,1010.5515201314707,15.68,23280.0,12.6,0,0,0,0,0,0,0,0,0,1,0,0,0,0,0,1217
2022-08-04,289987.2,Thursday,0,0,1,0,28.704097222222224,83.95402777777778,265.3104412538003,1.9649305555555556,1005.549375,1010.0240972222222,23.25,41340.0,0.0,0,0,0,0,0,0,0,0,0,1,0,0,0,0,0,1440
2022-08-05,288475.92,Friday,0,0,1,0,28.62159722222222,86.48923611111111,242.48478995086577,1.9240277777777777,1002.3036805555556,1006.765625,18.26,27000.0,0.4,0,0,0,0,0,0,0,0,0,1,0,0,0,0,0,1440
2022-08-06,259935.12,Saturday,1,0,1,0,28.734166666666663,88.64145833333333,254.663067694865,1.2429861111111111,1001.8295138888889,1006.2875694444446,11.26,6780.0,6.9,0,0,0,0,0,0,0,0,0,1,0,0,0,0,0,1440
2022-08-07,252616.32,Sunday,1,1,1,0,29.143194444444443,84.17701388888888,186.73244886375554,2.2070833333333333,1002.234375,1006.6811805555554,12.36,11580.0,0.0,0,0,0,0,0,0,0,0,0,1,0,0,0,0,0,1440
2022-08-08,282327.12,Monday,0,0,1,0,27.577222222222222,91.38583333333334,195.8522542540771,2.631111111111111,1002.0465972222223,1006.5403472222223,1.78,0.0,127.3,0,0,0,0,0,0,0,0,0,0,0,0,1,1,0,1440
2022-08-09,272388.96,Tuesday,0,0,1,0,26.17298611111111,97.12256944444445,223.66663727557727,2.448958333333333,1001.739375,1006.239375,3.0,0.0,192.8,0,0,0,0,0,0,0,0,0,0,0,0,1,0,0,1440
2022-08-10,264314.88,Wednesday,0,0,1,0,23.349444444444444,95.49138888888889,289.0644074270294,1.1294444444444445,1002.0063888888889,1006.5388888888889,7.98,2820.0,14.6,0,0,0,0,0,0,0,0,0,0,0,0,1,0,0,1440
2022-08-11,265984.56,Thursday,0,0,1,0,24.397374024130592,97.775088715401,276.9835239927502,1.1804826117814051,1000.1440028388928,1004.6440028388928,5.56,0.0,83.7,0,0,0,0,0,0,0,0,0,0,0,0,0,1,0,1409
2022-08-12,267910.56,Friday,0,0,1,0,26.507916666666667,79.64972222222222,275.36827557692186,1.2445833333333334,1002.0278472222222,1006.5038194444444,24.69,43560.0,0.0,0,0,0,0,0,0,0,0,0,0,0,0,0,0,0,1440
2022-08-13,238158.72,Saturday,1,0,1,0,25.193194444444444,90.65881944444445,142.00674728292472,1.2606249999999999,1001.6886805555555,1006.1886805555555,4.73,3420.0,6.9,0,0,0,0,0,0,0,0,0,0,0,0,0,0,0,1440
2022-08-14,239516.64,Sunday,1,1,1,0,26.99458303635068,93.40306486101211,139.83150992829752,1.31176051318603,1001.4646471846044,1005.9423378474697,10.29,7020.0,22.4,0,0,0,0,0,0,0,0,0,0,0,0,0,1,0,1403
2022-08-15,244388.16,Monday,0,1,1,0,28.26590277777778,85.62666666666667,199.17355493586626,3.7821527777777777,997.1923611111112,1001.6315277777777,11.97,5700.0,0.6,0,0,0,0,0,0,0,0,0,0,0,0,0,0,0,1440
2022-08-16,265718.88,Tuesday,0,0,1,0,26.30813064628214,81.39159138290479,260.602979563366,2.074426685198054,999.18276580959,1003.661362056984,24.88,40620.0,0.0,0,0,0,0,0,0,0,0,0,0,0,0,0,0,0,1439
2022-08-17,266724.0,Wednesday,0,0,1,0,25.169423210562893,82.52425295343988,270.4029201281885,1.4334259902710214,1001.9166782487839,1006.4304378040305,17.92,26640.0,0.0,0,0,0,0,0,0,0,0,0,0,0,0,0,0,0,1439
2022-08-18,264303.36,Thursday,0,0,1,0,25.283125,78.19395833333334,194.7353243801708,1.504236111111111,1003.4740277777778,1007.9925,18.62,28260.0,0.0,0,0,0,0,0,0,0,0,0,0,0,0,0,0,0,1440
2022-08-19,266135.04,Friday,0,0,1,0,25.798610145934674,87.30340514246005,183.17988660431106,2.3659944367176635,998.8816539263377,1003.381723419041,7.09,3840.0,8.9,0,0,0,0,0,0,0,0,0,0,0,0,0,0,0,1439
2022-08-20,251793.36,Saturday,1,0,1,0,27.50222222222222,84.91256944444444,263.47622694669343,2.1255555555555556,997.6785416666668,1002.1439583333333,21.06,36060.0,0.0,0,0,0,0,0,0,0,0,0,0,0,0,0,0,0,1440
2022-08-21,243995.04,Sunday,1,1,1,0,27.43423611111111,80.75715277777778,225.38264615824417,1.281445448227936,1000.6539583333333,1005.1182638888889,20.09,33600.0,0.0,0,0,0,0,0,0,0,0,0,0,0,0,0,0,0,1440
2022-08-22,277188.48,Monday,0,0,1,0,26.52675469075747,81.94030576789437,221.8911683923179,1.5297428769979153,1000.2966643502432,1004.7683808200138,12.85,12060.0,2.2,0,0,0,0,0,0,0,0,0,0,0,0,0,0,0,1439
2022-08-23,268308.72,Tuesday,0,0,1,0,25.046180555555555,84.19701388888889,302.8960198548326,1.3155555555555556,1001.5376388888889,1006.0322222222221,12.27,18360.0,6.1,0,0,0,0,0,0,0,0,0,0,0,0,0,0,0,1440
2022-08-24,258794.64,Wednesday,0,0,1,0,24.402569444444442,72.33347222222223,115.92960112343785,2.3554166666666667,1003.6975,1008.2190972222222,14.55,10500.0,0.0,0,0,0,0,0,0,0,0,0,0,0,0,0,0,0,1440
2022-08-25,244845.36,Thursday,0,0,1,0,22.313680555555557,79.47020833333333,216.97644781739228,1.0007638888888888,1003.610138888889,1008.1758333333333,6.22,360.0,0.4,0,0,0,0,0,0,0,0,0,0,0,0,0,0,0,1440
2022-08-26,247027.68,Friday,0,0,1,0,23.089747191011238,78.10224719101124,235.24857706416483,1.7658005617977528,1003.3135533707865,1007.864536516854,20.74,31920.0,0.0,0,0,0,0,0,0,0,0,0,0,0,0,0,0,0,1424
2022-08-27,216856.8,Saturday,1,0,1,0,21.927083333333332,62.033750000000005,305.8269767005767,2.605763888888889,1005.8935416666666,1010.46625,25.39,42540.0,2.4,0,0,0,0,0,0,0,0,0,0,0,0,0,0,0,1440
2022-08-28,205936.56,Sunday,1,1,1,0,21.949478804725505,64.93453787352328,223.67352832168154,1.4771369006254342,1010.3061153578874,1014.911466296039,24.93,42600.0,0.0,0,0,0,0,0,0,0,0,0,0,0,0,0,0,0,1439
2022-08-29,235527.12,Monday,0,0,0,0,20.921125781792913,74.58283530229326,105.13929600511455,2.2528839471855457,1011.3895760945102,1015.9974982626824,5.45,0.0,1.4,0,0,0,0,0,0,0,0,0,0,0,0,0,0,0,1439
2022-08-30,233742.24,Tuesday,0,0,0,0,19.274166666666666,97.24298611111111,71.19453279854312,1.6527083333333334,1007.2857638888889,1011.9165277777778,2.91,0.0,54.7,0,0,0,0,0,0,0,0,0,0,0,0,0,0,0,1440
2022-08-31,238414.32,Wednesday,0,0,0,0,21.252083333333335,90.32638888888889,357.0457144320224,0.8922916666666667,1004.4224999999999,1009.0118055555556,6.47,3900.0,0.0,0,0,0,0,0,0,0,0,0,0,0,0,0,0,0,1440
2022-09-01,248482.08,Thursday,0,0,0,0,23.469701181375957,78.91014593467686,305.9922996789542,1.1025017373175816,1008.9419735927728,1013.5161223071577,22.64,43020.0,0.0,0,0,0,0,0,0,0,0,0,0,0,0,0,0,0,1439
2022-09-02,251444.16,Friday,0,0,0,0,24.734166666666663,67.125625,98.37252426815418,2.5348853370396105,1011.4709027777778,1016.03375,22.19,37800.0,0.0,0,0,0,0,0,0,0,0,0,0,0,0,0,0,0,1440
2022-09-03,224593.92,Saturday,1,0,0,0,24.456111111111113,60.23701388888889,92.76173294751663,3.2224305555555555,1010.0520138888888,1014.6100694444444,18.07,24420.0,0.0,0,0,0,0,0,0,0,0,0,0,0,0,0,0,0,1440
2022-09-04,214643.52,Sunday,1,1,0,0,23.336875,83.13208333333333,116.70453423621738,2.7675,1005.4050694444445,1009.9615972222222,4.17,0.0,18.7,0,0,0,0,0,0,0,0,0,0,0,0,0,0,0,1440
2022-09-05,237227.76,Monday,0,0,0,0,20.20451388888889,97.17687500000001,341.0886364324666,1.8468055555555556,1002.3780555555555,1006.9780555555554,0.94,0.0,120.4,0,0,0,0,0,0,0,0,0,0,0,0,0,1,0,1440
2022-09-06,237972.24,Tuesday,0,0,0,0,20.96048611111111,80.71854166666667,303.11954446726344,3.217430555555556,1000.4939583333334,1005.061736111111,19.2,32640.0,39.3,0,1,0,0,0,0,0,0,0,0,0,0,0,1,0,1440
2022-09-07,243568.08,Wednesday,0,0,0,0,21.895902777777778,74.36868055555556,248.4994735240125,1.6006944444444444,1012.6036805555556,1017.2256944444445,21.36,33480.0,0.0,0,0,0,0,0,0,0,0,0,0,0,0,0,0,0,1440
2022-09-08,235972.08,Thursday,0,0,0,0,21.946944444444444,73.49527777777777,282.61094407682043,1.005486111111111,1013.8186111111112,1018.4395138888888,22.63,40740.0,0.0,0,0,0,0,0,0,0,0,0,0,0,0,0,0,0,1440
2022-09-09,206140.32,Friday,0,1,0,0,23.505902777777777,68.80715277777777,58.08203027298076,1.2001388888888889,1013.0077083333334,1017.6009722222221,21.7,36660.0,0.0,0,0,0,0,0,0,0,0,0,0,0,0,0,0,0,1440
2022-09-10,190630.08,Saturday,1,1,0,0,23.19659722222222,50.144513888888895,104.54881894029893,2.1375694444444444,1013.3571527777779,1017.9621527777778,16.76,24960.0,0.0,0,0,0,0,0,0,0,0,0,0,0,0,0,0,0,1440
2022-09-11,196043.76,Sunday,1,1,0,0,23.09916666666667,67.79854166666667,76.67008558050328,1.3539583333333334,1010.9285416666668,1015.5127777777777,9.67,6540.0,0.0,0,0,0,0,0,0,0,0,0,0,0,0,0,0,0,1440
2022-09-12,209876.4,Monday,0,1,0,0,23.49513888888889,79.40305555555555,320.8206844718967,0.9390277777777778,1009.8927083333333,1014.463263888889,12.45,11940.0,0.0,0,0,0,0,0,0,0,0,0,0,0,0,0,0,0,1440
2022-09-13,252164.16,Tuesday,0,0,0,0,24.35118549511855,77.30160390516039,40.627575531218945,1.2127006280530355,1011.3364714086472,1015.9071129707113,6.12,0.0,0.0,0,0,0,0,0,0,0,0,0,0,0,0,0,0,0,1434
2022-09-14,253131.12,Wednesday,0,0,0,0,25.056597222222223,54.82069444444445,80.45756194205681,3.045,1011.5090972222223,1016.0733333333334,10.31,5880.0,0.0,0,0,0,0,0,0,0,0,0,0,0,0,0,0,0,1440
2022-09-15,255382.56,Thursday,0,0,0,0,25.334051424600414,61.6234190410007,106.5853710172915,3.45733148019458,1007.2282835302293,1011.7646282140375,12.63,16260.0,0.0,0,0,0,0,0,0,0,0,0,0,0,0,0,0,0,1439
2022-09-16,265577.76,Friday,0,0,0,0,26.353541666666665,72.86500000000001,133.12321937025874,2.9126388888888886,1003.4811805555555,1007.961736111111,13.02,16980.0,7.3,0,0,0,0,0,0,0,0,0,0,0,0,0,0,0,1440
2022-09-17,241408.8,Saturday,1,0,0,0,25.436527777777776,87.80944444444445,290.5405128885191,1.3488194444444443,1004.0334722222221,1008.5269444444444,13.46,20880.0,2.4,0,0,0,0,0,0,0,0,0,0,0,0,0,0,0,1440
2022-09-18,231819.84,Sunday,1,1,0,0,27.085902777777775,75.36131944444445,355.01393192617115,1.5007638888888888,999.7902777777778,1004.2495833333332,13.82,18720.0,0.0,0,0,0,0,0,0,0,0,0,0,0,0,0,0,0,1440
2022-09-19,267314.4,Monday,0,0,0,0,25.462152777777778,61.45736111111111,5.433987126069298,3.275902777777778,997.0799999999999,1001.5758333333333,16.29,27960.0,0.0,0,0,0,0,0,0,0,0,0,0,0,0,0,0,0,1440
2022-09-20,237143.52,Tuesday,0,0,0,0,19.935972222222222,57.28618055555556,16.03595135696266,1.6715277777777777,1008.8819444444445,1013.5168055555555,16.62,32880.0,0.0,0,0,0,0,0,0,0,0,0,0,0,0,0,0,0,1440
2022-09-21,228432.96,Wednesday,0,0,0,0,18.790132036136207,60.88269631688672,173.7075966578825,1.4179291174426685,1012.7335649756776,1017.4141765114663,21.27,41940.0,0.0,0,0,0,0,0,0,0,0,0,0,0,0,0,0,0,1439
2022-09-22,228043.44,Thursday,0,0,0,0,19.243055555555557,61.981458333333336,161.92963955310978,1.8781944444444443,1011.2761111111112,1015.9324305555555,18.03,31620.0,0.0,0,0,0,0,0,0,0,0,0,0,0,0,0,0,0,1440
2022-09-23,220991.04,Friday,0,0,0,0,17.343055555555555,72.66361111111111,258.67332755213437,2.495138888888889,1008.8922222222222,1013.5584722222222,15.53,35100.0,2.0,0,0,0,0,0,0,0,0,0,0,0,0,0,0,0,1440
2022-09-24,195750.0,Saturday,1,0,0,0,17.59402777777778,70.77361111111111,286.8525978627262,1.39,1012.7234027777778,1017.419375,20.23,38220.0,0.0,0,0,0,0,0,0,0,0,0,0,0,0,0,0,0,1440
2022-09-25,192003.12,Sunday,1,1,0,0,19.202152777777776,72.49618055555555,258.63322871473304,1.2037526059763726,1012.1949305555555,1016.8515972222223,15.88,26580.0,0.0,0,0,0,0,0,0,0,0,0,0,0,0,0,0,0,1440
2022-09-26,223849.44,Monday,0,0,0,0,19.336856745479835,65.76877607788596,299.0474250703385,1.0848208011243852,1012.6572733661279,1017.317709065355,17.41,33420.0,0.0,0,0,0,0,0,0,0,0,0,0,0,0,0,0,0,1438
2022-09-27,227636.64,Tuesday,0,0,0,0,19.81138888888889,70.71,290.7906586557335,0.9527777777777777,1011.5472222222222,1016.199375,20.18,40620.0,0.0,0,0,0,0,0,0,0,0,0,0,0,0,0,0,0,1440
2022-09-28,220734.72,Wednesday,0,0,0,0,19.90298611111111,78.17055555555557,237.72788931189058,1.081388888888889,1009.6957638888888,1014.3272222222222,14.12,27000.0,0.0,0,0,0,0,0,0,0,0,0,0,0,0,0,0,0,1440
2022-09-29,229769.28,Thursday,0,0,0,0,19.135,82.5332638888889,268.5243242396698,1.057013888888889,1010.6728472222221,1015.3252083333334,15.33,26640.0,0.0,0,0,0,0,0,0,0,0,0,0,0,0,0,0,0,1440
2022-09-30,229916.16,Friday,0,0,0,0,19.75013888888889,78.5476388888889,279.38148453749636,0.9517361111111111,1012.021388888889,1016.6764583333334,18.29,38280.0,0.0,0,0,0,0,0,0,0,0,0,0,0,0,0,0,0,1440
2022-10-01,201740.4,Saturday,1,0,0,0,19.556497567755386,77.56513249651326,274.0433628083106,0.7933287004864489,1013.5609451007643,1018.2358582348853,13.57,24240.0,0.0,0,0,0,0,0,0,0,0,0,0,0,0,0,0,0,1439
2022-10-02,194279.04,Sunday,1,1,0,0,19.906810284920084,76.5320361362057,97.62083525915028,2.198610145934677,1011.9943015983322,1016.6341209173037,5.85,1320.0,12.0,0,0,0,0,0,0,0,0,0,0,0,0,0,0,0,1439
2022-10-03,213056.64,Monday,0,1,0,1,22.200208333333332,96.06145833333333,173.15050197056522,2.4631944444444445,1007.9568055555555,1012.5177083333333,0.99,0.0,38.7,0,0,0,0,0,0,0,0,0,0,0,0,0,0,0,1440
2022-10-04,228874.32,Tuesday,0,0,0,1,19.497916666666665,79.93993055555555,282.2952371352567,3.0318055555555556,1008.0067361111111,1012.6309722222223,12.02,14100.0,21.2,0,0,0,0,0,0,0,0,0,0,0,0,0,0,0,1440
2022-10-05,212743.44,Wednesday,0,0,0,1,16.202439024390245,69.26787456445993,241.70712649141103,1.4321478382147836,1015.1291289198607,1019.8806968641115,14.65,26520.0,0.0,0,0,0,0,0,0,0,0,0,0,0,0,0,0,0,1435
2022-10-06,211974.48,Thursday,0,0,0,1,16.82126917712692,73.14560669456067,5.621635251767512,1.2775453277545328,1014.9536262203626,1019.6783821478382,10.72,14040.0,0.0,0,0,0,0,0,0,0,0,0,0,0,0,0,0,0,1434
2022-10-07,204716.88,Friday,0,0,0,1,14.994440583738708,65.05455177206393,314.8972033105761,2.431341209173037,1015.552466990966,1020.3160528144546,16.89,36600.0,0.0,0,0,0,0,0,0,0,0,0,0,0,0,0,0,0,1439
2022-10-08,182830.32,Saturday,1,0,0,1,15.657916666666667,64.04680555555555,95.35543415892178,1.9434722222222223,1019.4983333333334,1024.2724305555555,16.65,36720.0,0.0,0,0,0,0,0,0,0,0,0,0,0,0,0,0,0,1440
2022-10-09,173746.8,Sunday,1,1,0,1,13.565416666666668,83.53034722222222,135.74448761762272,2.0575,1014.2151388888889,1019.0151388888889,2.35,0.0,23.0,0,0,0,0,0,0,0,0,0,0,0,0,0,0,0,1440
2022-10-10,175018.32,Monday,0,1,0,1,10.15013888888889,78.92527777777778,279.9246190090975,3.4681944444444444,1009.8792361111111,1014.6793055555555,7.54,9900.0,13.6,0,1,0,0,0,0,0,0,0,0,0,0,0,0,0,1440
2022-10-11,195359.76,Tuesday,0,0,0,1,10.903333333333332,71.75972222222222,301.91859057252145,1.9159027777777777,1017.1145138888888,1021.9696527777778,17.61,37680.0,0.0,0,0,0,0,0,0,0,0,0,0,0,0,0,0,0,1440
2022-10-12,197399.52,Wednesday,0,0,0,1,12.471875,75.56583333333333,347.7559976785494,1.2524305555555555,1022.0834722222222,1026.927361111111,17.43,38520.0,0.0,0,0,0,0,0,0,0,0,0,0,0,0,0,0,0,1440
2022-10-13,204528.96,Thursday,0,0,0,1,15.646527777777777,73.4975,68.04273717692958,1.1759027777777777,1020.796111111111,1025.5759027777779,17.39,37920.0,0.0,0,0,0,0,0,0,0,0,0,0,0,0,0,0,0,1440
2022-10-14,205544.88,Friday,0,0,0,1,16.29048611111111,79.28222222222222,285.4945200481002,0.9854861111111111,1015.986875,1020.7172916666666,13.3,26400.0,0.0,0,0,0,0,0,0,0,0,0,0,0,0,0,0,0,1440
2022-10-15,191620.8,Saturday,1,0,0,1,17.518055555555556,75.41270833333334,266.66325497781804,0.9962473940236275,1014.708888888889,1019.41625,15.34,27300.0,0.0,0,0,0,0,0,0,0,0,0,0,0,0,0,0,0,1440
2022-10-16,183687.12,Sunday,1,1,0,1,17.166041666666665,79.420625,270.69958478743524,1.0434027777777777,1014.0165277777778,1018.7250694444446,5.8,2820.0,0.0,0,0,0,0,0,0,0,0,0,0,0,0,0,0,0,1440
2022-10-17,197789.04,Monday,0,0,0,1,12.072670375521557,50.18685674547983,303.8676642673441,3.3892906815020862,1015.496662030598,1020.321140472879,17.7,36840.0,0.0,0,0,0,0,0,0,0,0,0,0,0,0,0,0,0,1438
2022-10-18,200756.16,Tuesday,0,0,0,1,9.006319444444445,55.30993055555556,301.3445416868328,1.8964583333333334,1018.6246527777778,1023.5053472222222,17.14,37920.0,0.0,0,0,0,0,0,0,0,0,0,0,0,0,0,0,0,1440
2022-10-19,201127.68,Wednesday,0,0,0,1,9.464930555555556,61.66048611111111,299.8112902320446,1.2038888888888888,1021.7329861111111,1026.6321527777777,16.41,37860.0,0.0,0,0,0,0,0,0,0,0,0,0,0,0,0,0,0,1440
2022-10-20,199026.0,Thursday,0,0,0,1,11.701180555555556,72.408125,303.84597540173576,0.9765972222222222,1023.5090972222223,1028.3740972222222,15.96,37260.0,0.0,0,0,0,0,0,0,0,0,0,0,0,0,0,0,0,1440
2022-10-21,194662.8,Friday,0,0,0,1,12.932083333333335,74.26840277777778,283.36362892175765,1.0672916666666667,1020.4779861111111,1025.29875,13.36,30840.0,0.0,0,0,0,0,0,0,0,0,0,0,0,0,0,0,0,1440
2022-10-22,180336.24,Saturday,1,0,0,0,14.219444444444445,79.07541666666667,271.77166830880407,1.2842361111111111,1017.0404166666666,1021.8320833333333,14.44,32940.0,0.0,0,0,0,0,0,0,0,0,0,0,0,0,0,0,0,1440
2022-10-23,171599.04,Sunday,1,1,0,0,14.083541666666665,66.16694444444444,313.80141330447174,2.219874913134121,1014.7584722222222,1019.5328472222222,14.33,34740.0,0.0,0,0,0,0,0,0,0,0,0,0,0,0,0,0,0,1440
2022-10-24,199616.4,Monday,0,0,0,0,10.328851540616247,52.84933519944017,311.851849127732,2.338838348495451,1017.1766106442577,1022.0442967109867,15.51,36300.0,0.0,0,0,0,0,0,0,0,0,0,0,0,0,0,0,0,1429
2022-10-25,202622.4,Tuesday,0,0,0,0,11.183077994428968,53.96190807799443,65.98530737934715,1.3248607242339834,1023.5300835654596,1028.4091225626742,15.46,37200.0,0.0,0,0,0,0,0,0,0,0,0,0,0,0,0,0,0,1436
2022-10-26,199619.28,Wednesday,0,0,0,0,12.930833333333334,53.819097222222226,81.24788442749202,1.5463194444444444,1023.4930555555555,1028.3248611111112,12.77,26280.0,0.0,0,0,0,0,0,0,0,0,0,0,0,0,0,0,0,1440
2022-10-27,199532.16,Thursday,0,0,0,0,12.430277777777777,74.34618055555555,289.7531970013457,1.445138888888889,1021.3805555555556,1026.209861111111,13.47,34620.0,0.0,0,0,0,0,0,0,0,0,0,0,0,0,0,0,0,1440
2022-10-28,200041.92,Friday,0,0,0,0,13.033564975677553,80.51216122307157,239.2808875830484,1.0091035441278664,1021.7466296038915,1026.5760945100765,13.68,31080.0,0.0,0,0,0,0,0,0,0,0,0,0,0,0,0,0,0,1439
2022-10-29,176327.28,Saturday,1,0,0,0,13.779708130646283,73.09951355107714,11.82093935133609,0.9863794301598333,1021.821125781793,1026.631619179986,13.54,33420.0,0.0,0,0,0,0,0,0,0,0,0,0,0,0,0,0,0,1439
2022-10-30,167819.76,Sunday,1,1,0,0,13.991180555555555,70.31479166666666,135.1563153582676,1.0934027777777777,1020.9134027777778,1025.7214583333332,13.27,33300.0,0.0,0,0,0,0,0,0,0,0,0,0,0,0,0,0,0,1440
2022-10-31,197596.8,Monday,0,0,0,0,14.633125,69.26375,163.67821854220978,1.4996525364836693,1019.9255555555555,1024.7142361111112,13.16,30480.0,0.0,0,0,0,0,0,0,0,0,0,0,0,0,0,0,0,1440
2022-11-01,203770.08,Tuesday,0,0,0,0,12.811805555555555,83.25354166666668,273.41010025371395,1.316736111111111,1017.8920833333334,1022.7168750000001,10.16,21660.0,0.0,0,0,0,0,0,0,0,0,0,0,0,0,0,0,0,1440
2022-11-02,204097.68,Wednesday,0,0,0,0,10.009034051424601,61.86768589298124,266.6781316633212,1.2181375955524671,1016.9314801945795,1021.8027102154274,14.33,36120.0,0.0,0,0,0,0,0,0,0,0,0,0,0,0,0,0,0,1439
2022-11-03,204556.32,Thursday,0,0,0,0,9.357967988865692,66.4652052887961,290.92291751604273,1.7027139874739041,1015.4672233820459,1020.3336812804454,5.31,5160.0,0.0,0,0,0,0,0,0,0,0,0,0,0,0,0,0,0,1437
2022-11-04,212266.8,Friday,0,0,0,0,5.584513888888889,39.982638888888886,311.81592351059356,2.402638888888889,1019.084375,1024.0459027777779,14.35,36180.0,0.0,0,0,0,0,0,0,0,0,0,0,0,0,0,0,0,1440
2022-11-05,187125.12,Saturday,1,0,0,0,5.7434722222222225,52.458194444444445,251.06049550320188,1.2944444444444445,1021.1147222222222,1026.0800694444445,14.2,36420.0,0.0,0,0,0,0,0,0,0,0,0,0,0,0,0,0,0,1440
2022-11-06,176040.0,Sunday,1,1,0,0,8.602916666666667,62.84111111111111,214.79222306267422,1.1452777777777778,1020.3268055555557,1025.2330555555557,13.76,34920.0,0.0,0,0,0,0,0,0,0,0,0,0,0,0,0,0,0,1440
2022-11-07,203898.96,Monday,0,0,0,0,10.150902777777777,67.50006944444445,188.43172483016218,1.11,1019.056736111111,1023.9370833333332,8.77,19860.0,0.0,0,0,0,0,0,0,0,0,0,0,0,0,0,0,0,1440
2022-11-08,202015.44,Tuesday,0,0,0,0,12.012916666666666,73.68701388888888,292.2954231223113,1.0863888888888888,1020.3209027777779,1025.1644444444444,10.4,28740.0,0.2,0,0,0,0,0,0,0,0,0,0,0,0,0,0,0,1440
2022-11-09,203131.44,Wednesday,0,0,0,0,10.316458333333333,82.21201388888889,268.6228929027281,1.0059068797776234,1021.2529861111111,1026.1456944444444,9.91,20220.0,0.0,0,0,0,0,0,0,0,0,0,0,0,0,0,0,0,1440
2022-11-10,203135.76,Thursday,0,0,0,0,12.184930555555555,75.82631944444444,326.992513628895,0.7036805555555555,1020.4546527777777,1025.284236111111,10.31,28260.0,0.0,0,0,0,0,0,0,0,0,0,0,0,0,0,0,0,1440
2022-11-11,199476.72,Friday,0,0,0,0,14.351111111111111,67.94444444444444,156.76435762421357,1.1213888888888888,1020.7972916666668,1025.5984027777777,11.29,32700.0,0.0,0,0,0,0,0,0,0,0,0,0,0,0,0,0,0,1440
2022-11-12,184915.44,Saturday,1,0,0,0,15.720277777777778,80.124375,158.086923375999,1.562986111111111,1012.3444444444444,1017.0695833333333,6.41,10680.0,34.7,0,0,0,0,0,0,0,0,0,0,0,0,0,0,0,1440
2022-11-13,175610.16,Sunday,1,1,0,0,11.314444444444444,80.37708333333333,288.655985455423,2.182152777777778,1010.7983333333334,1015.5984027777778,2.63,0.0,0.0,0,0,0,0,0,0,0,0,0,0,0,0,0,0,0,1440
2022-11-14,202847.04,Monday,0,0,0,0,10.018150208623087,75.07746870653685,263.43808078486194,1.6674547983310155,1014.1550764951321,1019.0125173852573,8.3,18420.0,0.0,0,0,0,0,0,0,0,0,0,0,0,0,0,0,0,1438
2022-11-15,212666.4,Tuesday,0,0,0,0,7.251182197496523,81.92899860917942,167.91263137799683,1.0618915159944367,1012.9799721835883,1017.8802503477052,5.47,14760.0,2.5,0,0,0,0,0,0,0,0,0,0,0,0,0,0,0,1438
2022-11-16,212360.4,Wednesday,0,0,0,0,8.253059805285117,71.94589707927678,299.4029665753212,1.216759388038943,1015.8546592489569,1020.746940194715,11.28,31740.0,0.0,0,0,0,0,0,0,0,0,0,0,0,0,0,0,0,1438
2022-11-17,208757.52,Thursday,0,0,0,0,9.634818941504179,69.27096100278553,158.4578889756024,0.9777700348432055,1019.5529247910863,1024.4443593314763,10.99,33000.0,0.0,0,0,0,0,0,0,0,0,0,0,0,0,0,0,0,1436
2022-11-18,203411.52,Friday,0,0,0,0,10.052573018080668,71.22218358831711,293.4671995012608,0.8632823365785814,1021.7582058414465,1026.6429068150208,11.43,33360.0,0.0,0,0,0,0,0,0,0,0,0,0,0,0,0,0,0,1438
2022-11-19,178215.12,Saturday,1,0,0,0,12.247426981919332,60.5932545201669,88.97191540630925,1.7306193458594294,1018.4257301808067,1023.260083449235,10.18,32280.0,0.0,0,0,0,0,0,0,0,0,0,0,0,0,0,0,0,1438
2022-11-20,172697.76,Sunday,1,1,0,0,12.885476025017374,67.92411396803335,294.99768352273384,1.1568450312717165,1015.5968033356498,1020.408617095205,11.01,32820.0,0.0,0,0,0,0,0,0,0,0,0,0,0,0,0,0,0,1439
2022-11-21,203685.12,Monday,0,0,0,0,11.532708333333332,76.99076388888889,292.5421141187334,1.2871527777777778,1017.0649305555555,1021.8970138888889,8.27,18900.0,0.0,0,0,0,0,0,0,0,0,0,0,0,0,0,0,0,1440
2022-11-22,206667.36,Tuesday,0,0,0,0,10.574097222222223,74.82125,302.44011944727026,1.0061805555555556,1016.8219444444445,1021.6675,4.53,1140.0,0.1,0,0,0,0,0,0,0,0,0,0,0,0,0,0,0,1440
2022-11-23,205133.04,Wednesday,0,0,0,0,11.213778705636743,64.1375086986778,288.18457329219456,1.8741823242867084,1013.4759916492693,1018.2879610299235,10.72,29820.0,0.0,0,0,0,0,0,0,0,0,0,0,0,0,0,0,0,1437
2022-11-24,205516.08,Thursday,0,0,0,0,9.09713055954089,67.8319225251076,270.7643752694864,0.8440459110473457,1016.7342180774749,1021.6208034433284,9.51,24300.0,0.0,0,0,0,0,0,0,0,0,0,0,0,0,0,0,0,1394
2022-11-25,202464.0,Friday,0,0,0,0,10.469861111111111,71.05166666666666,161.80556461193257,1.762986111111111,1013.7802777777779,1018.619236111111,9.95,30300.0,0.0,0,0,0,0,0,0,0,0,0,0,0,0,0,0,0,1440
2022-11-26,188089.92,Saturday,1,0,0,0,6.798333333333334,68.04354166666667,293.1141658447351,2.145972222222222,1013.8884722222222,1018.8030555555555,10.71,32520.0,0.1,0,0,0,0,0,0,0,0,0,0,0,0,0,0,0,1440
2022-11-27,184490.64,Sunday,1,1,0,0,4.565646731571627,53.09993045897079,113.45597066908594,1.4496481626270523,1016.2859265050821,1021.2304143862392,10.33,30060.0,0.0,0,0,0,0,0,0,0,0,0,0,0,0,0,0,0,1438
2022-11-28,211028.4,Monday,0,0,0,1,11.219652777777778,69.65541666666667,121.42114804242652,1.977847222222222,1010.6261111111112,1015.4335416666667,4.21,7080.0,10.7,0,0,0,0,0,0,0,0,0,0,0,0,0,0,0,1440
2022-11-29,223214.4,Tuesday,0,0,0,1,7.457152777777777,70.01555555555557,307.457798665217,3.5707638888888886,1012.2004861111111,1017.0961111111111,4.8,5100.0,2.6,0,0,0,0,0,0,0,0,0,0,1,0,0,0,0,1440
2022-11-30,260679.6,Wednesday,0,0,0,1,-5.061597222222222,52.30451388888889,310.64371891951896,3.941111111111111,1027.4146527777777,1032.6183333333333,11.35,33240.0,0.0,0,0,0,0,0,0,0,0,0,0,1,0,0,0,0,1440
2022-12-01,268988.4,Thursday,0,0,0,1,-5.762013888888888,51.87125,324.7108435361058,1.6310416666666665,1027.75,1032.9847222222222,10.35,32340.0,0.0,0,0,0,0,0,0,0,0,0,0,1,0,0,0,0,1440
2022-12-02,263177.28,Friday,0,0,0,1,-3.5717361111111114,57.30458333333334,270.2071560320019,1.1102083333333335,1026.0874305555556,1031.2577083333333,11.07,33180.0,0.0,0,0,0,0,0,0,0,0,0,0,0,0,0,0,0,1440
2022-12-03,221567.04,Saturday,1,0,0,1,1.9188194444444444,74.97854166666667,137.89855895038886,1.7013888888888888,1021.102361111111,1026.1547916666666,5.19,12420.0,0.4,0,0,0,0,0,0,0,0,0,0,0,0,0,0,0,1440
2022-12-04,229799.52,Sunday,1,1,0,1,-3.3434722222222226,44.71715277777778,312.74026597121247,2.7818055555555556,1027.1389583333334,1032.3115972222222,6.21,4920.0,0.0,0,0,0,0,0,0,0,0,0,0,0,0,0,0,0,1440
2022-12-05,274731.84,Monday,0,0,0,1,-3.7460416666666667,45.080555555555556,308.85640170355884,1.8579166666666667,1025.6405555555555,1030.81,10.48,30660.0,0.0,0,0,0,0,0,0,0,0,0,0,0,0,0,0,0,1440
2022-12-06,267549.84,Tuesday,0,0,0,1,-1.2672222222222222,81.33805555555556,152.8104892658087,1.2909027777777777,1019.3177083333334,1024.4139583333333,6.7,19260.0,2.2,0,0,0,0,0,0,0,0,0,0,0,0,0,0,0,1440
2022-12-07,249827.04,Wednesday,0,0,0,1,3.1269444444444447,78.06409722222223,268.7638198774564,1.7572916666666667,1018.8953472222222,1023.8936111111111,6.81,19320.0,0.1,0,0,0,0,0,0,0,0,0,0,0,0,0,0,0,1440
2022-12-08,247871.52,Thursday,0,0,0,1,1.4826388888888888,72.4075,290.1032027345229,0.8543055555555555,1021.6455555555556,1026.6890972222222,9.82,30900.0,0.0,0,0,0,0,0,0,0,0,0,0,0,0,0,0,0,1440
2022-12-09,239657.76,Friday,0,0,0,1,2.816666666666667,76.72826388888889,229.67553419869662,1.2378472222222223,1018.4417361111111,1023.458125,7.27,24360.0,0.1,0,0,0,0,0,0,0,0,0,0,0,0,0,0,0,1440
2022-12-10,215731.44,Saturday,1,0,0,1,0.32645833333333335,70.1048611111111,280.30990660231805,1.0404166666666668,1016.4753472222222,1021.5158333333334,6.05,15000.0,0.0,0,0,0,0,0,0,0,0,0,0,0,0,0,0,0,1440
2022-12-11,203392.08,Sunday,1,1,0,1,0.2554861111111111,65.34027777777777,280.134514470961,1.2965948575399582,1018.8402083333333,1023.9046527777778,10.25,32460.0,0.0,0,0,0,0,0,0,0,0,0,0,0,0,0,0,0,1440
2022-12-12,242652.96,Monday,0,0,0,1,0.42715277777777777,83.98340277777778,182.01624852174103,1.32125,1016.2284027777777,1021.2766666666666,5.98,14760.0,3.5,0,0,0,0,0,0,0,0,0,0,0,0,0,0,0,1440
2022-12-13,248008.32,Tuesday,0,0,0,1,-0.12631944444444446,88.96944444444445,283.1932612372218,3.1425694444444447,1013.7253472222222,1018.7649305555556,3.86,6120.0,3.9,0,0,0,0,1,0,0,0,0,0,0,1,0,0,0,1440
2022-12-14,278664.48,Wednesday,0,0,0,1,-8.557569444444445,59.70916666666666,318.5760178342788,2.9282638888888886,1023.5050694444445,1028.7627083333334,10.14,32520.0,0.0,0,0,0,0,0,0,0,0,0,0,0,1,0,0,0,1440
2022-12-15,273423.6,Thursday,0,0,0,1,-5.0008368200836815,87.10564853556485,122.17054779184909,1.8698047419804744,1020.4214086471409,1025.5928870292887,2.68,1380.0,3.6,0,0,0,0,1,0,0,0,0,0,0,0,0,0,0,1434
2022-12-16,278606.16,Friday,0,0,0,1,-7.299375,67.174375,286.38199682268686,1.747361111111111,1026.0422222222223,1031.2821527777778,7.12,29100.0,0.0,0,0,0,0,0,0,0,0,0,0,0,0,0,0,0,1440
2022-12-17,249284.16,Saturday,1,0,1,0,-7.7515277777777785,62.56451388888888,311.2682662417325,1.9999305555555555,1021.4378472222222,1026.6782638888888,9.85,24540.0,0.6,0,0,0,0,0,0,0,0,0,0,0,1,0,0,0,1440
2022-12-18,246695.04,Sunday,1,1,1,0,-10.43576388888889,59.919374999999995,291.481081953233,1.7711805555555555,1019.1541666666667,1024.4284722222221,10.8,32160.0,0.0,0,0,0,0,0,0,0,0,0,0,0,1,0,0,0,1440
2022-12-19,292085.28,Monday,0,0,1,0,-8.563541666666667,69.738125,292.5478287449667,1.174375,1022.4059027777778,1027.6690972222223,9.0,25620.0,0.0,0,0,0,0,0,0,0,0,0,0,0,1,0,0,0,1440
2022-12-20,277667.28,Tuesday,0,0,1,0,-5.130685131195335,71.63294460641399,130.2661873974668,1.4929300291545191,1022.6687317784257,1027.858163265306,10.69,30240.0,0.0,0,0,0,0,0,0,0,0,0,0,0,0,0,0,0,1372
2022-12-21,265757.04,Wednesday,0,0,1,0,-0.3947222222222222,91.38944444444444,95.71535223922255,1.7755385684503127,1008.2161805555556,1013.2459722222222,2.58,720.0,4.1,0,0,0,0,1,0,0,0,0,0,0,1,0,0,0,1440
2022-12-22,285301.44,Thursday,0,0,1,0,-7.280833333333333,67.12451388888888,303.3747372981501,4.384375,1006.3434722222223,1011.483611111111,9.91,31260.0,0.0,0,0,0,0,0,0,0,0,0,0,0,1,0,0,0,1440
2022-12-23,299229.12,Friday,0,0,1,0,-11.705972222222222,68.12125,311.03849162559123,4.128402777777778,1009.2592361111111,1014.514861111111,9.84,30240.0,0.0,0,0,0,0,0,0,0,0,0,0,0,1,0,0,0,1440
2022-12-24,256589.28,Saturday,1,0,1,0,-9.663541666666667,63.021319444444444,292.659247746892,1.2686111111111111,1016.2897916666667,1021.5348611111111,10.49,33000.0,0.0,0,0,0,0,0,0,0,0,0,0,0,1,0,0,0,1440
2022-12-25,237639.6,Sunday,1,1,1,0,-7.098819444444444,78.81631944444445,290.5368528114921,1.178611111111111,1019.2806944444444,1024.4890972222222,10.67,32460.0,0.0,0,0,0,0,0,0,0,0,0,0,0,0,0,0,0,1440
2022-12-26,285385.68,Monday,0,0,1,0,-5.73875,77.41979166666667,274.73025064839464,0.9738888888888889,1021.8877777777777,1027.0845138888888,7.69,23700.0,0.0,0,0,0,0,0,0,0,0,0,0,0,0,0,0,0,1440
2022-12-27,277275.6,Tuesday,0,0,1,0,-4.3897916666666665,81.26395833333333,295.892270067688,1.0719444444444444,1024.726875,1029.9163194444445,10.07,31800.0,0.0,0,0,0,0,0,0,0,0,0,0,0,0,0,0,0,1440
2022-12-28,273273.12,Wednesday,0,0,1,0,-4.023888888888889,70.79104166666667,296.6622570537804,1.9716666666666665,1025.8615972222221,1031.0400694444445,10.61,30960.0,0.9,0,0,0,0,0,0,0,0,0,0,0,0,0,0,0,1440
2022-12-29,275517.36,Thursday,0,0,1,0,-4.805,68.090625,240.19514066580868,1.0727083333333334,1028.3091666666667,1033.5242361111111,9.28,25860.0,0.0,0,0,0,0,0,0,0,0,0,0,0,0,0,0,0,1440
2022-12-30,260251.2,Friday,0,0,1,0,-3.191875,80.70486111111111,278.637802327021,1.4234027777777776,1027.585486111111,1032.7554166666666,10.46,29820.0,0.3,0,0,0,0,0,0,0,0,0,0,0,0,0,0,0,1440
2022-12-31,228240.0,Saturday,1,0,1,0,-2.980347222222222,79.44979166666667,121.47825206323684,0.8524305555555556,1026.5109027777778,1031.6711805555556,5.37,8400.0,0.0,0,0,0,0,0,0,0,0,0,0,0,0,0,0,0,1440
2023-01-01,216415.44,Sunday,1,1,1,0,-1.9851388888888888,65.78937499999999,297.38401762150414,1.8350694444444444,1026.2839583333332,1031.427986111111,11.14,32220.0,0.0,0,0,0,0,0,0,0,0,0,0,0,0,0,0,0,1440
2023-01-02,275137.92,Monday,0,0,1,0,-5.318333333333333,52.14736111111111,289.05659171906166,2.047986111111111,1027.9696527777778,1033.1803472222223,11.09,33060.0,0.0,0,0,0,0,0,0,0,0,0,0,0,0,0,0,0,1440
2023-01-03,280175.76,Tuesday,0,0,1,0,-6.168263888888888,62.414027777777775,275.52584512926205,1.4043055555555557,1026.3799999999999,1031.599861111111,11.01,33060.0,0.0,0,0,0,0,0,0,0,0,0,0,0,0,0,0,0,1440
2023-01-04,270679.68,Wednesday,0,0,1,0,-3.4243055555555557,70.07708333333333,284.2396807125778,1.1937456567060458,1026.1920833333334,1031.3686111111112,10.12,31620.0,0.0,0,0,0,0,0,0,0,0,0,0,0,0,0,0,0,1440
2023-01-05,269797.68,Thursday,0,0,1,0,-3.5939583333333336,79.95743055555555,296.56526068188873,0.7515972222222221,1026.4919444444445,1031.6765277777777,5.26,7800.0,0.0,0,0,0,0,0,0,0,0,0,0,0,0,0,0,0,1440
2023-01-06,258626.88,Friday,0,0,1,0,-1.2100694444444444,83.57895833333333,113.43061190785377,1.3111111111111111,1018.6261111111112,1023.7118750000001,8.01,20040.0,5.5,0,0,0,0,0,0,0,0,0,0,0,0,0,0,0,1440
2023-01-07,223230.96,Saturday,1,0,1,0,0.770625,87.3411111111111,277.7521132160872,2.1902083333333335,1014.8134722222221,1019.8388888888888,7.01,18600.0,0.1,0,0,0,0,0,0,0,0,0,0,0,0,0,0,0,1440
2023-01-08,214038.0,Sunday,1,1,1,0,-0.31819444444444445,79.95180555555557,110.57050334653587,0.9386805555555556,1020.3947222222222,1025.4777777777779,9.49,25620.0,0.0,0,0,0,0,0,0,0,0,0,0,0,0,0,0,0,1440
2023-01-09,241052.4,Monday,0,0,1,0,2.6972916666666666,63.683194444444446,308.70809608382115,1.9034027777777778,1019.9104166666667,1024.9277777777777,9.76,28200.0,0.0,0,0,0,0,0,0,0,0,0,0,0,0,0,0,0,1440
2023-01-10,247412.16,Tuesday,0,0,1,0,-0.22993055555555558,71.98166666666667,268.96559472545044,0.9472916666666666,1024.2593055555556,1029.363472222222,10.85,31500.0,0.0,0,0,0,0,0,0,0,0,0,0,0,0,0,0,0,1440
2023-01-11,244450.08,Wednesday,0,0,1,0,0.08090277777777777,82.48798611111111,276.0914605046675,0.8404166666666667,1021.9185416666667,1027.006111111111,10.18,31380.0,0.0,0,0,0,0,0,0,0,0,0,0,0,0,0,0,0,1440
2023-01-12,234245.52,Thursday,0,0,1,0,4.054166666666666,64.530625,96.9989659866118,1.14,1018.0374305555555,1023.0083333333333,10.52,32820.0,0.1,0,0,0,0,0,0,0,0,0,0,0,0,0,0,0,1440
2023-01-13,220369.68,Friday,0,0,1,0,7.179583333333333,97.21416666666666,89.3817859680028,1.5361805555555554,1007.1001388888889,1011.9627777777777,1.2,0.0,25.2,0,0,0,0,0,0,0,0,0,0,0,0,0,0,0,1440
2023-01-14,199027.44,Saturday,1,0,1,0,5.156041666666667,99.64791666666666,166.07447407851546,1.2339124391938845,1009.1666666666666,1014.0787499999999,1.33,0.0,3.7,0,0,0,0,0,0,0,0,0,0,0,0,0,0,0,1440
2023-01-15,206604.0,Sunday,1,1,1,0,-1.0651388888888889,99.24187500000001,250.013597904007,2.541736111111111,1013.7810416666666,1018.8473611111111,0.81,0.0,2.3,0,0,0,0,0,0,0,0,0,0,0,0,0,0,0,1440
2023-01-16,264085.2,Monday,0,0,1,0,-4.882552271088681,68.9689978370584,279.546617590841,2.522710886806056,1020.6146359048306,1025.7884643114637,12.06,31140.0,0.0,0,0,0,0,0,0,0,0,0,0,0,0,0,0,0,1387
2023-01-17,263928.96,Tuesday,0,0,1,0,-3.263187195546277,61.38566457898399,227.67782667179418,1.0196938065414056,1022.1989554317548,1027.34335421016,6.86,7680.0,0.0,0,0,0,0,0,0,0,0,0,0,0,0,0,0,0,1438
2023-01-18,255782.88,Wednesday,0,0,1,0,-1.8029186935371786,62.50576789437109,265.86300624226135,1.4289784572619877,1021.6299513551077,1026.742529534399,12.48,32280.0,0.0,0,0,0,0,0,0,0,0,0,0,0,0,0,0,0,1439
2023-01-19,251571.6,Thursday,0,0,1,0,-0.5784464660601819,63.87263820853744,186.07894528233922,2.0303409881697982,1019.0219341275404,1024.1067927170868,9.21,21960.0,0.7,0,0,0,0,0,0,0,0,0,0,0,0,0,0,0,1437
2023-01-20,245499.12,Friday,0,0,1,0,-1.7419444444444445,49.72340277777778,274.42775120976705,3.553472222222222,1022.3177083333334,1027.4209027777779,12.51,31920.0,0.0,0,0,0,0,0,0,0,0,0,0,0,0,0,0,0,1440
2023-01-21,220117.68,Saturday,1,1,1,0,-4.364583333333333,51.30708333333333,238.69778768230242,1.2222916666666666,1026.0538194444443,1031.244375,11.81,31740.0,0.0,0,0,0,0,0,0,0,0,0,0,0,0,0,0,0,1440
2023-01-22,205285.68,Sunday,1,1,1,0,-0.06534722222222222,44.73375,92.03881380735261,1.810486111111111,1021.7204166666666,1026.795,4.56,1080.0,0.0,0,0,0,0,0,0,0,0,0,0,0,0,0,0,0,1440
2023-01-23,206732.16,Monday,0,1,1,0,-0.19847222222222222,63.84423611111111,275.3711318336458,2.317013888888889,1018.7994444444444,1023.8730555555555,10.44,27360.0,0.0,0,0,0,0,0,0,0,0,0,0,1,0,0,0,0,1440
2023-01-24,248215.68,Tuesday,0,1,1,0,-12.727449617790132,44.50785267546908,292.59387438619285,4.968033356497568,1024.4018068102848,1029.7468380820014,13.66,33480.0,0.0,0,0,0,0,0,0,0,0,0,0,1,0,0,0,0,1439
2023-01-25,303037.92,Wednesday,0,0,1,0,-11.274513888888889,40.22722222222222,243.41748816826993,1.7782638888888889,1026.280625,1031.594375,13.56,34380.0,0.0,0,0,0,0,0,0,0,0,0,0,1,0,0,0,0,1440
2023-01-26,290528.64,Thursday,0,0,1,0,-5.912847222222222,76.76472222222222,91.78915592190722,1.4501388888888889,1019.5127083333334,1024.6855555555555,3.12,0.0,1.3,0,0,0,0,1,0,0,0,0,0,0,0,0,0,0,1440
2023-01-27,288131.04,Friday,0,0,1,0,-7.178194444444444,55.254305555555554,290.2470619223073,3.306875,1018.4565277777778,1023.6547222222223,13.68,33300.0,0.0,0,0,0,0,0,0,0,0,0,0,0,1,0,0,0,1440
2023-01-28,248838.48,Saturday,1,0,1,0,-5.787847222222222,48.77444444444444,260.1041716150294,1.9720833333333334,1017.9921527777777,1023.176875,11.9,28920.0,0.0,0,0,0,0,0,0,0,0,0,0,0,1,0,0,0,1440
2023-01-29,229220.64,Sunday,1,1,1,0,-2.1404166666666664,58.580555555555556,193.61930269264343,2.5351388888888886,1014.8138888888889,1019.8925694444445,10.34,17700.0,0.0,0,0,0,0,0,0,0,0,0,0,0,0,0,0,0,1440
2023-01-30,266402.16,Monday,0,0,1,0,-1.2996508379888267,50.507611731843575,267.1887271587012,1.82428670842032,1018.1271966527196,1023.6637569832402,13.06,33360.0,0.0,0,0,0,0,0,0,0,0,0,0,0,0,0,0,0,1437
2023-01-31,249554.16,Tuesday,0,0,1,0,1.5611888111888113,65.90755244755245,162.2516684626988,2.17098121085595,1013.8120448179272,1018.8186713286713,11.61,31740.0,0.0,0,0,0,0,0,0,0,0,0,0,0,0,0,0,0,1437
2023-02-01,247142.16,Wednesday,0,0,1,0,1.8627696590118303,67.67722841225627,274.35064590802995,2.7866481223922115,1014.5139275766016,1019.5150313152401,12.74,31500.0,0.0,0,0,0,0,0,0,0,0,0,0,0,0,0,0,0,1438
2023-02-02,260231.76,Thursday,0,0,1,0,-2.4020152883947183,52.64510076441974,274.3802843797319,1.8458651841556635,1022.4419735927728,1027.5794301598332,9.96,21960.0,0.0,0,0,0,0,0,0,0,0,0,0,0,0,0,0,0,1439
2023-02-03,256698.72,Friday,0,0,1,0,-1.9496527777777777,50.248888888888885,254.4814512576133,1.4324305555555554,1019.0724305555556,1024.1749305555554,12.29,28680.0,0.0,0,0,0,0,0,0,0,0,0,0,0,0,0,0,0,1440
2023-02-04,221764.32,Saturday,1,0,1,0,-1.785763888888889,66.79305555555555,227.34793095988664,1.4547916666666667,1020.3422222222223,1025.4529166666666,12.38,28260.0,0.0,0,0,0,0,0,0,0,0,0,0,0,0,0,0,0,1440
2023-02-05,209283.84,Sunday,1,1,1,0,-0.11930555555555553,75.59777777777778,230.45166569018033,1.235625,1020.5047222222222,1025.5917361111112,11.79,27660.0,0.0,0,0,0,0,0,0,0,0,0,0,0,0,0,0,0,1440
2023-02-06,241574.4,Monday,0,0,1,0,1.758125,72.51027777777777,306.4440059614551,1.1279166666666667,1017.9376388888888,1022.9656944444445,11.01,20760.0,0.0,0,0,0,0,0,0,0,0,0,0,0,0,0,0,0,1440
2023-02-07,239289.12,Tuesday,0,0,1,0,1.7847916666666666,77.94055555555555,256.82881674187377,1.279236111111111,1016.7588888888889,1021.7842361111111,9.27,17580.0,0.0,0,0,0,0,0,0,0,0,0,0,0,0,0,0,0,1440
2023-02-08,241637.04,Wednesday,0,0,1,0,0.45381944444444444,75.90284722222222,235.67001010879068,1.525763888888889,1021.7886111111112,1026.855486111111,13.29,27000.0,0.0,0,0,0,0,0,0,0,0,0,0,0,0,0,0,0,1440
2023-02-09,235506.96,Thursday,0,0,1,0,3.0287499999999996,55.514583333333334,107.78289458409849,2.3410416666666665,1022.3136111111112,1027.3406944444446,12.21,24300.0,0.0,0,0,0,0,0,0,0,0,0,0,0,0,0,0,0,1440
2023-02-10,227154.24,Friday,0,0,1,0,3.7653472222222226,83.82659722222222,285.3538803270651,1.7657638888888887,1016.3352777777778,1021.3189583333334,6.14,4380.0,0.5,0,0,0,0,0,0,0,0,0,0,0,0,0,0,0,1440
2023-02-11,212711.76,Saturday,1,0,1,0,1.2353472222222224,84.15395833333334,210.01515971447262,0.9452083333333333,1018.9483333333334,1023.9909027777777,10.05,14640.0,0.0,0,0,0,0,0,0,0,0,0,0,0,0,0,0,0,1440
2023-02-12,198061.92,Sunday,1,1,1,0,2.497708333333333,73.62145833333332,294.45691631461443,1.2108333333333332,1017.4569444444444,1022.453888888889,8.29,7500.0,0.0,0,0,0,0,0,0,0,0,0,0,0,0,0,0,0,1440
2023-02-13,225256.32,Monday,0,0,1,0,6.050833333333334,61.066180555555555,338.9582763243345,1.664722222222222,1013.5886111111112,1018.5129166666667,6.94,2760.0,0.0,0,0,0,0,0,0,0,0,0,0,0,0,0,0,0,1440
2023-02-14,234129.6,Tuesday,0,0,1,0,1.4677777777777776,55.393055555555556,280.5690702089723,2.084791666666667,1017.8151388888889,1022.8587500000001,15.18,35220.0,0.0,0,0,0,0,0,0,0,0,0,0,0,0,0,0,0,1440
2023-02-15,233245.44,Wednesday,0,0,1,0,2.6347916666666666,49.44972222222223,97.49462042219913,1.792638888888889,1023.7370138888889,1028.7816666666668,14.08,29580.0,0.0,0,0,0,0,0,0,0,0,0,0,0,0,0,0,0,1440
2023-02-16,234685.44,Thursday,0,0,1,0,1.8452777777777776,70.31152777777778,220.7570018700699,2.0236805555555555,1025.9856944444443,1031.0550694444444,8.03,9300.0,0.0,0,0,0,0,0,0,0,0,0,0,0,0,0,0,0,1440
2023-02-17,230551.2,Friday,0,0,1,0,2.595254710397767,69.31967899511514,237.44769197617694,1.226099092812282,1022.9808659217878,1028.0108164689464,13.44,23880.0,0.0,0,0,0,0,0,0,0,0,0,0,0,0,0,0,0,1434
2023-02-18,198486.0,Saturday,1,0,1,0,5.602986111111111,57.68972222222222,251.88453343438584,1.0293055555555557,1015.7683333333333,1020.7097222222222,3.96,0.0,0.0,0,0,0,0,0,0,0,0,0,0,0,0,0,0,0,1440
2023-02-19,191516.4,Sunday,1,1,1,0,3.1443749999999997,63.307013888888896,251.99711136580362,2.971111111111111,1014.6446527777778,1019.6311111111112,14.65,26880.0,0.2,0,0,0,0,0,0,0,0,0,0,0,0,0,0,0,1440
2023-02-20,244132.56,Monday,0,0,1,0,-0.443125,49.53888888888889,274.88941793720966,3.012083333333333,1021.5938888888888,1026.6694444444445,17.44,37020.0,0.0,0,0,0,0,0,0,0,0,0,0,0,0,0,0,0,1440
2023-02-21,251232.48,Tuesday,0,0,1,0,-1.6717361111111113,46.01097222222222,267.9954823687001,1.9235416666666667,1029.6476388888889,1034.8038194444443,17.41,37500.0,0.0,0,0,0,0,0,0,0,0,0,0,0,0,0,0,0,1440
2023-02-22,247822.56,Wednesday,0,0,1,0,-0.18888888888888888,60.180138888888884,220.995998259581,1.4392361111111112,1026.0175,1031.1215972222224,16.49,34380.0,0.0,0,0,0,0,0,0,0,0,0,0,0,0,0,0,0,1440
2023-02-23,242207.28,Thursday,0,0,1,0,1.5293750000000002,69.81777777777778,234.26409074968757,1.4002777777777777,1020.0377083333334,1025.0716666666667,14.86,35280.0,0.0,0,0,0,0,0,0,0,0,0,0,0,0,0,0,0,1440
2023-02-24,236268.72,Friday,0,0,1,0,2.613958333333333,62.35118055555555,280.33268830126974,2.5215972222222223,1019.8393055555556,1024.8691666666668,16.75,35700.0,0.0,0,0,0,0,0,0,0,0,0,0,0,0,0,0,0,1440
2023-02-25,215511.12,Saturday,1,0,1,0,0.6888888888888889,42.01541666666667,284.28698839296453,2.3575694444444446,1026.8216666666667,1031.903888888889,17.92,37080.0,0.0,0,0,0,0,0,0,0,0,0,0,0,0,0,0,0,1440
2023-02-26,207773.28,Sunday,1,1,1,0,1.155,45.84590277777778,242.92939441251764,1.5254861111111109,1031.817986111111,1036.9256249999999,18.16,37500.0,0.0,0,0,0,0,0,0,0,0,0,0,0,0,0,0,0,1440
2023-02-27,245492.64,Monday,0,0,0,0,2.4984722222222224,55.24805555555555,233.0208156557262,1.3754861111111112,1029.7036805555556,1034.7752083333335,18.29,37620.0,0.0,0,0,0,0,0,0,0,0,0,0,0,0,0,0,0,1440
2023-02-28,241130.16,Tuesday,0,0,0,0,3.127083333333333,64.59055555555555,275.52033189369325,1.380138888888889,1023.071875,1028.11375,17.09,30420.0,0.0,0,0,0,0,0,0,0,0,0,0,0,0,0,0,0,1440
2023-03-01,209205.36,Wednesday,0,1,0,0,5.824791666666667,57.76229166666666,274.644626459344,2.5375694444444443,1017.5980555555556,1022.5552083333333,8.99,11340.0,0.0,0,0,0,0,0,0,0,0,0,0,0,0,0,0,0,1440
2023-03-02,246926.88,Thursday,0,0,0,0,1.8484722222222223,36.642986111111114,276.6829198977383,3.1438194444444445,1022.8588888888889,1027.9113194444444,18.93,37800.0,0.0,0,0,0,0,0,0,0,0,0,0,0,0,0,0,0,1440
2023-03-03,236404.08,Friday,0,0,0,0,3.5543750000000003,65.825,188.69207982538882,1.964236111111111,1023.1994444444445,1028.2114583333334,17.56,36420.0,0.0,0,0,0,0,0,0,0,0,0,0,0,0,0,0,0,1440
2023-03-04,199743.84,Saturday,1,0,0,0,6.693333333333333,69.60625,166.80740879870953,1.5313888888888887,1024.0859722222222,1029.0361805555556,15.14,27780.0,0.0,0,0,0,0,0,0,0,0,0,0,0,0,0,0,0,1440
2023-03-05,192735.36,Sunday,1,1,0,0,5.995069444444444,62.48708333333333,259.92056405311166,1.2565972222222221,1022.823125,1027.7933333333333,16.95,36180.0,0.0,0,0,0,0,0,0,0,0,0,0,0,0,0,0,0,1440
2023-03-06,226748.16,Monday,0,0,0,0,6.83375,49.094791666666666,247.92851684396112,1.3042361111111112,1018.846875,1023.7940972222223,18.34,34980.0,0.0,0,0,0,0,0,0,0,0,0,0,0,0,0,0,0,1440
2023-03-07,218772.72,Tuesday,0,0,0,0,10.022152777777778,63.82875,206.44206535468598,1.688402777777778,1015.4306250000001,1020.2971527777777,16.67,35100.0,0.0,0,0,0,0,0,0,0,0,0,0,0,0,0,0,0,1440
2023-03-08,212844.96,Wednesday,0,0,0,0,11.110833333333334,67.87215277777777,156.67494411216495,1.5938888888888887,1014.4189583333334,1019.2548611111112,10.66,10440.0,0.0,0,0,0,0,0,0,0,0,0,0,0,0,0,0,0,1440
2023-03-09,215331.84,Thursday,0,0,0,0,10.170277777777779,80.53826388888889,252.60164393953784,2.027222222222222,1010.9295138888889,1015.7531944444445,9.44,13140.0,0.1,0,0,0,0,0,0,0,0,0,0,0,0,0,0,0,1440
2023-03-10,208635.84,Friday,0,0,0,0,11.798194444444446,62.33965277777778,233.21411321940644,1.46625,1013.9856944444443,1018.8029861111112,16.72,34920.0,0.0,0,0,0,0,0,0,0,0,0,0,0,0,0,0,0,1440
2023-03-11,184407.12,Saturday,1,0,0,0,13.629305555555556,53.618125000000006,235.53802874638507,1.5551388888888888,1016.7530555555555,1021.5495833333333,16.57,27600.0,0.0,0,0,0,0,0,0,0,0,0,0,0,0,0,0,0,1440
2023-03-12,183522.96,Sunday,1,1,0,0,6.0784722222222225,70.18159722222222,258.48031955237553,3.5153472222222226,1015.6251388888888,1020.5465972222223,4.8,7680.0,5.2,0,0,0,0,0,0,0,0,0,0,0,0,0,0,0,1440
2023-03-13,236945.52,Monday,0,0,0,0,2.858402777777778,34.19680555555556,271.789643552684,2.7264583333333334,1018.2268055555556,1023.2412499999999,20.38,36060.0,0.0,0,0,0,0,0,0,0,0,0,0,0,0,0,0,0,1440
2023-03-14,222138.72,Tuesday,0,0,0,0,8.389652777777778,44.088541666666664,172.78241893555585,2.8095833333333333,1013.4719444444445,1018.3491666666667,20.18,34980.0,0.0,0,0,0,0,0,0,0,0,0,0,0,0,0,0,0,1440
2023-03-15,216573.12,Wednesday,0,0,0,0,8.349375,70.35576388888889,246.21997653915577,2.8065972222222224,1015.3845833333334,1020.2759722222222,12.49,16920.0,0.0,0,0,0,0,0,0,0,0,0,0,0,0,0,0,0,1440
2023-03-16,227396.16,Thursday,0,0,0,0,4.402430555555555,35.07590277777778,284.70489589682893,2.4,1024.0796527777777,1029.0824305555554,16.57,24720.0,0.0,0,0,1,0,0,0,0,0,0,0,0,0,0,0,0,1440
2023-03-17,216556.56,Friday,0,0,0,0,6.233194444444444,38.06965277777778,262.87250093609543,1.5069444444444444,1019.5038888888889,1024.4468055555556,15.48,24600.0,0.0,0,0,1,0,0,0,0,0,0,0,0,0,0,0,0,1440
2023-03-18,188436.24,Saturday,1,0,0,0,7.0344444444444445,49.71395833333334,265.2313112053802,2.3325694444444447,1014.7264583333334,1019.6399305555556,18.78,36180.0,0.0,0,0,1,0,0,0,0,0,0,0,0,0,0,0,0,1440
2023-03-19,181799.28,Sunday,1,1,0,0,6.23875,69.15951388888888,215.46730026204867,1.792361111111111,1015.8175694444445,1020.7435416666666,20.38,39780.0,0.0,0,0,1,0,0,0,0,0,0,0,0,0,0,0,0,1440
2023-03-20,216545.04,Monday,0,0,0,0,6.649236111111111,59.257361111111116,243.83979185635496,1.2440277777777777,1011.6655555555554,1016.5675694444445,18.4,33780.0,0.0,0,0,1,0,0,0,0,0,0,0,0,0,0,0,0,1440
2023-03-21,211307.04,Tuesday,0,0,0,0,10.60951388888889,42.83229166666667,241.12670959874393,1.2041666666666666,1007.5794444444443,1012.3834027777779,21.21,38880.0,0.0,0,0,0,0,0,0,0,0,0,0,0,0,0,0,0,1440
2023-03-22,207152.64,Wednesday,0,0,0,0,15.022430555555555,49.58701388888889,277.46360275943607,1.468263888888889,1005.1571527777778,1009.8625694444445,17.66,23160.0,0.0,0,0,0,0,0,0,0,0,0,0,0,0,0,0,0,1440
2023-03-23,205202.88,Thursday,0,0,0,0,16.21402777777778,55.07402777777778,253.65433046125082,1.8071527777777778,1001.9059722222223,1006.5806944444444,12.53,12000.0,0.2,0,0,0,0,0,0,0,0,0,0,0,0,0,0,0,1440
2023-03-24,199044.0,Friday,0,0,0,0,10.922152777777777,43.015277777777776,224.93913233359436,1.5354166666666667,1010.2809027777778,1015.0896527777778,14.71,14520.0,0.0,0,0,0,0,0,0,0,0,0,0,0,0,0,0,0,1440
2023-03-25,177790.32,Saturday,1,0,0,0,10.75236111111111,59.338472222222215,222.64379460179893,1.616527777777778,1013.6075000000001,1018.4384027777778,12.48,10260.0,0.0,0,0,0,0,0,0,0,0,0,0,0,0,0,0,0,1440
2023-03-26,171706.32,Sunday,1,1,0,0,8.760347222222222,42.25548611111111,265.18853731096226,2.958958333333333,1012.8404166666667,1017.7089583333333,23.27,39000.0,0.0,0,0,0,0,0,0,0,0,0,0,0,0,0,0,0,1440
2023-03-27,210131.28,Monday,0,0,0,0,6.097291666666667,45.42916666666667,251.74584947071475,1.816527777777778,1017.3138194444443,1022.2525694444444,22.37,37860.0,0.0,0,0,0,0,0,0,0,0,0,0,0,0,0,0,0,1440
2023-03-28,212043.6,Tuesday,0,0,0,0,7.5304166666666665,59.490069444444444,223.2927381202394,1.4700000000000002,1019.4040277777779,1024.3199305555556,17.08,24180.0,0.0,0,0,0,0,0,0,0,0,0,0,0,0,0,0,0,1440
2023-03-29,210591.36,Wednesday,0,0,0,0,9.773055555555556,60.857847222222226,246.2382150262131,1.458263888888889,1018.0888194444444,1022.9581944444445,21.23,39240.0,0.0,0,0,0,0,0,0,0,0,0,0,0,0,0,0,0,1440
2023-03-30,208708.56,Thursday,0,0,0,0,11.133611111111112,50.25347222222222,258.820202356034,1.4811805555555557,1015.2504166666668,1020.09375,22.69,38700.0,0.0,0,0,0,0,0,0,0,0,0,0,0,0,0,0,0,1440
2023-03-31,203835.6,Friday,0,0,0,0,11.607222222222223,52.60881944444444,244.45741595363063,1.6358333333333333,1014.0297916666666,1018.85375,22.03,40740.0,0.0,0,0,1,0,0,0,0,0,0,0,0,0,0,0,0,1440
2023-04-01,183376.8,Saturday,1,0,0,0,14.474374999999998,49.560694444444444,250.04791125947372,1.3797916666666667,1011.4815972222223,1016.2241666666667,21.67,38880.0,0.0,0,0,1,0,0,0,0,0,0,0,0,0,0,0,0,1440
2023-04-02,175692.96,Sunday,1,1,0,0,16.810069444444444,32.991388888888885,119.90108132790951,2.5718055555555557,1014.115625,1018.8371527777778,23.41,40560.0,0.0,0,0,1,0,0,0,0,0,0,0,0,0,0,0,0,1440
2023-04-03,206948.88,Monday,0,0,0,1,17.133125,30.44631944444444,125.39191399869765,2.430486111111111,1017.2142361111111,1021.942986111111,22.77,39240.0,0.0,0,0,1,0,0,0,0,0,0,0,0,0,0,0,0,1440
2023-04-04,208573.92,Tuesday,0,0,0,1,17.110694444444444,38.180486111111115,125.78779072726714,2.9403472222222224,1014.255,1018.9703472222222,13.34,10080.0,9.5,0,0,1,0,0,0,0,0,0,0,0,0,0,0,0,1440
2023-04-05,213426.72,Wednesday,0,0,0,1,12.021041666666665,94.10854166666665,155.84412070872193,3.4555555555555557,1004.7622222222222,1009.5229166666667,1.85,0.0,35.7,0,0,0,0,0,0,0,0,0,0,0,0,0,0,0,1440
2023-04-06,209975.76,Thursday,0,0,0,1,8.463888888888889,92.92208333333332,213.57631515730912,2.3044444444444445,1006.4345833333334,1011.2547222222222,2.54,0.0,3.6,0,0,0,0,0,0,0,0,0,0,0,0,0,0,0,1440
2023-04-07,205591.68,Friday,0,0,0,1,8.042708333333334,67.85527777777779,237.47425184671363,2.7275694444444443,1009.8991666666667,1014.7524305555555,23.36,40020.0,0.0,0,0,0,0,0,0,0,0,0,0,0,0,0,0,0,1440
2023-04-08,182851.92,Saturday,1,0,0,1,7.455277777777778,55.79034722222222,243.02128482582896,2.5658333333333334,1014.5370833333333,1019.4401388888889,25.2,41820.0,0.0,0,0,0,0,0,0,0,0,0,0,0,0,0,0,0,1440
2023-04-09,175618.8,Sunday,1,1,0,1,9.72111111111111,61.21659722222222,186.41480181227826,2.044583333333333,1014.9465277777778,1019.8095833333334,25.12,42060.0,0.0,0,0,0,0,0,0,0,0,0,0,0,0,0,0,0,1440
2023-04-10,205176.96,Monday,0,0,0,1,12.010208333333335,50.998888888888885,177.14531790753958,2.348333333333333,1010.9108333333334,1015.6914583333333,22.46,38640.0,0.0,0,0,0,0,0,0,0,0,0,0,0,0,0,0,0,1440
2023-04-11,209048.4,Tuesday,0,0,0,1,13.01138888888889,70.47180555555555,207.00725572820008,3.215138888888889,1006.4197222222222,1011.1793055555555,3.05,120.0,0.0,0,1,0,0,0,0,0,0,0,0,0,0,0,0,0,1440
2023-04-12,207923.04,Wednesday,0,0,0,1,8.994444444444444,52.57486111111111,256.53231567861485,2.154375,1013.3399305555556,1018.2061805555555,24.5,39840.0,0.0,0,0,0,0,0,0,0,0,0,0,0,0,0,0,0,1440
2023-04-13,206485.92,Thursday,0,0,0,1,11.107916666666666,46.213750000000005,182.16702822346272,1.2321527777777777,1013.1638888888889,1017.9920833333334,15.19,15300.0,0.0,0,0,0,0,0,0,0,0,0,0,0,0,0,0,0,1440
2023-04-14,203994.0,Friday,0,0,0,1,15.192361111111111,52.85597222222223,251.57401177758084,1.4325,1008.7464583333333,1013.4551388888888,19.13,22680.0,0.0,0,0,0,0,0,0,0,0,0,0,0,0,0,0,0,1440
2023-04-15,189009.36,Saturday,1,0,0,1,12.1825,86.1101388888889,257.16005335486716,1.7211111111111113,1000.9405555555555,1005.6909027777778,9.84,9960.0,2.0,0,0,0,0,0,0,0,0,0,0,0,0,0,0,0,1440
2023-04-16,177947.28,Sunday,1,1,0,1,10.308402777777777,72.659375,249.57597962874496,2.0097222222222224,1000.9920833333334,1005.7608333333334,15.44,17040.0,0.0,0,0,0,0,0,0,0,0,0,0,0,0,0,0,0,1440
2023-04-17,205046.64,Monday,0,0,0,1,12.587569444444444,58.502500000000005,174.46638638366088,1.6913888888888888,1010.1799305555556,1014.9543055555555,19.84,29520.0,0.0,0,0,0,0,0,0,0,0,0,0,0,0,0,0,0,1440
2023-04-18,212407.92,Tuesday,0,0,0,1,14.205625,72.458125,87.45184574373604,2.2484027777777778,1006.8780555555555,1011.6047222222222,8.53,6840.0,1.0,0,0,0,0,0,0,0,0,0,0,0,0,0,0,0,1440
2023-04-19,223066.08,Wednesday,0,0,0,1,18.183055555555555,66.52201388888889,118.20471070212531,2.2533333333333334,1005.1171527777777,1009.7656944444445,26.85,44280.0,0.0,0,0,0,0,0,0,0,0,0,0,0,0,0,0,0,1440
2023-04-20,224663.04,Thursday,0,0,0,1,16.197291666666665,86.99263888888889,248.95400836472876,2.194513888888889,1005.7767361111111,1010.4590972222223,9.23,960.0,0.0,0,0,0,0,0,0,0,0,0,0,0,0,0,0,0,1440
2023-04-21,212934.96,Friday,0,0,0,1,16.528750000000002,55.274375000000006,296.1694792191562,2.4855555555555555,1007.4267361111112,1012.1238888888888,20.5,22980.0,0.0,0,0,0,0,0,0,0,0,0,0,0,0,0,0,0,1440
2023-04-22,182643.84,Saturday,1,0,0,0,17.004583333333333,19.219444444444445,70.02654130064474,1.9818055555555556,1014.2613888888889,1018.9790277777778,21.27,19080.0,0.0,0,0,0,0,0,0,0,0,0,0,0,0,0,0,0,1440
2023-04-23,173827.44,Sunday,1,1,0,0,14.88125,41.28840277777778,231.14796531328938,1.5571527777777778,1018.0931250000001,1022.8715972222222,16.33,9000.0,0.0,0,0,1,0,0,0,0,0,0,0,0,0,0,0,0,1440
2023-04-24,205934.4,Monday,0,0,0,0,14.557291666666666,44.423680555555556,164.58397632483573,2.3911805555555556,1017.9900694444444,1022.7724999999999,20.14,24720.0,0.0,0,0,1,0,0,0,0,0,0,0,0,0,0,0,0,1440
2023-04-25,205223.04,Tuesday,0,0,0,0,10.197986111111112,66.8338888888889,179.59804976607325,1.7804166666666668,1011.8643055555556,1016.6895833333333,7.96,0.0,0.1,0,0,1,0,0,0,0,0,0,0,0,0,0,0,0,1440
2023-04-26,205928.64,Wednesday,0,0,0,0,9.108055555555556,71.87465277777778,246.91788249472808,2.7915972222222223,1009.5056944444444,1014.334375,15.19,11280.0,0.0,0,0,1,0,0,0,0,0,0,0,0,0,0,0,0,1440
2023-04-27,208470.24,Thursday,0,0,0,0,11.198263888888889,68.06277777777777,210.78345821003128,1.5315972222222223,1015.5766666666666,1020.4180555555556,26.05,43980.0,0.0,0,0,0,0,0,0,0,0,0,0,0,0,0,0,0,1440
2023-04-28,208944.0,Friday,0,0,0,0,14.308958333333335,66.22083333333333,239.22625356455882,1.7475,1012.07,1016.8198611111112,22.11,29880.0,1.3,0,0,0,0,0,0,0,0,0,0,0,0,0,0,0,1440
2023-04-29,191318.4,Saturday,1,0,0,0,13.002638888888889,88.40451388888889,239.15019739760743,2.6956249999999997,1002.99,1007.7244444444444,5.3,1860.0,14.2,0,0,0,0,0,0,0,0,0,0,0,0,0,0,0,1440
2023-04-30,176613.84,Sunday,1,1,0,0,12.700833333333334,69.23479166666667,231.91319602339996,2.9931944444444443,1005.8034722222222,1010.5536805555556,23.6,34980.0,0.0,0,0,0,0,0,0,0,0,0,0,0,0,0,0,0,1440
2023-05-01,196429.68,Monday,0,0,0,0,13.675208333333332,61.737569444444446,261.4552921058928,1.9353472222222223,1012.321111111111,1017.083125,25.61,40140.0,0.0,0,0,0,0,0,0,0,0,0,0,0,0,0,0,0,1440
2023-05-02,214498.8,Tuesday,0,0,0,0,15.621666666666668,49.729166666666664,258.06022541212695,1.4425,1017.5469444444445,1022.3010416666667,22.05,33540.0,0.0,0,0,0,0,0,0,0,0,0,0,0,0,0,0,0,1440
2023-05-03,217493.28,Wednesday,0,0,0,0,18.31513888888889,52.53701388888889,267.37153806465733,1.9865277777777777,1016.2068055555555,1020.9146527777779,26.04,38940.0,0.0,0,0,0,0,0,0,0,0,0,0,0,0,0,0,0,1440
2023-05-04,230376.96,Thursday,0,0,0,0,20.180611535788742,67.11111883252258,154.2405764617074,2.049061848505907,1009.1717164697708,1013.8077831827658,18.19,13860.0,0.0,0,0,0,0,0,0,0,0,0,0,0,0,0,0,0,1439
2023-05-05,204409.44,Friday,0,1,0,0,19.211666666666666,89.40256944444444,139.23249537085167,2.7708333333333335,998.2645833333333,1002.8645833333334,2.8,0.0,9.4,0,0,0,0,0,0,0,0,0,0,0,0,0,0,0,1440
2023-05-06,193297.68,Saturday,1,0,0,0,13.328611111111112,86.9420138888889,64.28821048675022,2.8889583333333335,1001.1604166666667,1005.8792361111111,5.05,1140.0,46.8,0,0,0,0,0,0,0,0,0,0,0,0,0,0,0,1440
2023-05-07,174674.16,Sunday,1,1,0,0,12.794513888888888,59.65701388888889,67.53584545400919,1.6686111111111113,1008.068125,1012.8359027777777,9.17,2280.0,1.7,0,0,0,0,0,0,0,0,0,0,0,0,0,0,0,1440
2023-05-08,206403.84,Monday,0,0,0,0,13.107569444444445,60.51423611111111,258.3107918023595,1.894861111111111,1012.02625,1016.7981944444443,26.55,46140.0,0.0,0,0,0,0,0,0,0,0,0,0,0,0,0,0,0,1440
2023-05-09,214042.32,Tuesday,0,0,0,0,14.68388888888889,62.28381944444444,236.80296942920143,1.6861805555555556,1012.194513888889,1016.9458333333333,27.72,45900.0,0.0,0,0,0,0,0,0,0,0,0,0,0,0,0,0,0,1440
2023-05-10,218895.12,Wednesday,0,0,0,0,16.08388888888889,61.87722222222222,265.25262329371344,1.4745833333333334,1012.2936111111111,1017.0193055555555,23.38,43380.0,0.0,0,0,0,0,0,0,0,0,0,0,0,0,0,0,0,1440
2023-05-11,219949.2,Thursday,0,0,0,0,17.437916666666666,52.89777777777778,233.53410844577516,1.7486111111111111,1013.3198611111112,1018.0291666666667,27.24,45780.0,0.0,0,0,0,0,0,0,0,0,0,0,0,0,0,0,0,1440
2023-05-12,213268.32,Friday,0,0,0,0,16.841041666666666,55.39909722222222,241.18753140742257,1.386388888888889,1012.3597916666668,1017.0654166666666,20.94,25500.0,0.0,0,0,0,0,0,0,0,0,0,0,0,0,0,0,0,1440
2023-05-13,197220.96,Saturday,1,0,0,0,16.531944444444445,67.85625,261.35023226012004,1.7899305555555556,1008.8213888888889,1013.5125694444445,25.47,33900.0,0.0,0,0,0,0,0,0,0,0,0,0,0,0,0,0,0,1440
2023-05-14,190449.36,Sunday,1,1,0,0,17.104444444444447,61.042569444444446,245.50493548623604,1.6690277777777778,1005.2059722222223,1009.8804166666667,27.2,42720.0,0.0,0,0,0,0,0,0,0,0,0,0,0,0,0,0,0,1440
2023-05-15,229507.2,Monday,0,0,0,0,19.285069444444446,58.325694444444444,201.3213531108637,1.7140972222222224,1003.8035416666668,1008.4358333333334,27.05,45240.0,0.0,0,0,0,0,0,0,0,0,0,0,0,0,0,0,0,1440
2023-05-16,247644.0,Tuesday,0,0,0,0,22.096597222222222,57.119722222222215,216.20979405420147,2.010972222222222,1005.8032638888889,1010.3921527777777,27.2,43140.0,0.0,0,0,0,0,0,0,0,0,0,0,0,0,0,0,0,1440
2023-05-17,255566.16,Wednesday,0,0,0,0,22.073680555555555,63.545625,216.0254423198604,2.7954166666666667,1008.5984722222222,1013.193263888889,27.62,42300.0,0.0,0,0,0,0,0,0,0,0,0,0,0,0,0,0,0,1440
2023-05-18,252668.88,Thursday,0,0,0,0,20.912986111111113,70.36458333333333,91.33018216133307,2.070763888888889,1006.3065972222222,1010.8918055555555,9.84,2640.0,1.1,0,0,0,0,0,0,0,0,0,0,0,0,0,0,0,1440
2023-05-19,245007.36,Friday,0,0,0,0,21.0,62.29305072967338,87.82404679345775,1.722932592077832,1004.6607366226547,1009.2438498957608,20.46,28620.0,0.0,0,0,0,0,0,0,0,0,0,0,0,0,0,0,0,1439
2023-05-20,221270.4,Saturday,1,0,0,0,20.224583333333335,69.70298611111112,201.89618400896774,2.516736111111111,1005.9614583333333,1010.5768055555557,24.9,37860.0,0.0,0,0,0,0,0,0,0,0,0,0,0,0,0,0,0,1440
2023-05-21,200002.32,Sunday,1,1,0,0,17.081944444444446,77.32993055555556,249.23134714893854,2.437638888888889,1005.583888888889,1010.2513888888889,16.32,15840.0,0.0,0,0,0,0,0,0,0,0,0,0,0,0,0,0,0,1440
2023-05-22,234848.88,Monday,0,0,0,0,18.537708333333335,67.141875,236.1816740179956,1.5859722222222223,1003.8060416666666,1008.4384027777778,19.87,20580.0,0.0,0,0,0,0,0,0,0,0,0,0,0,0,0,0,0,1440
2023-05-23,240964.56,Tuesday,0,0,0,0,18.66111111111111,60.10236111111111,216.71059155848877,1.6900694444444444,1005.7540972222222,1010.388125,26.38,43200.0,0.0,0,0,0,0,0,0,0,0,0,0,0,0,0,0,0,1440
2023-05-24,234263.52,Wednesday,0,0,0,0,18.843541666666667,55.631597222222226,206.33364743685982,1.4252083333333334,1009.7302083333333,1014.385,18.6,18900.0,0.0,0,0,0,0,0,0,0,0,0,0,0,0,0,0,0,1440
2023-05-25,236827.44,Thursday,0,0,0,0,20.05826388888889,49.809999999999995,245.6227384241327,1.8563888888888889,1011.6529861111111,1016.2970833333334,27.0,39300.0,0.0,0,0,0,0,0,0,0,0,0,0,0,0,0,0,0,1440
2023-05-26,238461.12,Friday,0,0,0,0,20.641458333333333,55.530138888888885,199.8317923609904,1.9879166666666666,1013.5109027777778,1018.1596527777778,26.27,38520.0,0.0,0,0,0,0,0,0,0,0,0,0,0,0,0,0,0,1440
2023-05-27,210998.16,Saturday,1,1,0,0,18.868541666666665,88.03784722222223,112.35152222368465,1.3615277777777777,1013.0089583333332,1017.6600694444444,3.69,0.0,14.2,0,0,0,0,0,0,0,0,0,0,0,0,0,0,0,1440
2023-05-28,205057.44,Sunday,1,1,0,0,19.06085409252669,97.04923611111111,161.09821558584795,1.3385416666666667,1008.2860416666666,1012.9053472222222,1.73,0.0,40.4,0,0,0,0,0,0,0,0,0,0,0,0,0,0,0,1440
2023-05-29,221628.24,Monday,0,1,0,1,21.811551844119695,86.89916666666667,103.06365087723253,1.0134722222222223,1005.7695138888889,1010.3404861111111,10.38,8220.0,6.7,0,0,0,0,0,0,0,0,0,0,0,0,0,0,0,1440
2023-05-30,256585.68,Tuesday,0,0,0,1,22.329027777777778,80.40347222222222,119.38636854913352,1.6931944444444442,1005.4999305555555,1010.0707638888888,16.59,11220.0,0.0,0,0,0,0,0,0,0,0,0,0,0,0,0,0,0,1440
2023-05-31,249945.84,Wednesday,0,0,0,1,21.854930555555555,60.74840277777778,155.72196109793683,2.4834722222222223,1006.066875,1010.6356944444444,25.83,30960.0,0.0,0,0,0,0,0,0,0,0,0,0,0,0,0,0,0,1440
2023-06-01,252444.24,Thursday,0,0,0,1,21.584281650071123,72.12446657183499,256.40782286802136,1.541109530583215,1001.8070412517781,1006.3643669985776,15.63,4320.0,0.0,0,0,0,0,0,0,0,0,0,0,0,0,0,0,0,1440
2023-06-02,245600.64,Friday,0,0,0,1,19.072777777777777,81.31048611111112,258.82038857421134,2.0034027777777776,998.6184027777778,1003.2186111111112,14.94,18360.0,0.0,0,0,0,0,0,0,0,0,0,0,0,0,0,0,0,1440
2023-06-03,223065.36,Saturday,1,0,0,1,20.24736111111111,63.54076388888889,259.15395401341743,2.185347222222222,1003.8015277777778,1008.40125,30.08,46620.0,0.0,0,0,0,0,0,0,0,0,0,0,0,0,0,0,0,1440
2023-06-04,215477.28,Sunday,1,1,0,1,20.388672689367617,65.9769979152189,218.18203670821762,1.7647671994440584,1006.2849200833913,1010.8875608061153,24.23,38160.0,0.0,0,0,0,0,0,0,0,0,0,0,0,0,0,0,0,1439
2023-06-05,245964.96,Monday,0,0,0,1,20.082291666666666,71.59159722222222,230.36636955795194,2.4180555555555556,1006.8104166666667,1011.4264583333334,25.83,38280.0,0.0,0,0,0,0,0,0,0,0,0,0,0,0,0,0,0,1440
2023-06-06,226283.04,Tuesday,0,1,0,1,19.52388888888889,72.57527777777777,266.29749138600636,2.0420833333333333,1003.4803472222222,1008.085625,25.11,37260.0,0.0,0,0,0,0,0,0,0,0,0,0,0,0,0,0,0,1440
2023-06-07,248967.36,Wednesday,0,0,0,1,20.94923611111111,73.60520833333334,194.8961143609129,2.0597916666666665,1004.1913888888889,1008.7718055555555,11.57,5280.0,0.0,0,0,0,0,0,0,0,0,0,0,0,0,0,0,0,1440
2023-06-08,248167.44,Thursday,0,0,0,1,20.156180555555558,78.44902777777779,223.59413139518495,1.970763888888889,1000.5955555555556,1005.1857638888889,10.42,2880.0,0.0,0,0,0,0,0,0,0,0,0,0,0,0,0,0,0,1440
2023-06-09,249814.8,Friday,0,0,0,1,22.51548611111111,66.7507638888889,223.72053786452085,1.7956249999999998,999.0045138888889,1003.5527083333333,27.07,37560.0,2.8,0,0,0,0,0,0,0,0,0,0,0,0,0,0,0,1440
2023-06-10,227000.88,Saturday,1,0,0,1,23.080902777777776,65.910625,175.53332660880076,2.0681249999999998,1000.2207638888888,1004.775763888889,20.36,23820.0,0.0,0,0,0,0,0,0,0,0,0,0,0,0,0,0,0,1440
2023-06-11,216322.56,Sunday,1,1,0,1,22.473055555555558,69.98902777777778,277.5009101416755,2.2396527777777777,1000.7010416666667,1005.2527083333333,23.09,30960.0,0.0,0,0,0,0,0,0,0,0,0,0,0,0,0,0,0,1440
2023-06-12,252177.12,Monday,0,0,0,1,21.05951388888889,74.23847222222221,252.37050724290054,1.5234027777777777,1001.2696527777778,1005.8500694444446,21.74,29460.0,0.0,0,0,0,0,0,0,0,0,0,0,0,0,0,0,0,1440
2023-06-13,244815.12,Tuesday,0,0,0,1,21.33673611111111,70.86715277777778,250.34724572107382,2.097986111111111,1000.1790277777778,1004.7388888888889,29.35,46140.0,0.0,0,0,0,0,0,0,0,0,0,0,0,0,0,0,0,1440
2023-06-14,250118.64,Wednesday,0,0,0,1,20.83625,74.71270833333334,244.45328690278728,1.9806249999999999,1001.4063888888888,1005.9709027777778,24.78,33120.0,0.0,0,0,0,0,0,0,0,0,0,0,0,0,0,0,0,1440
2023-06-15,258068.16,Thursday,0,0,0,1,21.003194444444443,75.615625,236.8441063357244,1.7975694444444446,1004.06125,1008.6450694444444,19.51,31260.0,1.1,0,0,0,0,0,0,0,0,0,0,0,0,0,0,0,1440
2023-06-16,248777.28,Friday,0,0,0,1,22.174236111111114,69.46229166666666,242.30579966116267,1.7634722222222223,1008.614375,1013.2069444444444,29.06,45240.0,0.0,0,0,0,0,0,0,0,0,0,0,0,0,0,0,0,1440
2023-06-17,224742.24,Saturday,1,0,1,0,22.576944444444443,62.93277777777777,252.61396452975237,1.7201388888888889,1008.7103472222221,1013.2990972222221,26.76,38400.0,0.0,0,0,0,0,0,0,0,0,0,0,0,0,0,0,0,1440
2023-06-18,220934.16,Sunday,1,1,1,0,23.75541666666667,68.18555555555555,247.42610559612973,1.7027083333333335,1003.4804861111111,1008.0186805555555,27.54,46440.0,0.0,0,0,0,0,0,0,0,0,0,0,0,0,0,0,0,1440
2023-06-19,265998.96,Monday,0,0,1,0,26.20347222222222,61.14465277777778,180.66366794005572,1.7566666666666666,1001.6380555555556,1006.133125,25.01,39120.0,0.0,0,0,0,0,0,0,0,0,0,0,0,0,0,0,0,1440
2023-06-20,246066.48,Tuesday,0,0,1,0,23.59576388888889,60.60722222222222,111.52603395809949,2.0273611111111114,1000.1579861111111,1004.691875,6.96,180.0,18.5,0,0,0,0,0,0,0,0,0,0,0,0,0,0,0,1440
2023-06-21,246980.88,Wednesday,0,0,1,0,20.169930555555556,92.96534722222222,67.57727671618959,2.265902777777778,997.0618055555556,1001.648125,6.76,540.0,17.0,0,0,0,0,0,0,0,0,0,0,0,0,0,0,0,1440
2023-06-22,251962.56,Thursday,0,0,1,0,21.846458333333334,80.36805555555556,257.2680070892845,2.263611111111111,999.4729166666667,1004.0327083333334,23.67,25440.0,0.2,0,0,0,0,0,0,0,0,0,0,0,0,0,0,0,1440
2023-06-23,254661.84,Friday,0,0,1,0,23.565486111111113,77.7851388888889,233.65708699831004,1.3610416666666667,1004.5605555555555,1009.1142361111112,20.8,22320.0,0.0,0,0,0,0,0,0,0,0,0,0,0,0,0,0,0,1440
2023-06-24,237953.52,Saturday,1,0,1,0,25.032569444444444,73.511875,210.7082017061692,1.7029861111111113,1009.1514583333334,1013.7031944444445,24.95,39780.0,0.0,0,0,0,0,0,0,0,0,0,0,0,0,0,0,0,1440
2023-06-25,233532.0,Sunday,1,1,1,0,26.714305555555555,64.79958333333333,145.62635716775105,2.0269444444444447,1007.4303472222222,1011.9525694444444,22.4,28980.0,0.0,0,0,0,0,0,0,0,0,0,0,0,0,0,0,0,1440
2023-06-26,270434.88,Monday,0,0,1,0,24.09013888888889,84.87597222222222,163.95694851016594,2.986180555555556,1002.0118055555556,1006.5292361111112,4.15,0.0,31.3,0,0,0,0,0,0,0,0,0,0,0,0,0,0,0,1440
2023-06-27,263795.76,Tuesday,0,0,1,0,25.013680555555553,74.54680555555555,233.74610213786838,2.5588194444444445,1003.85,1008.3754861111111,21.46,24720.0,0.8,0,0,0,0,0,0,0,0,0,0,0,0,0,0,0,1440
2023-06-28,275446.8,Wednesday,0,0,1,0,25.259166666666665,77.78472222222223,194.05528791050108,2.191111111111111,1003.5085416666667,1008.0117361111111,18.46,21780.0,0.0,0,0,0,0,0,0,0,0,0,0,0,0,0,0,0,1440
2023-06-29,277600.32,Thursday,0,0,1,0,24.045277777777777,93.84055555555555,174.52567515750025,2.3633333333333333,997.2876388888889,1001.7876388888889,2.92,0.0,58.6,0,0,0,0,0,0,0,0,0,0,0,0,0,1,0,1440
2023-06-30,271401.84,Friday,0,0,1,0,25.101458333333333,86.77048611111111,233.05206993165578,1.438402777777778,995.7923611111111,1000.2766666666666,11.19,7920.0,1.2,0,0,0,0,0,0,0,0,0,0,0,0,0,0,0,1440
2023-07-01,252586.08,Saturday,1,0,1,0,26.052847222222223,81.39222222222223,254.07812816487706,1.7018055555555556,1000.9902083333333,1005.4823611111112,26.18,41520.0,0.0,0,0,0,0,0,0,0,0,0,1,0,0,0,0,0,1440
2023-07-02,238026.24,Sunday,1,1,1,0,25.267916666666668,83.15861111111111,256.42266182472196,1.5408333333333335,1004.1715972222223,1008.6992361111111,20.65,19740.0,0.0,0,0,0,0,0,0,0,0,0,1,0,0,0,0,0,1440
2023-07-03,296211.6,Monday,0,0,1,0,27.54652777777778,75.20916666666666,210.12544844752006,1.6040277777777778,1001.2279861111111,1005.7109722222223,26.16,36300.0,0.0,0,0,0,0,0,0,0,0,0,1,0,0,0,0,0,1440
2023-07-04,279889.92,Tuesday,0,0,1,0,24.94111111111111,89.16159722222223,143.76515665065654,2.690625,996.0922222222223,1000.5865277777779,5.82,0.0,22.5,0,0,0,0,0,0,0,0,0,0,0,0,0,1,0,1440
2023-07-05,272050.56,Wednesday,0,0,1,0,23.782152777777778,83.63944444444445,237.92557762290056,3.3694444444444445,991.1811805555554,995.6740972222221,17.63,13920.0,22.0,0,0,0,0,0,0,0,0,0,0,0,0,0,1,0,1440
2023-07-06,279403.92,Thursday,0,0,1,0,26.201319444444444,71.12479166666667,175.7630333073856,2.471319444444444,997.1471527777777,1001.6211805555556,24.51,36360.0,0.0,0,0,0,0,0,0,0,0,0,0,0,0,0,0,0,1440
2023-07-07,272117.52,Friday,0,0,1,0,25.07326388888889,71.21909722222222,134.39724125894858,2.9058333333333333,997.8019444444445,1002.278125,21.34,20700.0,0.0,0,0,0,0,0,0,0,0,0,0,0,0,0,0,0,1440
2023-07-08,247556.88,Saturday,1,0,1,0,24.369722222222222,83.74652777777777,126.89410849944309,2.096597222222222,997.9888888888889,1002.4971527777777,14.19,7740.0,1.3,0,0,0,0,0,0,0,0,0,0,0,0,0,0,0,1440
2023-07-09,239286.96,Sunday,1,1,1,0,24.860555555555553,85.91222222222223,134.20329222898138,2.0050694444444446,998.2809027777778,1002.78125,9.14,5400.0,31.2,0,0,0,0,0,0,0,0,0,0,0,0,0,0,0,1440
2023-07-10,282214.08,Monday,0,0,1,0,26.208958333333335,81.11173611111111,186.8667544111159,1.9903472222222223,999.354375,1003.8268055555557,20.34,25320.0,21.2,0,0,0,0,0,0,0,0,0,0,0,0,0,0,0,1440
2023-07-11,275923.44,Tuesday,0,0,1,0,23.915763888888886,89.82225859247136,129.63829695478648,1.4534027777777778,1001.1735416666666,1005.68,3.64,0.0,49.6,0,0,0,0,0,0,0,0,0,0,0,0,0,1,0,1440
2023-07-12,283466.16,Wednesday,0,0,1,0,25.88340277777778,85.35125000000001,219.63481053238905,1.376111111111111,1000.9086111111111,1005.3936805555555,15.58,10980.0,0.2,0,0,0,0,0,0,0,0,0,0,0,0,0,0,0,1440
2023-07-13,282486.96,Thursday,0,0,1,0,24.89,94.03090277777778,135.36689288758163,2.030763888888889,999.7517361111111,1004.2517361111111,2.97,0.0,64.4,0,0,0,0,0,0,0,0,0,0,0,0,1,1,0,1440
2023-07-14,274692.24,Friday,0,0,1,0,24.462916666666665,96.50840277777777,204.87360698880573,3.288472222222222,993.932013888889,998.432013888889,1.61,0.0,80.8,0,0,0,0,0,0,0,0,0,0,0,0,1,1,0,1440
2023-07-15,248574.96,Saturday,1,0,1,0,24.084375,92.59868055555556,176.5737874045832,2.325486111111111,996.3214583333332,1000.8214583333332,3.94,60.0,9.6,0,0,0,0,0,0,0,0,0,0,0,0,0,0,0,1440
2023-07-16,236785.68,Sunday,1,1,1,0,24.278402777777778,87.61194444444445,198.90277408256665,1.711597222222222,1002.7347916666668,1007.2347916666668,7.04,0.0,0.2,0,0,0,0,0,0,0,0,0,0,0,0,0,0,0,1440
2023-07-17,273894.48,Monday,0,0,1,0,24.743055555555557,89.57111111111111,203.6932623384805,1.2413194444444444,1007.2223611111111,1011.7501388888888,10.7,2520.0,7.8,0,0,0,0,0,0,0,0,0,0,0,0,0,1,0,1440
2023-07-18,275862.24,Tuesday,0,0,1,0,24.087291666666665,92.28875,99.96047469208577,1.3578472222222222,1006.6760416666667,1011.2233333333334,6.08,4920.0,60.7,0,0,0,0,0,0,0,0,0,0,0,0,1,1,0,1440
2023-07-19,281632.32,Wednesday,0,0,1,0,25.7,80.856875,257.3350573739259,1.418081991215227,1003.1876388888888,1007.6953472222223,24.57,39120.0,0.0,0,0,0,0,0,0,0,0,0,1,0,0,0,0,0,1440
2023-07-20,285923.52,Thursday,0,0,1,0,26.168958333333336,78.15145833333334,222.5282235581945,1.4034027777777778,1004.5513194444444,1009.0634027777778,24.11,39420.0,0.0,0,0,0,0,0,0,0,0,0,1,0,0,0,0,0,1440
2023-07-21,290034.72,Friday,0,0,1,0,27.778611111111108,71.17027777777777,213.55394738392286,1.1520833333333333,1007.0655555555555,1011.5666666666667,24.41,40980.0,0.0,0,0,0,0,0,0,0,0,0,1,0,0,0,0,0,1440
2023-07-22,260217.36,Saturday,1,0,1,0,26.80701388888889,74.8945138888889,126.64316125978327,3.4131944444444446,1007.2493750000001,1011.7568055555556,17.41,22440.0,11.5,0,0,0,0,0,0,0,0,0,1,0,0,0,0,0,1440
2023-07-23,243761.76,Sunday,1,1,1,0,24.504722222222224,93.9336111111111,153.0899213164958,2.3397916666666667,1003.7493055555556,1008.2493055555556,2.57,0.0,86.3,0,0,0,0,0,0,0,0,0,0,0,0,0,1,0,1440
2023-07-24,,Monday,0,0,1,0,26.08138888888889,85.67652777777778,207.42636490413622,1.5449305555555555,1004.2968055555555,1008.7925694444444,15.74,16620.0,0.1,0,0,0,0,0,0,0,0,0,0,0,0,0,1,0,1440
2023-07-25,292818.24,Tuesday,0,0,1,0,26.946527777777778,83.29493055555555,224.98169838372183,1.9897916666666668,1007.9930555555555,1012.5048611111112,19.19,19680.0,1.4,0,0,0,0,0,0,0,0,0,0,0,0,0,0,0,1440
2023-07-26,297015.12,Wednesday,0,0,1,0,26.89111111111111,83.88979166666667,154.97232227253272,2.065069444444444,1010.2904861111111,1014.8227777777778,19.3,19260.0,19.6,0,0,0,0,0,0,0,0,0,1,0,0,0,0,0,1440
2023-07-27,301330.08,Thursday,0,0,1,0,27.676250000000003,79.37159722222222,172.85364600074286,1.5215277777777778,1009.9663194444445,1014.4881944444444,21.79,33600.0,0.0,0,0,0,0,0,0,0,0,0,1,0,0,0,0,0,1440
2023-07-28,302366.88,Friday,0,0,1,0,28.78805555555556,74.68055555555556,234.97703540323852,1.7790972222222223,1009.6245138888889,1014.1145138888888,25.65,41220.0,0.0,0,0,0,0,0,0,0,0,0,1,0,0,0,0,0,1440
2023-07-29,274577.04,Saturday,1,0,1,0,29.020138888888887,71.49958333333333,259.3846743915274,1.6476388888888889,1009.9651388888889,1014.4580555555556,25.21,38940.0,0.0,0,0,0,0,0,0,0,0,0,1,0,0,0,0,0,1440
2023-07-30,255701.52,Sunday,1,1,1,0,27.98861111111111,74.57611111111112,300.79113034592206,1.6359027777777777,1008.8258333333333,1013.31625,20.64,26640.0,0.0,0,0,0,0,0,0,0,0,0,1,0,0,0,1,0,1440
2023-07-31,301620.24,Monday,0,0,1,0,27.93583333333333,77.68263888888889,251.16084432193043,1.541875,1008.3763888888889,1012.880486111111,19.05,21420.0,,0,0,0,0,0,0,0,0,1,1,0,0,0,0,0,1440
2023-08-01,311281.2,Tuesday,0,0,1,0,29.047738343771744,74.31621433542101,191.61132724435862,1.4934585942936673,1006.1773834377174,1010.6553931802366,23.99,42720.0,0.0,0,0,0,0,0,0,0,0,1,0,0,0,0,0,0,1439
2023-08-02,308785.68,Wednesday,0,0,1,0,28.35770833333333,74.46388888888889,246.19525731280567,1.5750694444444444,1003.6536805555556,1008.1164583333333,24.72,39480.0,0.0,0,0,0,0,0,0,0,0,1,0,0,0,0,0,0,1440
2023-08-03,305573.04,Thursday,0,0,1,0,28.26201388888889,70.62076388888889,236.2241313945854,1.5845138888888888,1001.9534722222222,1006.413263888889,25.47,42840.0,0.0,0,0,0,0,0,0,0,0,1,0,0,0,0,0,0,1440
2023-08-04,306009.36,Friday,0,0,1,0,29.19229166666667,70.05131944444445,250.84315812123162,1.5382638888888889,1000.2180555555556,1004.6663194444444,24.68,39300.0,0.0,0,0,0,0,0,0,0,0,1,0,0,0,0,0,0,1440
2023-08-05,276203.52,Saturday,1,0,1,0,29.040833333333335,71.83395833333333,255.71156166595327,1.631736111111111,996.6172916666666,1001.0592361111111,25.74,40740.0,0.0,0,0,0,0,0,0,0,0,1,0,0,0,0,0,0,1440
2023-08-06,266501.52,Sunday,1,1,1,0,28.415,79.71166666666667,266.1436592599363,1.5238888888888888,994.057013888889,998.5140277777778,20.56,25440.0,0.4,0,0,0,0,0,0,0,0,1,0,0,0,0,0,0,1440
2023-08-07,319066.56,Monday,0,0,1,0,30.229930555555555,69.62430555555555,91.56615522585953,2.2183333333333333,994.7884027777778,999.1997916666667,20.24,27300.0,0.0,0,0,0,0,0,0,0,0,1,0,0,0,0,0,0,1440
2023-08-08,315568.8,Tuesday,0,0,1,0,30.802152777777778,61.15604166666667,81.52668404117428,2.763125,997.5952777777777,1002.0147916666667,23.66,37920.0,0.0,0,0,0,0,0,0,0,0,1,0,0,0,0,0,0,1440
2023-08-09,305879.76,Wednesday,0,0,1,0,28.826319444444444,66.11256944444445,65.54022167412175,2.580208333333333,999.1339583333332,1003.5738194444444,17.69,15480.0,0.6,0,0,0,0,0,0,0,0,1,1,0,0,0,0,0,1440
2023-08-10,270784.08,Thursday,0,0,1,0,22.05,92.23902777777779,328.207273550377,2.8954166666666663,992.3157638888889,996.8157638888889,2.05,0.0,91.6,0,0,0,0,0,0,0,1,0,0,0,0,0,0,0,1440
2023-08-11,273638.88,Friday,0,0,1,0,24.207430555555554,89.56416666666667,189.1046457457464,2.7572916666666667,994.6470833333334,999.1470833333334,6.28,0.0,30.3,0,0,0,0,0,0,0,1,0,0,0,0,0,0,0,1440
2023-08-12,243209.52,Saturday,1,0,1,0,23.719305555555557,86.29701388888888,116.31562885952046,2.274652777777778,999.4493055555556,1003.9596527777777,8.76,8160.0,0.6,0,0,0,0,0,0,0,0,0,0,0,0,0,0,0,1440
2023-08-13,245037.6,Sunday,1,1,1,0,26.851805555555554,75.97125,132.85440166837336,1.3934027777777778,1000.1874305555555,1004.6522222222222,18.35,16260.0,0.0,0,0,0,0,0,0,0,0,0,1,0,0,0,0,0,1440
2023-08-14,290473.92,Monday,0,0,1,0,27.69826388888889,77.5275,263.85334898920024,1.3945833333333333,1001.2958333333333,1005.7595138888888,19.83,29160.0,0.0,0,0,0,0,0,0,0,0,0,1,0,0,0,0,0,1440
2023-08-15,264612.24,Tuesday,0,1,1,0,27.721319444444443,75.27194444444444,275.6738050660282,1.8461111111111113,1000.432013888889,1004.8924999999999,22.21,31500.0,0.0,0,0,0,0,0,0,0,0,0,1,0,0,0,0,0,1440
2023-08-16,293937.84,Wednesday,0,0,1,0,27.00513888888889,75.52479166666666,202.36485932882837,1.9059027777777777,999.600763888889,1004.0676388888888,21.34,34920.0,0.0,0,0,0,0,0,0,0,0,0,1,0,0,0,0,0,1440
2023-08-17,167290.56,Thursday,0,0,1,0,26.988958333333333,75.6307638888889,207.80702659827506,1.4975,1000.4384027777778,1004.9047916666666,22.07,37080.0,0.0,0,0,0,0,0,0,0,0,0,1,0,0,0,0,0,1440
2023-08-18,,Friday,0,0,1,0,27.899791666666665,74.05631944444445,219.48786958285027,1.5559027777777779,1002.1449305555556,1006.6090972222223,24.58,38520.0,0.0,0,0,0,0,0,0,0,0,0,1,0,0,0,0,0,1440
2023-08-19,,Saturday,1,0,1,0,27.696180555555557,72.37284722222222,247.14185969404275,1.628611111111111,1005.3395138888889,1009.8213888888889,24.61,39600.0,0.0,0,0,0,0,0,0,0,0,0,1,0,0,0,0,0,1440
2023-08-20,,Sunday,1,1,1,0,27.53611111111111,74.8242361111111,247.1521079895004,1.3132638888888888,1006.80875,1011.2992361111111,20.11,22200.0,0.0,0,0,0,0,0,0,0,0,0,1,0,0,0,0,0,1440
2023-08-21,103013.28,Monday,0,0,1,0,28.616041666666664,73.29486111111112,186.56524165375234,2.064166666666667,1003.4250694444445,1007.8880555555556,19.75,21900.0,0.0,0,0,0,0,0,0,0,0,0,1,0,0,0,0,0,1440
2023-08-22,299126.16,Tuesday,0,0,1,0,28.093888888888888,76.44993055555555,161.7460061950505,2.9525,999.8540277777778,1004.3227083333333,13.24,9720.0,0.3,0,0,0,0,0,0,0,0,0,1,0,0,0,0,0,1440
2023-08-23,284070.24,Wednesday,0,0,1,0,24.878541666666667,90.8757638888889,131.43540023348743,2.1081944444444445,1000.8370138888889,1005.3370138888889,4.55,540.0,23.8,0,0,0,0,0,0,0,0,0,0,0,0,0,1,0,1440
2023-08-24,283757.76,Thursday,0,0,1,0,25.682430555555552,84.92486111111111,83.95840635287038,2.0849305555555557,1001.5826388888889,1006.0785416666668,12.81,5100.0,2.7,0,0,0,0,0,0,0,0,0,0,0,0,0,0,0,1440
2023-08-25,279778.32,Friday,0,0,1,0,25.829881862404445,81.5439193884642,251.60943748611766,2.4099374565670604,1003.215913829048,1007.7175816539265,22.17,32040.0,0.0,0,0,0,0,0,0,0,0,0,0,0,0,0,0,0,1439
2023-08-26,241742.16,Saturday,1,0,1,0,25.01513888888889,79.15861111111111,212.4680451496048,1.395138888888889,1005.2836111111111,1009.8183333333333,19.15,27240.0,0.0,0,0,0,0,0,0,0,0,0,0,0,0,0,0,0,1440
2023-08-27,235105.92,Sunday,1,1,1,0,25.689375,76.99534722222222,90.91920225040761,1.225486111111111,1004.2183333333332,1008.7379861111111,12.71,5940.0,0.4,0,0,0,0,0,0,0,0,0,0,0,0,0,0,0,1440
2023-08-28,273187.44,Monday,0,0,0,0,23.72270833333333,82.55243055555556,76.727901683719,2.5279166666666666,1002.9245138888889,1007.4563194444445,5.57,0.0,25.2,0,0,0,0,0,0,0,0,0,0,0,0,0,0,0,1440
2023-08-29,279685.44,Tuesday,0,0,0,0,24.01673611111111,88.27479166666666,168.34708780782915,2.213402777777778,1001.0879166666667,1005.6184027777778,4.4,60.0,20.1,0,0,0,0,0,0,0,0,0,0,0,0,0,0,0,1440
2023-08-30,270610.56,Wednesday,0,0,0,0,21.95951388888889,90.26395833333333,165.43420221704207,0.9732638888888889,1005.120625,1009.7000694444445,6.44,540.0,4.7,0,0,0,0,0,0,0,0,0,0,0,0,0,0,0,1440
2023-08-31,268859.52,Thursday,0,0,0,0,22.875972222222224,81.68729166666667,195.61603038027076,1.15375,1006.3769444444445,1010.9409722222222,17.71,20340.0,0.0,0,0,0,0,0,0,0,0,0,0,0,0,0,0,0,1440
2023-09-01,267456.96,Friday,0,0,0,0,23.573611111111113,73.93652777777778,274.51082744148255,1.430625,1007.6263194444443,1012.1852777777779,23.62,43620.0,0.0,0,0,0,0,0,0,0,0,0,0,0,0,0,0,0,1440
2023-09-02,244171.44,Saturday,1,0,0,0,24.51784722222222,70.23458333333333,279.85549878805114,1.022361111111111,1007.3272222222222,1011.8709027777778,23.11,39840.0,0.0,0,0,0,0,0,0,0,0,0,0,0,0,0,0,0,1440
2023-09-03,242931.6,Sunday,1,1,0,0,25.733472222222222,81.03083333333333,80.03505946005166,1.4728472222222222,1007.7752083333334,1012.3097916666667,13.4,9420.0,5.8,0,0,0,0,0,0,0,0,0,0,0,0,0,0,0,1440
2023-09-04,296081.28,Monday,0,0,0,0,26.763333333333332,81.85458333333334,7.266502919128815,1.2568055555555555,1007.753125,1012.2645138888888,11.18,3300.0,4.0,0,0,0,0,0,0,0,0,0,0,0,0,0,0,0,1440
2023-09-05,298502.64,Tuesday,0,0,0,0,27.211319444444445,72.57409722222222,56.590143917569875,1.5980555555555553,1007.1748611111111,1011.6821527777778,19.74,28080.0,0.0,0,0,0,0,0,0,0,0,0,0,0,0,0,0,0,1440
2023-09-06,297815.04,Wednesday,0,0,0,0,26.804444444444446,69.04888888888888,64.44259934883507,1.495763888888889,1007.2280555555554,1011.7551388888888,15.79,27360.0,0.0,0,0,0,0,0,0,0,0,0,0,0,0,0,0,0,1440
2023-09-07,279615.6,Thursday,0,0,0,0,25.930902777777778,54.640347222222225,73.38247537633922,1.9384722222222224,1010.1828472222222,1014.73,23.62,43200.0,0.0,0,0,0,0,0,0,0,0,0,0,0,0,0,0,0,1440
2023-09-08,272664.0,Friday,0,0,0,0,24.12847222222222,62.19479166666667,160.5015184124422,1.4488194444444447,1009.0214583333333,1013.5900694444445,23.35,42600.0,0.0,0,0,0,0,0,0,0,0,0,0,0,0,0,0,0,1440
2023-09-09,252342.0,Saturday,1,0,0,0,24.627569444444443,71.73680555555555,232.27641691902065,1.3867361111111112,1006.6766666666666,1011.2220833333333,21.72,37620.0,0.0,0,0,0,0,0,0,0,0,0,0,0,0,0,0,0,1440
2023-09-10,242081.28,Sunday,1,1,0,0,24.57875,72.19423611111111,233.24137903194838,1.3638194444444445,1005.8784027777778,1010.4208333333333,18.74,30600.0,0.0,0,0,0,0,0,0,0,0,0,0,0,0,0,0,0,1440
2023-09-11,283523.76,Monday,0,0,0,0,24.55847222222222,71.94916666666667,256.3323284969496,1.2865277777777777,1005.0623611111112,1009.6040277777778,17.52,27480.0,0.0,0,0,0,0,0,0,0,0,0,0,0,0,0,0,0,1440
2023-09-12,284789.52,Tuesday,0,0,0,0,24.67895833333333,72.29256944444445,248.38065095702498,1.0963888888888889,1006.3923611111111,1010.9390972222222,17.9,33720.0,0.0,0,0,0,0,0,0,0,0,0,0,0,0,0,0,0,1440
2023-09-13,274712.4,Wednesday,0,0,0,0,21.66847222222222,89.04756944444445,122.18893308301976,1.1924305555555554,1007.614375,1012.2059722222223,3.36,0.0,34.9,0,0,0,0,0,0,0,0,0,0,0,0,0,0,0,1440
2023-09-14,268696.8,Thursday,0,0,0,0,22.752291666666665,76.97604166666666,67.77217325988371,1.92625,1008.3769444444445,1012.9443055555556,11.61,5460.0,0.2,0,0,0,0,0,0,0,0,0,0,0,0,0,0,0,1440
2023-09-15,261724.32,Friday,0,0,0,0,22.235069444444445,84.24104166666667,85.69458512190015,2.0564583333333335,1009.5311111111112,1014.1311111111112,5.32,0.0,5.6,0,0,0,0,0,0,0,0,0,0,0,0,0,0,0,1440
2023-09-16,241968.24,Saturday,1,0,0,0,23.768194444444443,89.896875,80.17641257171104,1.0075,1007.5497222222223,1012.1047916666666,6.27,300.0,3.6,0,0,0,0,0,0,0,0,0,0,0,0,0,0,0,1440
2023-09-17,241146.0,Sunday,1,1,0,0,24.665902777777777,83.76166666666667,224.68188143250126,1.3822916666666667,1006.0185416666666,1010.5615972222222,15.91,22500.0,0.0,0,0,0,0,0,0,0,0,0,0,0,0,0,0,0,1440
2023-09-18,284122.8,Monday,0,0,0,0,24.346180555555556,82.25284722222223,231.62533821568917,1.5684027777777778,1007.9643055555556,1012.5227777777778,15.85,22860.0,0.0,0,0,0,0,0,0,0,0,0,0,0,0,0,0,0,1440
2023-09-19,281196.0,Tuesday,0,0,0,0,23.27076388888889,85.09902777777778,216.0608069482506,1.3459722222222223,1009.9338888888889,1014.505763888889,11.25,7500.0,0.0,0,0,0,0,0,0,0,0,0,0,0,0,0,0,0,1440
2023-09-20,267486.48,Wednesday,0,0,0,0,20.80909722222222,91.25979166666667,46.366230931455696,1.8238194444444447,1006.4444444444445,1011.0444444444445,1.81,0.0,36.6,0,0,0,0,0,0,0,0,0,0,0,0,0,0,0,1440
2023-09-21,251549.28,Thursday,0,0,0,0,19.85798611111111,69.80944444444445,349.36896317373544,1.5899305555555556,1006.8640277777778,1011.4801388888889,10.12,3960.0,0.0,0,0,0,0,0,0,0,0,0,0,0,0,0,0,0,1440
2023-09-22,245494.08,Friday,0,0,0,0,19.427152777777778,74.13361111111111,280.3869663188868,1.2484722222222222,1011.5083333333333,1016.1649305555555,19.87,38520.0,0.0,0,0,0,0,0,0,0,0,0,0,0,0,0,0,0,1440
2023-09-23,222276.96,Saturday,1,0,0,0,21.002708333333334,68.26368055555555,96.13771800577231,1.9185416666666666,1015.1680555555556,1019.8152083333333,16.64,34680.0,0.0,0,0,0,0,0,0,0,0,0,0,0,0,0,0,0,1440
2023-09-24,211010.4,Sunday,1,1,0,0,21.263819444444444,58.29409722222222,84.84040408496877,2.6925,1015.5858333333334,1020.2344444444445,18.56,31200.0,0.0,0,0,0,0,0,0,0,0,0,0,0,0,0,0,0,1440
2023-09-25,235016.64,Monday,0,0,0,0,21.73951388888889,64.06145833333333,86.41428054516653,1.8765972222222222,1012.0979166666667,1016.7102083333333,12.07,7140.0,0.1,0,0,0,0,0,0,0,0,0,0,0,0,0,0,0,1440
2023-09-26,252123.84,Tuesday,0,0,0,0,20.08513888888889,96.258125,90.54370450404531,1.8654166666666665,1008.5454861111111,1013.1483333333334,2.58,0.0,34.7,0,0,0,0,0,0,0,0,0,0,0,0,0,0,0,1440
2023-09-27,245838.96,Wednesday,0,0,0,0,21.155833333333334,92.16479166666666,266.41982643884137,1.6702083333333333,1006.9297916666666,1011.5286111111111,5.94,480.0,8.5,0,0,0,0,0,0,0,0,0,0,0,0,0,0,0,1440
2023-09-28,220285.44,Thursday,0,1,0,0,21.83625,82.425,252.94934939685362,1.5815277777777779,1009.3127777777777,1013.9050694444445,16.14,27780.0,0.0,0,0,0,0,0,0,0,0,0,0,0,0,0,0,0,1440
2023-09-29,211577.04,Friday,0,1,0,0,20.610972222222223,76.26270833333334,246.23871376813133,1.0924305555555556,1010.038263888889,1014.6545833333334,15.11,19860.0,0.0,0,0,0,0,0,0,0,0,0,0,0,0,0,0,0,1440
2023-09-30,205026.48,Saturday,1,1,0,0,18.86951388888889,80.60708333333334,199.38335494171872,1.9638194444444446,1007.1572222222221,1011.8013888888889,8.76,9360.0,1.6,0,0,0,0,0,0,0,0,0,0,0,0,0,0,0,1440
2023-10-01,195660.72,Sunday,1,1,0,0,17.23902777777778,68.605,283.7978595023062,1.9750694444444443,1010.0025694444444,1014.6929166666667,20.13,39960.0,0.0,0,0,0,0,0,0,0,0,0,0,0,0,0,0,0,1440
2023-10-02,200640.24,Monday,0,1,0,1,16.75173611111111,63.19083333333334,290.89104233330806,1.334375,1013.6631249999999,1018.3850694444444,19.69,36360.0,0.0,0,0,0,0,0,0,0,0,0,0,0,0,0,0,0,1440
2023-10-03,197748.72,Tuesday,0,1,0,1,16.569097222222222,70.33958333333334,99.72842762410767,1.4071527777777777,1013.315625,1018.0355555555556,9.68,14040.0,0.0,0,0,0,0,0,0,0,0,0,0,0,0,0,0,0,1440
2023-10-04,231312.96,Wednesday,0,0,0,1,17.355208333333334,78.28548611111111,274.5825154452495,1.7954861111111111,1009.920625,1014.6165972222221,14.14,22860.0,2.2,0,0,0,0,0,0,0,0,0,0,0,0,0,0,0,1440
2023-10-05,210496.32,Thursday,0,0,0,1,14.655624999999999,40.980555555555554,297.0538471418718,2.9226388888888892,1012.1997916666667,1016.9540972222221,19.6,39420.0,0.0,0,0,0,0,0,0,0,0,0,0,0,0,0,0,0,1440
2023-10-06,209292.48,Friday,0,0,0,1,14.316666666666666,61.24576388888889,278.8301316346185,1.2456944444444444,1014.6066666666667,1019.38125,16.85,32460.0,0.0,0,0,0,0,0,0,0,0,0,0,0,0,0,0,0,1440
2023-10-07,191251.44,Saturday,1,0,0,1,15.78111111111111,67.5963888888889,84.54106144408429,1.683125,1017.4650694444445,1022.2238888888888,11.0,9900.0,0.0,0,0,0,0,0,0,0,0,0,0,0,0,0,0,0,1440
2023-10-08,185328.0,Sunday,1,1,0,1,17.16138888888889,68.86993055555556,82.75946696984711,1.8130555555555556,1018.478611111111,1023.2126388888888,7.57,0.0,0.0,0,0,0,0,0,0,0,0,0,0,0,0,0,0,0,1440
2023-10-09,193660.56,Monday,0,1,0,1,17.485138888888887,67.41256944444444,111.6453023218085,1.8338888888888891,1015.4407638888889,1020.1573611111112,14.43,21900.0,1.5,0,0,0,0,0,0,0,0,0,0,0,0,0,0,0,1440
2023-10-10,221181.12,Tuesday,0,0,0,1,16.03097222222222,78.3320138888889,279.3675661553965,1.2563194444444443,1016.3994444444444,1021.1386805555555,17.78,37380.0,0.0,0,0,0,0,0,0,0,0,0,0,0,0,0,0,0,1440
2023-10-11,220001.04,Wednesday,0,0,0,1,16.673750000000002,65.86340277777778,129.72727786563252,1.436875,1019.699375,1024.4352777777779,17.14,36660.0,0.0,0,0,0,0,0,0,0,0,0,0,0,0,0,0,0,1440
2023-10-12,218295.36,Thursday,0,0,0,1,16.499166666666667,69.74444444444444,280.1082368370803,1.0096527777777777,1019.8620138888889,1024.6192361111111,15.57,32880.0,0.0,0,0,0,0,0,0,0,0,0,0,0,0,0,0,0,1440
2023-10-13,214298.64,Friday,0,0,0,1,16.877847222222222,70.77541666666667,217.99447800212573,1.030625,1013.8227083333333,1018.536875,11.35,13200.0,0.0,0,0,0,0,0,0,0,0,0,0,0,0,0,0,0,1440
2023-10-14,194923.44,Saturday,1,0,0,1,14.34798611111111,88.46236111111111,123.49140400168204,1.0829861111111112,1006.320625,1011.0583333333333,7.11,8400.0,5.6,0,0,0,0,0,0,0,0,0,0,0,0,0,0,0,1440
2023-10-15,188805.6,Sunday,1,1,0,1,15.052638888888888,83.65194444444445,235.69602196483027,1.532152777777778,1006.4381944444444,1011.1523611111111,13.28,22020.0,0.0,0,0,0,0,0,0,0,0,0,0,0,0,0,0,0,1440
2023-10-16,207765.36,Monday,0,0,0,1,14.087361111111111,65.29381944444445,265.341696146643,1.8618055555555555,1010.6944444444445,1015.4488888888889,17.47,37080.0,0.0,0,0,0,0,0,0,0,0,0,0,0,0,0,0,0,1440
2023-10-17,206245.44,Tuesday,0,0,0,1,12.260000000000002,66.35395833333334,267.753827464796,1.2555555555555555,1014.7821527777778,1019.5911111111111,17.17,37140.0,0.0,0,0,0,0,0,0,0,0,0,0,0,0,0,0,0,1440
2023-10-18,209900.88,Wednesday,0,0,0,1,14.079583333333332,76.26194444444444,178.89996497794843,1.47875,1015.2266666666666,1020.0124305555555,13.49,26520.0,0.0,0,0,0,0,0,0,0,0,0,0,0,0,0,0,0,1440
2023-10-19,217006.56,Thursday,0,0,0,1,15.447777777777777,91.32006944444444,135.83271241911106,1.3977777777777778,1011.2974305555556,1016.0340277777777,1.75,0.0,24.1,0,0,0,0,0,0,0,0,0,0,0,0,0,0,0,1440
2023-10-20,202206.24,Friday,0,0,0,1,12.161041666666668,49.56458333333333,290.2555224994146,3.3515972222222223,1012.5762500000001,1017.3825,16.11,34140.0,0.0,0,0,0,0,0,0,0,0,0,0,0,0,0,0,0,1440
2023-10-21,183953.52,Saturday,1,0,0,0,9.760833333333334,59.83236111111111,272.0404828312147,2.105347222222222,1015.9283333333334,1020.7874305555555,15.23,29460.0,2.4,0,0,0,0,0,0,0,0,0,0,0,0,0,0,0,1440
2023-10-22,178171.2,Sunday,1,1,0,0,11.0075,72.73368055555555,203.03110182514033,1.3894444444444445,1018.7131944444444,1023.5649305555555,14.6,29040.0,0.0,0,0,0,0,0,0,0,0,0,0,0,0,0,0,0,1440
2023-10-23,210918.24,Monday,0,0,0,0,14.135763888888889,79.04895833333333,168.88764812254377,1.0746527777777777,1018.2073611111111,1023.005625,12.5,27240.0,0.0,0,0,0,0,0,0,0,0,0,0,0,0,0,0,0,1440
2023-10-24,212824.08,Tuesday,0,0,0,0,12.663237924865832,88.91243291592129,158.7915133268414,0.7903398926654741,1015.8908765652951,1020.7099284436493,7.61,5700.0,0.0,0,0,0,0,0,0,0,0,0,0,0,0,0,0,0,1118
2023-10-25,214457.76,Wednesday,0,0,0,0,14.883680555555555,82.58909722222222,248.5984631770018,0.8127083333333333,1013.750763888889,1018.5049305555556,12.8,25620.0,0.0,0,0,0,0,0,0,0,0,0,0,0,0,0,0,0,1440
2023-10-26,219600.72,Thursday,0,0,0,0,17.13024645257655,83.76071695294996,191.62568587317142,1.8753547423450336,1010.6140403286034,1015.2958177744587,8.92,10440.0,0.0,0,0,0,0,0,0,0,0,0,0,0,0,0,0,0,1339
2023-10-27,209344.32,Friday,0,0,0,0,15.142708333333333,70.04666666666667,273.45220023178,1.4992361111111112,1009.9004166666667,1014.6323611111112,9.91,15780.0,0.0,0,0,0,0,0,0,0,0,0,0,0,0,0,0,0,1440
2023-10-28,190589.04,Saturday,1,0,0,0,13.274375,73.70486111111111,243.17188469803824,0.9817361111111111,1013.8050694444445,1018.5898611111111,14.44,35340.0,0.0,0,0,0,0,0,0,0,0,0,0,0,0,0,0,0,1440
2023-10-29,184023.36,Sunday,1,1,0,0,13.445277777777779,70.05631944444445,233.39263331116217,1.151736111111111,1016.8569444444445,1021.6641666666666,14.89,35580.0,0.0,0,0,0,0,0,0,0,0,0,0,0,0,0,0,0,1440
2023-10-30,212008.32,Monday,0,0,0,0,13.430972222222222,79.18090277777777,270.6216078696284,0.9866666666666666,1017.9331944444444,1022.7426388888888,13.21,33420.0,0.0,0,0,0,0,0,0,0,0,0,0,0,0,0,0,0,1440
2023-10-31,217555.92,Tuesday,0,0,0,0,14.757013888888888,82.60409722222222,166.55190681409908,1.3991666666666667,1017.5474305555556,1022.3307638888889,11.59,23460.0,0.0,0,0,0,0,0,0,0,0,0,0,0,0,0,0,0,1440
2023-11-01,221432.4,Wednesday,0,0,0,0,17.794583333333335,82.249375,160.54407889334658,2.182638888888889,1013.5174305555556,1018.2175,2.69,360.0,0.0,0,0,0,0,0,0,0,0,0,0,0,0,0,0,0,1440
2023-11-02,226925.28,Thursday,0,0,0,0,19.565277777777776,72.23611111111111,155.4680816400703,2.314722222222222,1012.244375,1016.9076388888889,13.27,33540.0,0.0,0,0,0,0,0,0,0,0,0,0,0,0,0,0,0,1440
2023-11-03,224702.64,Friday,0,0,0,0,18.587430555555557,82.7820138888889,192.46128903573717,2.1830555555555553,1010.8795833333334,1015.5440277777777,7.24,7920.0,2.0,0,0,0,0,0,0,0,0,0,0,0,0,0,0,0,1440
2023-11-04,204256.8,Saturday,1,0,0,0,17.97479166666667,81.61659722222223,93.69157322426439,1.7520833333333334,1015.4029861111111,1020.1124305555555,6.61,2100.0,0.0,0,0,0,0,0,0,0,0,0,0,0,0,0,0,0,1440
2023-11-05,195141.6,Sunday,1,1,0,0,18.02722222222222,81.72659722222222,108.5414580810447,3.156597222222222,1012.2622916666667,1016.9458333333333,3.72,60.0,22.1,0,1,0,0,0,0,0,0,0,0,0,0,0,0,0,1440
2023-11-06,215756.64,Monday,0,0,0,0,14.776944444444444,78.86784722222222,237.25297459631798,5.255,1002.3051388888888,1007.0050694444445,6.07,6660.0,54.4,0,1,0,0,0,0,0,0,0,0,0,0,0,1,0,1440
2023-11-07,212042.16,Tuesday,0,0,0,0,6.2155555555555555,65.08013888888888,274.8774370670817,3.179444444444444,1016.6785416666668,1021.6172222222223,14.26,35580.0,2.2,0,1,0,0,0,0,0,0,0,0,0,0,0,0,0,1440
2023-11-08,212292.72,Wednesday,0,0,0,0,7.344513888888889,65.00555555555556,242.3305789345971,1.1231944444444446,1018.0702083333334,1022.9865972222221,12.22,32340.0,0.0,0,0,0,0,0,0,0,0,0,0,0,0,0,0,0,1440
2023-11-09,211655.52,Thursday,0,0,0,0,11.512708333333332,74.33020833333333,189.67948868192676,1.9144444444444446,1015.3261111111112,1020.1643055555556,7.23,7020.0,0.0,0,0,0,0,0,0,0,0,0,0,0,0,0,0,0,1440
2023-11-10,218192.4,Friday,0,0,0,0,4.629027777777778,47.495694444444446,298.2986276593358,3.554027777777778,1021.0913888888889,1026.0766666666666,13.86,34500.0,0.0,0,0,0,0,0,0,0,0,0,0,0,0,0,0,0,1440
2023-11-11,206753.04,Saturday,1,0,0,0,1.7981944444444444,50.19798611111111,285.3627198392311,1.742847222222222,1024.3221527777778,1029.3854861111113,9.91,23100.0,0.0,0,0,0,0,0,0,0,0,0,0,0,0,0,0,0,1440
2023-11-12,203230.08,Sunday,1,1,0,0,1.6387500000000002,56.63395833333333,294.1588051973721,2.1757638888888886,1023.0975694444444,1028.1572222222221,13.34,32760.0,0.0,0,0,0,0,0,0,0,0,0,0,0,0,0,0,0,1440
2023-11-13,241462.08,Monday,0,0,0,0,1.7575,57.71868055555555,281.8914850441504,1.7193055555555556,1023.6869444444444,1028.741736111111,13.47,34740.0,0.0,0,0,0,0,0,0,0,0,0,0,0,0,0,0,0,1440
2023-11-14,239057.28,Tuesday,0,0,0,0,4.021319444444444,71.82465277777777,268.6208588295914,1.1879166666666665,1022.5174305555556,1027.52375,11.4,29160.0,0.0,0,0,0,0,0,0,0,0,0,0,0,0,0,0,0,1440
2023-11-15,234270.72,Wednesday,0,0,0,0,5.950833333333334,77.14763888888889,269.13023258069927,0.8527083333333334,1023.3679166666667,1028.349375,8.31,15000.0,0.0,0,0,0,0,0,0,0,0,0,0,0,0,0,0,0,1440
2023-11-16,236070.72,Thursday,0,0,0,0,6.092083333333334,88.19229166666666,142.4451619435993,1.0702777777777779,1015.7831249999999,1020.7145138888889,1.32,0.0,11.0,0,0,0,0,0,0,0,0,0,0,0,0,0,0,0,1440
2023-11-17,239200.56,Friday,0,0,0,0,2.1947916666666667,69.93513888888889,275.2481344134414,2.4614583333333333,1009.8940972222222,1014.8611805555556,7.54,19200.0,3.7,0,0,0,0,0,0,0,0,0,0,0,0,0,0,0,1440
2023-11-18,217879.92,Saturday,1,0,0,0,0.9745833333333334,58.88916666666666,294.13825400489554,3.26,1013.6073611111112,1018.6279861111111,12.22,31680.0,0.0,0,0,0,0,0,0,0,0,0,0,0,0,0,0,0,1440
2023-11-19,202057.92,Sunday,1,1,0,0,5.9657638888888895,73.02215277777778,204.97517070142882,2.183472222222222,1013.2843055555555,1018.202361111111,7.1,17340.0,0.0,0,0,0,0,0,0,0,0,0,0,0,0,0,0,0,1440
2023-11-20,237529.44,Monday,0,0,0,0,5.112013888888889,65.44541666666666,264.15449195575474,1.0615277777777776,1018.8688194444445,1023.8329166666666,12.3,34020.0,0.0,0,0,0,0,0,0,0,0,0,0,0,0,0,0,0,1440
2023-11-21,235604.16,Tuesday,0,0,0,0,5.757291666666666,67.67548611111111,271.7934706382132,0.9470138888888889,1017.518125,1022.4808333333333,12.15,33900.0,0.0,0,0,0,0,0,0,0,0,0,0,0,0,0,0,0,1440
2023-11-22,229428.0,Wednesday,0,0,0,0,7.622569444444444,75.05368055555556,128.11772369134803,1.0899305555555556,1012.7057638888889,1017.5884027777778,9.55,21960.0,0.0,0,0,0,0,0,0,0,0,0,0,0,0,0,0,0,1440
2023-11-23,223194.96,Thursday,0,0,0,0,10.448992355802641,73.81521890201529,252.70523939548002,2.8804725503822097,1009.2469770674079,1014.061640027797,8.72,21480.0,0.0,0,0,0,0,0,0,0,0,0,0,0,1,0,0,0,1439
2023-11-24,247145.76,Friday,0,0,0,0,-0.12486111111111112,52.40576388888889,293.3750151127656,3.5999305555555554,1023.6005555555556,1028.6997916666667,12.21,33300.0,0.0,0,0,0,0,0,0,0,0,0,0,0,1,0,0,0,1440
2023-11-25,229358.16,Saturday,1,0,0,0,-1.5482638888888889,48.12875,277.82158379153975,1.3983333333333332,1028.3066666666668,1033.4346527777777,12.01,33660.0,0.0,0,0,0,0,0,0,0,0,0,0,0,0,0,0,0,1440
2023-11-26,212527.44,Sunday,1,1,0,0,3.3813888888888886,46.91993055555555,153.3115703370158,1.060486111111111,1020.9212500000001,1025.9305555555557,7.51,9300.0,0.0,0,0,0,0,0,0,0,0,0,0,0,0,0,0,0,1440
2023-11-27,243212.4,Monday,0,0,0,1,6.401180555555556,79.53958333333334,176.0247688067804,1.9309027777777779,1010.278125,1015.173125,3.0,3060.0,3.3,0,0,0,0,0,0,0,0,0,0,0,0,0,0,0,1440
2023-11-28,254430.72,Tuesday,0,0,0,1,2.1132638888888886,59.55319444444445,280.92043939412446,2.5722916666666666,1016.5876388888888,1021.6052777777778,9.53,24360.0,0.0,0,0,0,0,0,0,0,0,0,0,0,0,0,0,0,1440
2023-11-29,264133.44,Wednesday,0,0,0,1,-0.07312500000000002,60.582708333333336,285.0114330411011,2.178402777777778,1020.5734722222222,1025.6445833333332,5.63,14940.0,0.2,0,0,0,0,0,0,0,0,0,0,0,0,0,0,0,1440
2023-11-30,277230.96,Thursday,0,0,0,1,-3.3956944444444446,49.34395833333333,293.6067957021488,2.943333333333333,1024.487361111111,1029.65,11.69,33120.0,0.0,0,0,0,0,0,0,0,0,0,0,0,0,0,0,0,1440
2023-12-01,272651.76,Friday,0,0,0,1,-3.002083333333333,56.36013888888889,275.316009187679,1.7375694444444443,1022.1122916666666,1027.2577083333333,11.49,33180.0,0.0,0,0,0,0,0,0,0,0,0,0,0,0,0,0,0,1440
2023-12-02,231187.68,Saturday,1,0,0,1,1.9228472222222224,65.96201388888889,171.99941880898788,2.1329166666666666,1020.4909722222222,1025.5335416666667,6.97,11520.0,0.0,0,0,0,0,0,0,0,0,0,0,0,0,0,0,0,1440
2023-12-03,221350.32,Sunday,1,1,0,1,0.5922916666666667,55.78131944444445,275.9365867406833,1.3161805555555555,1022.1367361111111,1027.2072916666666,11.08,33180.0,0.0,0,0,0,0,0,0,0,0,0,0,0,0,0,0,0,1440
2023-12-04,257330.88,Monday,0,0,0,1,1.3939583333333334,66.53347222222222,141.50928922867996,0.9229861111111111,1017.9895138888888,1023.0365972222222,10.53,28620.0,0.0,0,0,0,0,0,0,0,0,0,0,0,0,0,0,0,1440
2023-12-05,246201.12,Tuesday,0,0,0,1,5.547499999999999,56.78715277777778,123.78278208030602,1.465625,1013.3057638888889,1018.2325694444444,8.47,26160.0,0.0,0,0,0,0,0,0,0,0,0,0,0,0,0,0,0,1440
2023-12-06,241640.64,Wednesday,0,0,0,1,4.409810126582278,80.16582278481012,111.79071326789307,1.1790084388185655,1007.6332278481013,1012.5572784810128,1.84,0.0,0.0,0,0,0,0,0,0,0,0,0,0,0,0,0,0,0,948
2023-12-07,237742.56,Thursday,0,0,0,1,6.83394495412844,72.85840978593272,135.8217465615749,1.88868501529052,1010.5217791411043,1016.4815950920246,9.1,27120.0,0.0,0,0,0,0,0,0,0,0,0,0,0,0,0,0,0,327
2023-12-08,222955.2,Friday,0,0,0,1,10.979652777777778,68.106875,155.17693795339954,2.835208333333333,1009.149236111111,1013.9475,8.61,24420.0,0.0,0,0,0,0,0,0,0,0,0,0,0,0,0,0,0,1440
2023-12-09,202152.96,Saturday,1,0,0,1,11.981319444444443,88.14388888888888,5.898098751028725,1.0722222222222222,1012.7718055555555,1017.5680555555556,5.34,8880.0,0.0,0,0,0,0,0,0,0,0,0,0,0,0,0,0,0,1440
2023-12-10,193072.32,Sunday,1,1,0,1,11.90423611111111,74.56166666666667,322.9177915220575,1.1847916666666667,1017.8772916666667,1022.7147916666667,7.53,19320.0,0.0,0,0,0,0,0,0,0,0,0,0,0,0,0,0,0,1440
2023-12-11,221947.2,Monday,0,0,0,1,10.445208333333333,79.58131944444445,68.74629658628405,2.432847222222222,1012.6848611111111,1017.5008333333333,1.27,0.0,13.6,0,0,0,0,0,0,0,0,0,0,0,0,0,0,0,1440
2023-12-12,232231.68,Tuesday,0,0,0,1,5.96875,73.90243055555555,37.17143828496354,1.6933333333333334,1015.9870833333333,1020.9154166666666,5.84,11760.0,0.1,0,0,0,0,0,0,0,0,0,0,0,0,0,0,0,1440
2023-12-13,232189.92,Wednesday,0,0,0,1,6.5937455068296185,75.00368055555556,48.54236590697664,1.5718055555555557,1023.0429861111111,1027.9987059669302,5.62,2940.0,0.0,0,0,0,0,0,0,0,0,0,0,0,0,0,0,0,1440
2023-12-14,227704.32,Thursday,0,0,0,1,9.10125,78.78631944444444,83.46715940100873,2.555902777777778,1018.40375,1023.3037499999999,1.45,0.0,17.5,0,0,0,0,0,0,0,0,0,0,0,0,0,0,0,1440
2023-12-15,230462.64,Friday,0,0,0,1,6.032013888888889,94.3320138888889,58.607844985775245,2.1289583333333333,1007.93625,1012.83625,1.25,0.0,30.7,0,0,0,0,0,0,0,0,0,0,0,0,0,0,0,1440
2023-12-16,230095.44,Saturday,1,0,1,0,-2.5520833333333335,75.6554861111111,288.5847404608264,4.7498611111111115,1017.0489583333333,1022.1518055555556,4.04,1620.0,5.6,0,1,0,0,1,0,0,0,0,0,0,1,0,0,0,1440
2023-12-17,243280.08,Sunday,1,1,1,0,-8.940486111111111,49.194583333333334,307.231942907645,3.115486111111111,1029.1678472222222,1034.4529861111112,11.05,32640.0,0.0,0,0,0,0,0,0,0,0,0,0,0,1,0,0,0,1440
2023-12-18,293940.0,Monday,0,0,1,0,-7.156111111111111,49.719861111111115,309.54770796309805,1.3939583333333334,1030.4395833333333,1035.7022222222222,6.66,11820.0,0.0,0,0,0,0,0,0,0,0,0,0,0,1,0,0,0,1440
2023-12-19,280342.08,Tuesday,0,0,1,0,-3.1974305555555556,56.77541666666667,94.21475630100794,1.1552083333333334,1024.1980555555556,1029.3472916666667,5.87,5460.0,0.0,0,0,0,0,0,0,0,0,0,0,0,0,0,0,0,1440
2023-12-20,291381.84,Wednesday,0,0,1,0,-6.542638888888889,67.00291666666666,299.08302611003813,3.0403472222222225,1022.8138194444443,1028.0292361111112,8.94,20520.0,1.7,0,0,0,0,0,0,0,0,0,0,1,0,0,0,0,1440
2023-12-21,311306.4,Thursday,0,0,1,0,-10.6525,55.77638888888889,303.15580690146135,2.8765277777777776,1025.5875694444444,1030.89625,10.86,32520.0,0.0,0,0,0,0,0,0,0,0,0,0,1,0,0,0,0,1440
2023-12-22,309945.6,Friday,0,0,1,0,-11.009861111111112,51.42625,298.5306415419356,2.261527777777778,1031.436736111111,1036.795,10.85,32580.0,0.0,0,0,0,0,0,0,0,0,0,0,1,1,0,0,0,1440
2023-12-23,255784.32,Saturday,1,0,1,0,-7.027638888888888,57.01201388888889,171.82260499446022,1.0521527777777777,1032.4934722222222,1037.7761111111113,10.37,30600.0,0.0,0,0,0,0,0,0,0,0,0,0,0,1,0,0,0,1440
2023-12-24,230248.08,Sunday,1,1,1,0,-2.3583043780403057,74.94885337039611,154.20539793280932,0.9610840861709521,1026.5546907574703,1031.7059068797776,10.1,26580.0,0.8,0,0,0,0,0,0,0,0,0,0,0,0,0,0,0,1439
2023-12-25,227676.24,Monday,0,1,1,0,-1.789375,85.90472222222222,168.37984244462356,1.1066666666666667,1024.2234722222222,1029.348125,5.72,9780.0,2.0,0,0,0,0,1,0,0,0,0,0,0,0,0,0,0,1440
2023-12-26,262895.04,Tuesday,0,0,1,0,0.5740277777777778,79.39520833333334,271.40971893284086,1.2754166666666666,1024.76125,1029.8458333333333,10.06,28560.0,0.0,0,0,0,0,0,0,0,0,0,0,0,0,0,0,0,1440
2023-12-27,262003.68,Wednesday,0,0,1,0,0.5047222222222223,81.83534722222223,286.6909407015006,0.8240277777777777,1026.0417361111113,1031.144513888889,8.96,29040.0,0.0,0,0,0,0,0,0,0,0,0,0,0,0,0,0,0,1440
2023-12-28,259301.52,Thursday,0,0,1,0,-0.15083333333333332,84.38236111111111,271.3367601036773,0.9973611111111111,1024.3167361111111,1029.4161111111111,7.55,13560.0,0.0,0,0,0,0,0,0,0,0,0,0,0,0,0,0,0,1440
2023-12-29,249499.44,Friday,0,0,1,0,0.7603472222222223,78.44416666666667,292.4805265141721,0.7827083333333332,1022.999236111111,1028.060763888889,6.08,9780.0,0.0,0,0,0,0,0,0,0,0,0,0,0,0,0,0,0,1440
2023-12-30,229330.8,Saturday,1,0,1,0,0.5295833333333333,90.10104166666666,95.35462750003101,1.6522916666666667,1014.2516666666666,1019.2829166666666,1.04,0.0,8.4,0,0,0,0,0,0,0,0,0,0,0,0,0,0,0,1440
2023-12-31,213547.68,Sunday,1,1,1,0,2.504583333333333,90.76770833333333,286.2634536220404,1.7759027777777778,1012.4706249999999,1017.47125,2.36,0.0,1.4,0,0,0,0,0,0,0,0,0,0,0,0,0,0,0,1440
2024-01-01,217037.52,Monday,0,1,1,0,2.031597222222222,85.11076388888888,246.03367369457163,0.9207638888888889,1022.81625,1027.8573611111112,7.5,14160.0,0.0,0,0,0,0,0,0,0,0,0,0,0,0,0,0,0,1440
2024-01-02,250782.48,Tuesday,0,0,1,0,2.60625,78.50111111111111,280.9766668661503,1.129375,1018.1986111111111,1023.1986111111111,3.71,1200.0,0.0,0,0,0,0,0,0,0,0,0,0,0,0,0,0,0,1440
2024-01-03,255096.0,Wednesday,0,0,1,0,1.244861111111111,84.81493055555555,212.13709289798894,1.0495833333333333,1015.1384722222222,1020.1559027777778,3.22,900.0,1.9,0,0,0,0,0,0,0,0,0,0,0,0,0,0,0,1440
2024-01-04,257709.6,Thursday,0,0,1,0,0.8272916666666666,74.15652777777777,159.37193013797724,1.4565277777777779,1017.8115277777779,1022.8659027777777,6.93,6360.0,0.0,0,0,0,0,0,0,0,0,0,0,0,0,0,0,0,1440
2024-01-05,240380.64,Friday,0,0,1,0,4.293819444444445,79.12020833333334,209.93776480137154,1.7482638888888888,1015.8263194444444,1020.8009722222222,7.19,16020.0,0.0,0,0,0,0,0,0,0,0,0,0,0,0,0,0,0,1440
2024-01-06,221095.44,Saturday,1,0,1,0,0.34458333333333335,69.06520833333333,266.6002097659045,1.5561111111111112,1017.6578472222222,1022.7175694444445,10.77,32340.0,0.6,0,0,0,0,0,0,0,0,0,0,0,0,0,0,0,1440
2024-01-07,226702.8,Sunday,1,1,1,0,-3.5475,56.363055555555555,300.15717016706037,3.014375,1021.8509027777778,1026.9995833333332,11.27,32820.0,0.0,0,0,0,0,0,0,0,0,0,0,0,0,0,0,0,1440
2024-01-08,277799.04,Monday,0,0,1,0,-5.02125,58.88361111111111,211.0568127867152,1.2219444444444443,1022.7295833333334,1027.910625,11.41,32580.0,0.0,0,0,0,0,0,0,0,0,0,0,0,0,0,0,0,1440
2024-01-09,267402.96,Tuesday,0,0,1,0,-0.5734722222222222,81.92756944444444,135.50010605378478,0.9415277777777777,1015.7672916666666,1020.82,1.31,0.0,3.0,0,0,0,0,1,0,0,0,0,0,0,0,0,0,0,1440
2024-01-10,267805.44,Wednesday,0,0,1,0,-1.1416666666666666,85.58555555555556,280.85539371007536,1.332638888888889,1016.5315277777777,1021.6119444444444,6.46,14460.0,0.0,0,0,0,0,0,0,0,0,0,0,0,0,0,0,0,1440
2024-01-11,261740.16,Thursday,0,0,1,0,0.5943055555555555,80.10194444444444,158.68644947638876,1.547986111111111,1014.3358333333334,1019.3774305555555,4.96,1200.0,0.0,0,0,0,0,0,0,0,0,0,0,0,0,0,0,0,1440
2024-01-12,253244.16,Friday,0,0,1,0,0.9765972222222222,67.38354166666667,272.4351081406804,1.5370833333333334,1014.6354861111112,1019.664861111111,10.96,32640.0,0.0,0,0,0,0,0,0,0,0,0,0,0,0,0,0,0,1440
2024-01-13,225825.84,Saturday,1,0,1,0,-0.21966643502432245,48.0724808895066,257.24306080565145,0.9512161223071577,1020.0720639332869,1025.1538568450312,11.37,33360.0,0.0,0,0,0,0,0,0,0,0,0,0,0,0,0,0,0,1439
2024-01-14,218637.36,Sunday,1,1,1,0,-0.7236970118137597,79.91209173036832,309.85156782543953,1.672967338429465,1017.5712300208478,1022.6403752605977,1.95,4920.0,2.5,0,0,0,0,0,0,0,0,0,0,0,0,0,0,0,1439
2024-01-15,269445.6,Monday,0,0,1,0,-3.0502432244614317,49.246351633078525,292.4446796710317,2.170048644892286,1023.549339819319,1028.7085476025018,11.96,33720.0,0.0,0,0,0,0,0,0,0,0,0,0,0,0,0,0,0,1439
2024-01-16,266251.68,Tuesday,0,0,1,0,-2.8329166666666667,52.710902777777775,279.17984641667556,0.9629166666666666,1027.8130555555556,1032.9854166666667,9.9,29940.0,0.0,0,0,0,0,0,0,0,0,0,0,0,0,0,0,0,1440
2024-01-17,259282.08,Wednesday,0,0,1,0,0.5359722222222223,80.19701388888889,349.9090141714188,0.9178472222222223,1021.8020138888888,1026.860625,2.28,0.0,10.3,0,0,0,0,0,0,0,0,0,0,0,0,0,0,0,1440
2024-01-18,243291.6,Thursday,0,0,1,0,4.745138888888889,83.34243055555557,338.1930374043664,1.4025694444444445,1018.3214583333332,1023.2879166666668,8.51,14940.0,1.2,0,0,0,0,0,0,0,0,0,0,0,0,0,0,0,1440
2024-01-19,232169.76,Friday,0,0,1,0,6.296875,60.662638888888885,87.97083538593989,3.468888888888889,1023.021111111111,1027.9942361111111,9.25,14220.0,0.0,0,0,0,0,0,0,0,0,0,0,0,0,0,0,0,1440
2024-01-20,209200.32,Saturday,1,0,1,0,4.00375,70.09840277777778,79.29520369252948,3.2354166666666666,1021.1051388888889,1026.1051388888889,2.31,0.0,1.4,0,0,0,0,0,0,0,0,0,0,0,0,0,0,0,1440
2024-01-21,208027.44,Sunday,1,1,1,0,2.1820138888888887,77.55444444444444,309.761011798133,2.014236111111111,1020.9034027777777,1025.9205555555557,3.79,0.0,0.0,0,0,0,0,0,0,0,0,0,0,0,1,0,0,0,1440
2024-01-22,288121.68,Monday,0,0,1,0,-7.284097222222223,65.45916666666666,292.9194778585564,4.294375,1024.0327777777777,1029.2540277777778,10.19,22440.0,0.2,0,0,0,0,0,0,0,0,0,0,0,1,0,0,0,1440
2024-01-23,313848.0,Tuesday,0,0,1,0,-10.800625,55.50208333333333,300.2685776275052,3.728263888888889,1022.1292361111111,1027.4233333333334,11.7,26820.0,0.0,0,0,0,0,0,0,0,0,0,0,0,1,0,0,0,1440
2024-01-24,301600.08,Wednesday,0,0,1,0,-7.422361111111112,48.702847222222225,298.189323447326,3.738888888888889,1021.758611111111,1026.9948611111113,12.73,33840.0,0.0,0,0,0,0,0,0,0,0,0,0,0,1,0,0,0,1440
2024-01-25,287858.88,Thursday,0,0,1,0,-5.3770138888888885,46.81902777777778,287.62432079189364,1.7634722222222223,1024.23375,1029.4359027777778,12.67,33720.0,0.0,0,0,0,0,0,0,0,0,0,0,0,0,0,0,0,1440
2024-01-26,270852.48,Friday,0,0,1,0,-2.62875,65.84819444444445,256.49205062973385,1.18875,1024.6669444444444,1029.81125,11.15,29160.0,0.0,0,0,0,0,0,0,0,0,0,0,0,0,0,0,0,1440
2024-01-27,232680.96,Saturday,1,0,1,0,-1.4640277777777777,71.19333333333333,274.4760937671054,1.2675694444444443,1023.0021527777778,1028.1139583333334,12.75,31920.0,0.0,0,0,0,0,0,0,0,0,0,0,0,0,0,0,0,1440
2024-01-28,229411.44,Sunday,1,1,1,0,-1.8538194444444445,70.35881944444444,257.4802004508447,1.3122916666666666,1024.119513888889,1029.2541666666666,9.89,19320.0,0.0,0,0,0,0,0,0,0,0,0,0,0,0,0,0,0,1440
2024-01-29,265902.48,Monday,0,0,1,0,-1.35375,70.61076388888888,267.72588067070376,1.198611111111111,1026.6626388888888,1031.7819444444444,13.47,33600.0,0.0,0,0,0,0,0,0,0,0,0,0,0,0,0,0,0,1440
2024-01-30,259123.68,Tuesday,0,0,1,0,0.04986111111111112,64.4075,278.91070403306855,0.91375,1024.46875,1029.5574305555556,12.02,33960.0,0.0,0,0,0,0,0,0,0,0,0,0,0,0,0,0,0,1440
2024-01-31,242670.24,Wednesday,0,0,1,0,4.125902777777778,54.22451388888889,282.53015119613354,1.3058333333333334,1019.745625,1024.7472916666668,12.19,32220.0,0.0,0,0,0,0,0,0,0,0,0,0,0,0,0,0,0,1440
2024-02-01,245733.84,Thursday,0,0,1,0,1.8501388888888888,70.34590277777778,273.4933604259085,1.5115277777777778,1020.6618055555556,1025.7188888888888,7.63,8280.0,0.0,0,0,0,0,0,0,0,0,0,0,0,0,0,0,0,1440
2024-02-02,242359.92,Friday,0,0,1,0,1.5896527777777778,72.02604166666667,247.52128648457017,1.09625,1022.6602777777778,1027.7296527777778,8.13,13020.0,0.0,0,0,0,0,0,0,0,0,0,0,0,0,0,0,0,1440
2024-02-03,214403.76,Saturday,1,0,1,0,2.7380555555555555,77.36555555555555,272.6636579404427,1.302361111111111,1023.1275694444444,1028.156736111111,5.32,720.0,0.6,0,0,0,0,0,0,0,0,0,0,0,0,0,0,0,1440
2024-02-04,199395.36,Sunday,1,1,1,0,6.1038194444444445,73.34458333333333,102.63341210768765,1.6015972222222223,1020.5971527777778,1025.5431944444445,9.07,11160.0,0.0,0,0,0,0,0,0,0,0,0,0,0,0,0,0,0,1440
2024-02-05,239294.88,Monday,0,0,1,0,3.205416666666667,84.53555555555555,67.4916968853326,2.8760416666666666,1016.366388888889,1021.367986111111,3.45,0.0,4.7,0,0,0,0,0,0,0,0,0,0,0,0,0,0,0,1440
2024-02-06,246824.64,Tuesday,0,0,1,0,1.5339689265536722,80.77,295.3421713204041,1.6263194444444444,1020.4495833333333,1025.5005555555556,4.41,0.0,0.0,0,0,0,0,0,0,0,0,0,0,0,0,0,0,0,1440
2024-02-07,251267.76,Wednesday,0,0,1,0,0.18680555555555556,78.06979166666666,256.3931882661067,1.526111111111111,1019.2109722222223,1024.2799305555557,5.14,1140.0,0.0,0,0,0,0,0,0,0,0,0,0,0,0,0,0,0,1440
2024-02-08,242274.24,Thursday,0,0,1,0,-0.34631944444444446,71.368125,265.5433414715033,1.1726388888888888,1017.4157638888888,1022.4858333333334,13.43,30540.0,0.0,0,0,0,0,0,0,0,0,0,0,0,0,0,0,0,1440
2024-02-09,212305.68,Friday,0,1,1,0,-0.0034027777777777806,71.70881944444444,231.13785298806718,1.760486111111111,1017.6944444444445,1022.7520138888888,13.7,29640.0,0.0,0,0,0,0,0,0,0,0,0,0,0,0,0,0,0,1440
2024-02-10,205190.64,Saturday,1,1,1,0,0.5419041000694926,73.4920083391244,212.79724172989657,1.6289784572619874,1018.9292564280751,1023.9782487838777,13.19,32040.0,0.0,0,0,0,0,0,0,0,0,0,0,0,0,0,0,0,1439
2024-02-11,206733.6,Sunday,1,1,1,0,0.126875,76.48409722222223,236.83668483552154,1.6409027777777778,1019.9155555555554,1024.9895138888887,10.92,22740.0,0.0,0,0,0,0,0,0,0,0,0,0,0,0,0,0,0,1440
2024-02-12,211338.72,Monday,0,1,1,0,2.6510416666666665,68.25458333333334,153.87331996116697,1.4027083333333334,1024.2215972222223,1029.2652083333332,15.06,34440.0,0.0,0,0,0,0,0,0,0,0,0,0,0,0,0,0,0,1440
2024-02-13,229543.2,Tuesday,0,0,1,0,7.280069444444444,68.42701388888888,155.51039742788345,1.9261805555555553,1021.0803472222221,1026.0227083333334,9.91,20700.0,0.0,0,0,0,0,0,0,0,0,0,0,0,0,0,0,0,1440
2024-02-14,220936.32,Wednesday,0,0,1,0,11.618819444444444,77.87680555555556,246.78642267550424,1.440625,1016.4625694444445,1021.2914583333333,10.06,16620.0,0.0,0,0,0,0,0,0,0,0,0,0,0,0,0,0,0,1440
2024-02-15,232251.84,Thursday,0,0,1,0,4.744027777777777,87.77298611111111,288.7337492218737,2.468402777777778,1015.1779861111112,1020.1360416666666,1.64,60.0,6.4,0,0,0,0,0,0,0,0,0,0,0,0,0,0,0,1440
2024-02-16,234964.8,Friday,0,0,1,0,1.3720833333333333,71.06097222222222,236.04919988568935,1.2543055555555556,1020.2219444444445,1025.2604861111113,13.8,30840.0,0.0,0,0,0,0,0,0,0,0,0,0,0,0,0,0,0,1440
2024-02-17,207745.2,Saturday,1,0,1,0,3.0121527777777777,79.04388888888889,284.71501721480166,1.0202777777777778,1017.3814583333334,1022.3802777777778,14.15,24120.0,0.0,0,0,0,0,0,0,0,0,0,0,0,0,0,0,0,1440
2024-02-18,197050.32,Sunday,1,1,1,0,5.283541666666666,82.88951388888889,66.66132426309169,2.0341666666666667,1013.8296527777777,1018.7764583333334,3.11,3240.0,17.7,0,0,0,0,0,0,0,0,0,0,0,0,0,0,0,1440
2024-02-19,225185.76,Monday,0,0,1,0,8.653958333333334,97.07618055555557,238.2051750118486,1.8003472222222223,1007.3181944444444,1012.1566666666668,1.46,0.0,10.9,0,0,0,0,0,0,0,0,0,0,0,0,0,0,0,1440
2024-02-20,231915.6,Tuesday,0,0,1,0,4.874097222222222,86.98402777777778,334.6816347746569,2.200555555555556,1017.7851388888889,1022.7644444444445,2.02,0.0,2.2,0,0,0,0,0,0,0,0,0,0,0,0,0,0,0,1440
2024-02-21,240186.24,Wednesday,0,0,1,0,3.1374305555555555,89.87347222222222,78.55805922384832,2.9209722222222223,1016.5129861111111,1021.5129861111111,2.22,0.0,21.5,0,0,0,0,0,0,0,0,0,0,0,0,0,0,0,1440
2024-02-22,251695.44,Thursday,0,0,1,0,0.763611111111111,84.46958333333333,72.11397177122664,2.3943055555555555,1021.83125,1026.9191666666668,2.46,0.0,7.9,0,0,0,0,1,0,0,0,0,0,0,0,0,0,0,1440
2024-02-23,244306.8,Friday,0,0,1,0,2.446111111111111,65.71805555555555,75.74478501448714,2.8577777777777778,1025.1229861111112,1030.1752777777776,13.76,18000.0,0.0,0,0,0,0,0,0,0,0,0,0,0,0,0,0,0,1440
2024-02-24,219937.68,Saturday,1,0,1,0,2.24375,65.12902777777778,96.91457146208396,3.850972222222222,1024.3708333333334,1029.4176388888889,10.2,10080.0,1.3,0,0,0,0,0,0,0,0,0,0,0,0,0,0,0,1440
2024-02-25,213701.04,Sunday,1,1,1,0,2.6820833333333334,83.3375,303.24000270793425,1.5170833333333333,1019.2834722222221,1024.299236111111,6.9,3840.0,1.5,0,0,0,0,0,0,0,0,0,0,0,0,0,0,0,1440
2024-02-26,244575.36,Monday,0,0,1,0,2.927013888888889,74.0025,273.98173129983235,1.276875,1023.09375,1028.1191666666668,15.39,28800.0,0.0,0,0,0,0,0,0,0,0,0,0,0,0,0,0,0,1440
2024-02-27,241458.48,Tuesday,0,0,1,0,4.972569444444445,51.978125,101.05791392095027,2.533333333333333,1025.214652777778,1030.2209027777778,12.76,24180.0,0.0,0,0,0,0,0,0,0,0,0,0,0,0,0,0,0,1440
2024-02-28,232524.0,Wednesday,0,0,1,0,6.0645138888888885,59.21298611111111,159.232616809149,1.611875,1023.710138888889,1028.6790277777777,10.01,8100.0,0.0,0,0,0,0,0,0,0,0,0,0,0,0,0,0,0,1440
2024-02-29,231960.96,Thursday,0,0,1,0,4.688284518828452,67.37510460251046,279.966951057759,1.8274755927475592,1018.5593444909346,1023.5274755927475,6.66,180.0,0.0,0,0,0,0,0,0,0,0,0,0,0,0,0,0,0,1434
2024-03-01,229814.64,Friday,0,1,1,0,-2.9071527777777777,37.13854166666667,296.77342576063654,4.645277777777777,1019.76125,1024.8900694444444,18.89,37140.0,0.0,0,0,0,0,0,0,0,0,0,0,0,0,0,0,0,1440
2024-03-02,227525.76,Saturday,1,0,1,0,-1.5118749999999999,56.03354166666667,194.31762819610765,2.863263888888889,1016.5808333333333,1021.6657638888888,13.2,23220.0,0.0,0,0,0,0,0,0,0,0,0,0,0,0,0,0,0,1440
2024-03-03,212268.96,Sunday,1,1,1,0,4.125277777777778,76.75305555555555,267.3754310822047,2.022708333333333,1013.1625694444446,1018.1129861111111,11.53,21120.0,0.0,0,0,0,0,0,0,0,0,0,0,0,0,0,0,0,1440
2024-03-04,249498.72,Monday,0,0,0,0,4.696111111111111,61.43444444444445,290.60707119077233,1.2631944444444445,1016.3740277777779,1021.3415972222222,16.48,29580.0,0.0,0,0,0,0,0,0,0,0,0,0,0,0,0,0,0,1440
2024-03-05,240635.52,Tuesday,0,0,0,0,8.305972222222222,48.82576388888889,81.06647435922687,2.2220833333333334,1010.460625,1015.3198611111112,4.96,0.0,0.0,0,0,0,0,0,0,0,0,0,0,0,0,0,0,0,1440
2024-03-06,238918.32,Wednesday,0,0,0,0,6.319722222222222,59.25,60.27824797002466,1.6654166666666665,1011.8793055555556,1016.7765277777778,11.22,10860.0,0.0,0,0,0,0,0,0,0,0,0,0,0,0,0,0,0,1440
2024-03-07,240536.88,Thursday,0,0,0,0,4.541597222222222,57.562847222222224,212.6837692082266,2.9533333333333336,1012.7395138888888,1017.6989583333333,13.89,19080.0,0.0,0,0,0,0,0,0,0,0,0,0,0,0,0,0,0,1440
2024-03-08,238896.0,Friday,0,0,0,0,2.497361111111111,50.30298611111111,291.0604989430271,3.400972222222222,1013.7894444444445,1018.7677777777778,19.74,38160.0,0.0,0,0,0,0,0,0,0,0,0,0,0,0,0,0,0,1440
2024-03-09,216138.96,Saturday,1,0,0,0,1.2169444444444446,48.27909722222222,282.5110396495998,2.0280555555555555,1019.4976388888889,1024.5513194444443,20.2,39780.0,0.0,0,0,0,0,0,0,0,0,0,0,0,0,0,0,0,1440
2024-03-10,207213.84,Sunday,1,1,0,0,2.981666666666667,59.90430555555555,241.9572561497224,1.4849305555555556,1023.7565972222222,1028.7909722222223,20.46,39660.0,0.0,0,0,0,0,0,0,0,0,0,0,0,0,0,0,0,1440
2024-03-11,238225.68,Monday,0,0,0,0,5.606041666666666,64.20680555555556,211.11520083712986,1.2611805555555555,1016.4034722222223,1021.3466666666666,8.41,2160.0,0.0,0,0,0,0,0,0,0,0,0,0,0,0,0,0,0,1440
2024-03-12,238227.84,Tuesday,0,0,0,0,5.755972222222223,82.94479166666666,281.9326381834354,1.261111111111111,1011.0797222222222,1015.984375,6.91,3780.0,2.4,0,0,0,0,0,0,0,0,0,0,0,0,0,0,0,1440
2024-03-13,239433.84,Wednesday,0,0,0,0,5.059375,66.9661111111111,230.7926024736608,1.9627777777777777,1016.1928472222222,1021.1539583333333,20.04,37920.0,0.0,0,0,0,0,0,0,0,0,0,0,0,0,0,0,0,1440
2024-03-14,230161.68,Thursday,0,0,0,0,6.953263888888889,65.42333333333333,193.94881268490573,1.8984722222222223,1017.0468055555555,1021.9672916666666,20.28,39180.0,0.0,0,0,0,0,0,0,0,0,0,0,0,0,0,0,0,1440
2024-03-15,220226.4,Friday,0,0,0,0,7.519930555555556,69.64173611111111,216.6413042923544,1.9230555555555555,1019.4192361111111,1024.339375,20.09,38820.0,0.0,0,0,0,0,0,0,0,0,0,0,0,0,0,0,0,1440
2024-03-16,194867.28,Saturday,1,0,0,0,9.34923611111111,64.62180555555555,254.31295088966675,1.5153472222222222,1017.0972916666667,1021.971875,17.96,29880.0,0.0,0,0,0,0,0,0,0,0,0,0,0,0,0,0,0,1440
2024-03-17,190486.8,Sunday,1,1,0,0,8.88875,59.80131944444444,294.5284483674317,3.0416666666666665,1012.519375,1017.3858333333334,15.49,26520.0,0.5,0,0,0,0,0,0,0,0,0,0,0,0,0,0,0,1440
2024-03-18,227183.04,Monday,0,0,0,0,6.266597222222222,43.74951388888889,260.60931414685325,1.881875,1017.1609027777778,1022.103125,20.84,35820.0,0.0,0,0,0,0,0,0,0,0,0,0,0,0,0,0,0,1440
2024-03-19,231771.6,Tuesday,0,0,0,0,5.943958333333333,71.88347222222222,232.7579403207932,3.7188194444444447,1011.5259722222222,1016.4328472222222,11.14,12120.0,1.9,0,0,0,0,0,0,0,0,0,0,0,0,0,0,0,1440
2024-03-20,234801.36,Wednesday,0,0,0,0,4.292916666666667,61.86159722222222,285.76933275400773,3.689652777777778,1015.568125,1020.5349305555555,18.77,35280.0,0.0,0,0,0,0,0,0,0,0,0,0,0,0,0,0,0,1440
2024-03-21,233925.84,Thursday,0,0,0,0,4.107847222222222,62.68541666666667,264.05294374185695,1.726388888888889,1014.1080555555557,1019.0678472222222,21.06,40140.0,0.0,0,0,0,0,0,0,0,0,0,0,0,0,0,0,0,1440
2024-03-22,220048.56,Friday,0,0,0,0,9.904166666666667,65.45402777777778,150.98894449427274,3.2090972222222223,1008.2546527777778,1013.0811111111111,12.25,17520.0,2.1,0,0,0,0,0,0,0,0,0,0,0,0,0,0,0,1440
2024-03-23,192662.64,Saturday,1,0,0,0,13.107291666666667,77.99861111111112,278.9092914944215,2.0877777777777777,1009.9607638888889,1014.72875,21.01,36360.0,0.0,0,0,0,0,0,0,0,0,0,0,0,0,0,0,0,1440
2024-03-24,181854.72,Sunday,1,1,0,0,14.663794301598333,70.34801945795692,144.5725595181551,1.9229325920778317,1011.6329395413482,1016.3833217512162,18.97,31500.0,0.0,0,0,0,0,0,0,0,0,0,0,0,0,0,0,0,1439
2024-03-25,211269.6,Monday,0,0,0,0,10.949061848505908,70.68631284916201,95.74323674884606,3.152605976372481,1011.0674774148715,1015.8932592077831,5.14,0.0,3.5,0,0,0,0,0,0,0,0,0,0,0,0,0,0,0,1439
2024-03-26,219674.88,Tuesday,0,0,0,0,7.033958333333333,78.24819444444444,338.2180805936437,1.9977777777777779,1014.7338194444444,1019.6450694444444,13.43,9120.0,15.7,0,0,0,0,0,0,0,0,0,0,0,0,0,0,0,1440
2024-03-27,217796.4,Wednesday,0,0,0,0,9.1501042390549,74.37533009034051,225.4514073452429,1.3785267546907576,1018.3152883947186,1023.214384989576,18.47,32160.0,0.0,0,0,0,0,0,0,0,0,0,0,0,0,0,0,0,1439
2024-03-28,219155.04,Thursday,0,0,0,0,9.834444444444445,84.33777777777777,187.39300103910577,1.6982638888888888,1006.2361805555556,1011.0513888888889,4.77,120.0,2.2,0,0,0,0,0,0,0,0,0,0,0,0,0,0,0,1440
2024-03-29,219458.88,Friday,0,0,0,0,7.371666666666667,81.07409722222222,233.4353523105633,2.45625,1002.4913194444445,1007.3417361111112,6.53,11520.0,1.9,0,0,0,0,0,0,0,0,0,0,0,0,0,0,0,1440
2024-03-30,192272.4,Saturday,1,0,0,0,8.144375,65.68923611111111,221.17173908051865,1.9404166666666665,1007.2472916666667,1012.1052777777778,18.15,26460.0,0.0,0,0,0,0,0,0,0,0,0,0,0,0,0,0,0,1440
2024-03-31,185549.04,Sunday,1,1,0,0,9.586527777777778,45.31277777777778,274.3371639983281,1.7349305555555556,1007.9654166666667,1012.7894444444445,22.08,34740.0,0.0,0,0,0,0,0,0,0,0,0,0,0,0,0,0,0,1440
2024-04-01,211705.2,Monday,0,0,0,0,10.654166666666667,42.466209262435676,256.6578928633196,1.5482638888888889,1009.8275694444444,1014.6411805555556,23.24,41400.0,0.0,0,0,0,0,0,0,0,0,0,0,0,0,0,0,0,1440
2024-04-02,212448.24,Tuesday,0,0,0,0,13.784444444444443,61.2469696969697,250.74676113067122,1.2220833333333334,1008.2063194444445,1012.9414583333333,21.99,37500.0,0.0,0,0,0,0,0,0,0,0,0,0,0,0,0,0,0,1440
2024-04-03,216437.04,Wednesday,0,0,0,0,14.755765199161425,80.01125,99.87001099002383,1.579236111111111,1002.3834722222222,1007.0960167714884,4.53,0.0,8.5,0,0,0,0,0,0,0,0,0,0,0,0,0,0,0,1440
2024-04-04,212947.92,Thursday,0,0,0,0,14.85125,65.31511354737665,106.01744047419913,2.5029166666666667,1009.4667361111112,1014.2073611111111,17.09,20040.0,0.0,0,0,0,0,0,0,0,0,0,0,0,0,0,0,0,1440
2024-04-05,202657.68,Friday,0,0,0,0,13.39263888888889,52.787222222222226,184.67657796094514,2.4858333333333333,1014.2818749999999,1019.066875,16.89,22680.0,0.0,0,0,0,0,0,0,0,0,0,0,0,0,0,0,0,1440
2024-04-06,183756.24,Saturday,1,0,0,0,10.793125,56.39416666666667,268.7031210637854,1.3289583333333335,1014.6828472222222,1019.5161111111111,15.47,18420.0,0.0,0,0,0,0,0,0,0,0,0,0,0,0,0,0,0,1440
2024-04-07,178609.68,Sunday,1,1,0,0,12.936597222222222,45.06203703703704,265.67098104793837,1.4431944444444442,1013.2731944444444,1018.0538194444445,22.9,41220.0,0.0,0,0,0,0,0,0,0,0,0,0,0,0,0,0,0,1440
2024-04-08,205347.6,Monday,0,0,0,1,14.018346073662267,51.452503793626704,260.9918616731653,1.3887421820708825,1012.0602501737317,1016.827380125087,13.85,9960.0,0.0,0,0,1,0,0,0,0,0,0,0,0,0,0,0,0,1439
2024-04-09,205583.04,Tuesday,0,0,0,1,14.090555555555557,45.051874999999995,120.25283013098542,2.3594444444444442,1015.0661111111111,1019.8343055555555,24.21,42180.0,0.0,0,0,1,0,0,0,0,0,0,0,0,0,0,0,0,1440
2024-04-10,187373.52,Wednesday,0,1,0,1,13.4325,61.99576388888889,213.7130403195463,2.1244444444444444,1019.9336111111111,1024.7405555555556,14.16,13860.0,0.0,0,0,1,0,0,0,0,0,0,0,0,0,0,0,0,1440
2024-04-11,209296.8,Thursday,0,0,0,1,14.561111111111112,68.25588516746411,243.68803866721407,1.0793055555555555,1017.0234722222223,1021.8136805555555,14.68,15300.0,0.0,0,0,1,0,0,0,0,0,0,0,0,0,0,0,0,1440
2024-04-12,206964.72,Friday,0,0,0,1,15.814444444444444,67.73600713012478,276.29403714579684,1.5018749999999998,1013.8425694444445,1018.5829166666666,23.42,38040.0,0.0,0,0,0,0,0,0,0,0,0,0,0,0,0,0,0,1440
2024-04-13,189732.24,Saturday,1,0,0,1,16.724444444444444,64.68259649122807,256.46728628226094,1.5001388888888887,1012.9554166666667,1017.6790972222221,24.48,42900.0,0.0,0,0,0,0,0,0,0,0,0,0,0,0,0,0,0,1440
2024-04-14,184275.36,Sunday,1,1,0,1,18.392708333333335,53.846514935988615,189.88277763981722,1.3909722222222223,1011.9180555555556,1016.5938888888888,24.1,41820.0,0.0,0,0,0,0,0,0,0,0,0,0,0,0,0,0,0,1440
2024-04-15,215698.32,Monday,0,0,0,1,15.247708333333334,78.79770833333333,147.72426879359125,2.4498611111111113,1006.2396527777778,1010.9410416666667,3.95,0.0,17.1,0,0,0,0,0,0,0,0,0,0,0,0,0,0,0,1440
2024-04-16,216124.56,Tuesday,0,0,0,1,12.914583333333333,81.90159722222222,246.4929131328838,2.2111111111111112,1007.7875694444446,1012.5536805555556,17.95,23880.0,4.4,0,0,0,0,0,0,0,0,0,0,0,0,0,0,0,1440
2024-04-17,211673.52,Wednesday,0,0,0,1,13.466041666666666,67.80006944444445,261.4204449725112,1.750486111111111,1007.8765277777777,1012.6243750000001,23.37,39780.0,0.0,0,0,0,0,0,0,0,0,0,0,0,0,0,0,0,1440
2024-04-18,210747.6,Thursday,0,0,0,1,14.895625,59.20597222222223,258.2076221350823,1.6714583333333335,1005.821111111111,1010.5313888888888,24.67,41760.0,0.0,0,0,0,0,0,0,0,0,0,0,0,0,0,0,0,1440
2024-04-19,211147.2,Friday,0,0,0,1,15.526041666666666,57.86236111111111,225.65648835245392,1.5372222222222223,1007.8552083333333,1012.5546527777777,22.6,37080.0,0.0,0,0,0,0,0,0,0,0,0,0,0,0,0,0,0,1440
2024-04-20,193944.96,Saturday,1,0,0,1,14.129444444444445,79.22423611111111,84.38322112134354,2.020625,1005.6245833333332,1010.3256944444445,4.46,0.0,6.3,0,0,0,0,0,0,0,0,0,0,0,0,0,0,0,1440
2024-04-21,190428.48,Sunday,1,1,0,1,16.702291666666667,68.45673611111111,84.77663728674035,2.3546527777777775,1005.9419444444444,1010.6025000000001,7.07,720.0,0.0,0,0,0,0,0,0,0,0,0,0,0,0,0,0,0,1440
2024-04-22,216209.52,Monday,0,0,0,1,18.42354166666667,51.982697426796804,98.81010742650679,2.252222222222222,1008.1843055555555,1012.8397916666667,20.56,17700.0,0.0,0,0,0,0,0,0,0,0,0,0,0,0,0,0,0,1440
2024-04-23,216974.88,Tuesday,0,0,0,1,16.47701388888889,88.1509090909091,127.76966268411823,2.577361111111111,1006.84375,1011.5401388888889,20.59,26340.0,0.3,0,0,0,0,0,0,0,0,0,0,0,0,0,0,0,1440
2024-04-24,217105.92,Wednesday,0,0,0,1,13.156944444444445,79.04197359277275,248.4087913353738,2.507083333333333,1003.3086805555556,1008.0547916666666,16.49,20940.0,18.4,0,0,0,0,0,0,0,0,0,0,0,0,0,0,0,1440
2024-04-25,213912.72,Thursday,0,0,0,1,13.405069444444443,76.09534722222223,247.96132891812562,1.5513194444444445,1007.2730555555555,1012.0160416666668,19.51,23100.0,0.0,0,0,0,0,0,0,0,0,0,0,0,0,0,0,0,1440
2024-04-26,213117.84,Friday,0,0,0,1,16.183888888888887,70.65535714285714,266.19614945277414,1.4436111111111112,1005.6522916666667,1010.33375,22.29,38460.0,0.0,0,0,0,0,0,0,0,0,0,0,0,0,0,0,0,1440
2024-04-27,192101.76,Saturday,1,0,0,0,15.783888888888889,68.18439716312056,264.9403138918916,1.5998611111111112,1006.9471527777777,1011.6469444444446,26.89,43320.0,0.0,0,0,0,0,0,0,0,0,0,0,0,0,0,0,0,1440
2024-04-28,188101.44,Sunday,1,1,0,0,18.00486111111111,62.80172026925953,251.38896948504794,1.180763888888889,1008.2865277777778,1012.944513888889,25.5,41640.0,0.0,0,0,0,0,0,0,0,0,0,0,0,0,0,0,0,1440
2024-04-29,224141.76,Monday,0,0,0,0,19.11409722222222,57.338125,126.61539507155072,2.1714583333333333,1004.1254861111111,1008.7561111111112,16.73,13080.0,0.0,0,0,0,0,0,0,0,0,0,0,0,0,0,0,0,1440
2024-04-30,224889.84,Tuesday,0,0,0,0,16.478402777777777,68.50194444444445,254.6898233522509,1.875486111111111,1001.9825694444444,1006.650486111111,17.59,17580.0,0.0,0,0,0,0,0,0,0,0,0,0,0,0,0,0,0,1440
2024-05-01,212063.76,Wednesday,0,0,0,0,16.508680555555557,54.91201388888889,146.03764132058615,1.900763888888889,1006.9287499999999,1011.6121527777777,20.77,24060.0,0.0,0,0,0,0,0,0,0,0,0,0,0,0,0,0,0,1440
2024-05-02,219446.64,Thursday,0,0,0,0,16.134444444444444,58.77097488921713,241.02745802403462,1.851388888888889,1013.5214583333333,1018.2422916666666,27.66,44700.0,0.0,0,0,0,0,0,0,0,0,0,0,0,0,0,0,0,1440
2024-05-03,217997.28,Friday,0,0,0,0,16.87986111111111,56.01215277777778,248.39840774050788,1.4730555555555553,1013.7288194444444,1018.4556944444444,27.18,44880.0,0.0,0,0,0,0,0,0,0,0,0,0,0,0,0,0,0,1440
2024-05-04,200724.48,Saturday,1,0,0,0,18.801041666666666,52.93354166666667,246.4795049616309,1.5516666666666667,1011.5178472222221,1016.1753472222222,26.05,44520.0,0.0,0,0,0,0,0,0,0,0,0,0,0,0,0,0,0,1440
2024-05-05,196302.96,Sunday,1,1,0,0,17.405694444444446,86.92993055555556,138.6107935267352,2.879375,1004.9622916666666,1009.6163194444445,3.35,0.0,45.5,0,0,0,0,0,0,0,0,0,0,0,0,0,0,0,1440
2024-05-06,199866.96,Monday,0,1,0,0,14.225069444444443,91.06020833333334,221.82614849041576,2.7731250000000003,1002.7970833333334,1007.4970833333334,3.58,0.0,6.6,0,0,0,0,0,0,0,0,0,0,0,0,0,0,0,1440
2024-05-07,218440.8,Tuesday,0,0,0,0,12.934375,87.30916666666667,82.76379214604013,2.0388888888888888,1006.3802083333334,1011.1220138888889,4.67,0.0,8.7,0,0,0,0,0,0,0,0,0,0,0,0,0,0,0,1440
2024-05-08,212633.28,Wednesday,0,0,0,0,13.975138888888889,60.43625,322.25024150784805,2.064166666666667,1013.3136805555555,1018.071111111111,26.67,43020.0,0.0,0,0,0,0,0,0,0,0,0,0,0,0,0,0,0,1440
2024-05-09,215271.36,Thursday,0,0,0,0,15.06861111111111,63.98743055555555,212.85779472933058,2.2810416666666664,1013.8546527777778,1018.6093055555555,26.47,45360.0,0.0,0,0,0,0,0,0,0,0,0,0,0,0,0,0,0,1440
2024-05-10,216519.12,Friday,0,0,0,0,16.862569444444443,56.774375000000006,193.9543320990741,2.1284027777777776,1013.2707638888888,1017.9805555555556,27.34,44880.0,0.0,0,0,0,0,0,0,0,0,0,0,0,0,0,0,0,1440
2024-05-11,199701.36,Saturday,1,0,0,0,16.325833333333335,76.67666666666666,201.99685449732337,3.2906944444444446,1007.4861805555556,1012.182013888889,10.45,6240.0,23.5,0,0,0,0,0,0,0,0,0,0,0,0,0,0,0,1440
2024-05-12,192008.88,Sunday,1,1,0,0,15.449097222222223,70.02694444444445,272.40278116304376,2.087986111111111,1006.34,1011.0422916666666,27.58,41640.0,0.0,0,0,0,0,0,0,0,0,0,0,0,0,0,0,0,1440
2024-05-13,223058.88,Monday,0,0,0,0,17.04652777777778,55.441319444444446,264.2190363408508,1.8064583333333335,1009.585625,1014.2731944444444,28.86,46140.0,0.0,0,0,0,0,0,0,0,0,0,0,0,0,0,0,0,1440
2024-05-14,226762.56,Tuesday,0,0,0,0,17.257152777777776,55.505694444444444,254.1049508333578,1.742361111111111,1011.0663888888889,1015.7604861111112,28.8,46020.0,0.0,0,0,0,0,0,0,0,0,0,0,0,0,0,0,0,1440
2024-05-15,198500.4,Wednesday,0,1,0,0,12.497430555555555,78.31284722222222,290.3034398548043,2.470416666666667,1008.2843055555555,1013.0604861111112,9.9,14400.0,14.3,0,1,0,0,0,0,0,0,0,0,0,0,0,0,0,1440
2024-05-16,209332.8,Thursday,0,0,0,0,13.102013888888889,61.97986111111111,283.8023382835446,2.649166666666667,1005.5979166666667,1010.3513888888889,30.17,46080.0,0.5,0,0,0,0,0,0,0,0,0,0,0,0,0,0,0,1440
2024-05-17,221256.72,Friday,0,0,0,0,17.270972222222223,67.26868055555555,196.3771545549708,2.0429861111111114,1009.2029861111112,1013.8870833333333,26.06,40200.0,0.0,0,0,0,0,0,0,0,0,0,0,0,0,0,0,0,1440
2024-05-18,211167.36,Saturday,1,0,0,0,18.980763888888887,70.6925,278.92262111684875,1.7222916666666666,1012.3111111111111,1016.9872916666666,25.91,41100.0,0.0,0,0,0,0,0,0,0,0,0,0,0,0,0,0,0,1440
2024-05-19,207049.68,Sunday,1,1,0,0,20.099097222222223,68.0045138888889,273.4550634277073,1.6626388888888888,1010.7519444444445,1015.3861111111111,28.19,45060.0,0.0,0,0,0,0,0,0,0,0,0,0,0,0,0,0,0,1440
2024-05-20,239196.24,Monday,0,0,0,0,18.600902777777776,78.59006944444444,252.8513339419607,2.0615972222222223,1010.8381944444444,1015.4991666666667,18.72,15300.0,0.0,0,0,0,0,0,0,0,0,0,0,0,0,0,0,0,1440
2024-05-21,246282.48,Tuesday,0,0,0,0,19.66173611111111,74.88840277777778,219.21257565932854,1.8309722222222222,1013.6954166666666,1018.3699305555555,24.19,29520.0,0.0,0,0,0,0,0,0,0,0,0,0,0,0,0,0,0,1440
2024-05-22,242313.84,Wednesday,0,0,0,0,18.585694444444446,78.27638888888889,266.58762253536895,1.6524999999999999,1011.9306944444444,1016.6066666666667,21.33,28260.0,0.0,0,0,0,0,0,0,0,0,0,0,0,0,0,0,0,1440
2024-05-23,242134.56,Thursday,0,0,0,0,18.801180555555558,72.734375,263.3336564146042,1.9242361111111113,1007.0468055555555,1011.6747222222223,29.32,46500.0,0.0,0,0,0,0,0,0,0,0,0,0,0,0,0,0,0,1440
2024-05-24,240467.04,Friday,0,0,0,0,18.34951388888889,76.924375,255.35499880262861,1.9825694444444446,1008.1427083333333,1012.7988888888888,23.89,29400.0,0.0,0,0,0,0,0,0,0,0,0,0,0,0,0,0,0,1440
2024-05-25,212207.04,Saturday,1,0,0,0,19.621458333333333,68.64194444444443,198.85168136923855,1.7251388888888888,1010.5802083333333,1015.2276388888889,13.52,3420.0,0.0,0,0,0,0,0,0,0,0,0,0,0,0,0,0,0,1440
2024-05-26,203400.0,Sunday,1,1,0,0,19.397291666666664,72.64763888888889,185.82849432566206,2.3476388888888886,1002.1616666666667,1006.7709722222222,9.67,6660.0,10.3,0,0,0,0,0,0,0,0,0,0,0,0,0,0,0,1440
2024-05-27,231634.08,Monday,0,0,0,0,17.396597222222223,70.17708333333333,263.29681797666643,3.017013888888889,999.4236111111111,1004.0732638888888,28.49,42300.0,0.0,0,0,0,0,0,0,0,0,0,0,0,0,0,0,0,1440
2024-05-28,237036.24,Tuesday,0,0,0,0,18.85951388888889,60.84701388888889,2.431946474019019,1.8388888888888888,1001.7377083333333,1006.3497916666666,27.61,39120.0,0.0,0,0,0,0,0,0,0,0,0,0,0,0,0,0,0,1440
2024-05-29,240948.72,Wednesday,0,0,0,0,19.730208333333334,56.106944444444444,235.52438749278804,1.733888888888889,1007.8513888888889,1012.4802777777778,28.89,46800.0,0.0,0,0,0,0,0,0,0,0,0,0,0,0,0,0,0,1440
2024-05-30,236044.8,Thursday,0,0,0,0,19.894305555555555,53.16611111111111,265.95804102441747,1.2050694444444443,1006.7640972222223,1011.3704166666666,14.91,4800.0,0.0,0,0,0,0,0,0,0,0,0,0,0,0,0,0,0,1440
2024-05-31,234838.8,Friday,0,0,0,0,19.30013888888889,61.98631944444445,261.70994064640195,2.1825,1005.6859027777778,1010.3134722222221,29.99,44460.0,0.0,0,0,0,0,0,0,0,0,0,0,0,0,0,0,0,1440
2024-06-01,211919.76,Saturday,1,0,0,0,18.97958333333333,70.22965277777777,260.11606350938024,2.6265972222222222,1005.9443749999999,1010.5863888888888,27.1,35340.0,1.3,0,0,0,0,0,0,0,0,0,0,0,0,0,0,0,1440
2024-06-02,204234.48,Sunday,1,1,0,0,19.23951388888889,60.91875,257.14588932192095,2.0385416666666667,1005.548125,1010.1692361111111,29.53,47340.0,0.0,0,0,0,0,0,0,0,0,0,0,0,0,0,0,0,1440
2024-06-03,239197.68,Monday,0,0,0,1,20.591944444444444,53.25770833333334,61.84557815109317,1.8040972222222222,1005.9661805555556,1010.5619444444444,28.87,45600.0,0.0,0,0,0,0,0,0,0,0,0,0,0,0,0,0,0,1440
2024-06-04,241424.64,Tuesday,0,0,0,1,21.71375,40.132083333333334,188.27029557720232,2.0575,1010.7609027777778,1015.3675,29.28,47820.0,0.0,0,0,0,0,0,0,0,0,0,0,0,0,0,0,0,1440
2024-06-05,254365.92,Wednesday,0,0,0,1,21.023611111111112,64.98375,251.33336207756878,1.6034027777777777,1013.289861111111,1017.9314583333334,23.75,36600.0,0.0,0,0,0,0,0,0,0,0,0,0,0,0,0,0,0,1440
2024-06-06,229570.56,Thursday,0,1,0,1,21.722430555555555,61.55020833333334,229.54309117162495,1.5728472222222223,1011.9320833333333,1016.5508333333333,26.07,39060.0,0.0,0,0,0,0,0,0,0,0,0,0,0,0,0,0,0,1440
2024-06-07,250100.64,Friday,0,0,0,1,21.31284722222222,60.68416666666666,261.09166330396397,1.444375,1009.1439583333333,1013.7470138888889,20.19,24360.0,0.0,0,0,0,0,0,0,0,0,0,0,0,0,0,0,0,1440
2024-06-08,226211.76,Saturday,1,0,0,1,19.799374999999998,79.86604166666667,248.19825121093214,1.4663888888888887,1004.7835416666667,1009.3972222222222,12.58,15300.0,13.4,0,0,0,0,0,0,0,0,0,0,0,0,0,0,0,1440
2024-06-09,224940.24,Sunday,1,1,0,1,21.66861111111111,73.70395833333333,266.8665153867796,1.5402777777777779,1003.5823611111111,1008.16,26.9,41460.0,0.0,0,0,0,0,0,0,0,0,0,0,0,0,0,0,0,1440
2024-06-10,266924.16,Monday,0,0,0,1,23.311875,70.35027777777778,217.19475406572548,2.1297222222222225,1002.8860416666666,1007.4341666666667,25.84,43320.0,0.0,0,0,0,0,0,0,0,0,0,0,0,0,0,0,0,1440
2024-06-11,276955.92,Tuesday,0,0,0,1,24.029375,67.985625,222.19866600159853,2.1039583333333334,1002.8494444444444,1007.388125,25.75,35340.0,0.0,0,0,0,0,0,0,0,0,0,0,0,0,0,0,0,1440
2024-06-12,274017.6,Wednesday,0,0,0,1,23.05236111111111,63.960902777777775,260.02811403231726,1.935486111111111,1001.3138888888889,1005.8577083333334,27.55,42600.0,0.0,0,0,0,0,0,0,0,0,0,0,0,0,0,0,0,1440
2024-06-13,274741.92,Thursday,0,0,0,1,23.955694444444443,62.714861111111105,248.34198919875718,1.677013888888889,1000.2949305555555,1004.8097916666667,28.61,45600.0,0.0,0,0,0,0,0,0,0,0,0,0,0,0,0,0,0,1440
2024-06-14,275912.64,Friday,0,0,0,1,24.330416666666668,64.76861111111111,239.63312414200203,1.9266666666666667,1000.7196527777778,1005.2396527777778,26.96,42840.0,0.0,0,0,0,0,0,0,0,0,0,0,0,0,0,0,0,1440
2024-06-15,250703.28,Saturday,1,0,0,1,23.546180555555555,73.35083333333333,262.75272956822494,2.021875,999.4982638888889,1004.0429861111111,17.9,16380.0,0.0,0,0,0,0,0,0,0,0,0,0,0,0,0,0,0,1440
2024-06-16,238911.12,Sunday,1,1,0,1,22.743402777777778,66.40923611111111,257.77955651896593,2.3344444444444443,1001.9280555555555,1006.48125,29.06,41880.0,0.0,0,0,0,0,0,0,0,0,0,0,0,0,0,0,0,1440
2024-06-17,263733.84,Monday,0,0,0,1,23.000208333333337,53.94826388888889,256.55399191019654,1.8455555555555554,1003.4727777777778,1008.03625,27.16,45900.0,0.0,0,0,0,0,0,0,0,0,0,0,0,0,0,0,0,1440
2024-06-18,274336.56,Tuesday,0,0,0,1,23.897083333333335,63.930625000000006,251.8238594084141,1.823888888888889,1002.4754166666668,1007.0047916666666,29.06,48120.0,0.0,0,0,0,0,0,0,0,0,0,0,0,0,0,0,0,1440
2024-06-19,288620.64,Wednesday,0,0,0,1,26.509652777777777,62.22958333333334,240.01226120487914,1.432361111111111,1003.6704166666666,1008.1692361111111,28.11,45000.0,0.0,0,0,0,0,0,0,0,0,0,1,0,0,0,0,0,1440
2024-06-20,284009.04,Thursday,0,0,0,1,26.966388888888886,50.47833333333334,201.93690547685125,1.635625,1000.0903472222222,1004.568263888889,23.85,36900.0,0.0,0,0,0,0,0,0,0,0,0,1,0,0,0,0,0,1440
2024-06-21,276939.36,Friday,0,0,0,1,25.398055555555555,57.638124999999995,252.08115695434662,1.91375,998.0266666666666,1002.5174999999999,25.39,40320.0,0.0,0,0,0,0,0,0,0,0,0,1,0,0,0,0,0,1440
2024-06-22,242053.2,Saturday,1,0,1,0,22.885625,84.20604166666666,97.01908518230731,1.6831944444444447,994.3694444444444,998.8694444444444,2.92,0.0,72.8,0,0,0,0,0,0,0,0,0,0,0,0,0,0,0,1440
2024-06-23,239428.08,Sunday,1,1,1,0,24.397006414825373,83.0860319666435,269.0493067847989,2.0577484364141765,994.0305072967337,998.5119527449617,19.66,17880.0,3.2,0,0,0,0,0,0,0,0,0,0,0,0,0,0,0,1439
2024-06-24,265797.36,Monday,0,0,1,0,23.32951388888889,75.24138888888889,244.0833983178262,2.740138888888889,998.8888194444444,1003.4099305555555,23.27,33300.0,0.0,0,0,0,0,0,0,0,0,0,0,0,0,0,0,0,1440
2024-06-25,251363.52,Tuesday,0,0,1,0,21.922777777777778,68.68152777777777,252.99733148077456,2.2885416666666667,1005.9782638888888,1010.5429166666667,24.58,42900.0,0.0,0,0,0,0,0,0,0,0,0,0,0,0,0,0,0,1440
2024-06-26,257330.16,Wednesday,0,0,1,0,23.0125,67.10138888888889,233.7702738132284,1.4493749999999999,1010.303125,1014.8954861111112,27.36,45000.0,0.0,0,0,0,0,0,0,0,0,0,0,0,0,0,0,0,1440
2024-06-27,261129.6,Thursday,0,0,1,0,23.89486111111111,64.99791666666667,179.6375498373188,1.258125,1007.5527083333333,1012.1190277777777,20.04,32160.0,0.0,0,0,0,0,0,0,0,0,0,0,0,0,0,0,0,1440
2024-06-28,266154.48,Friday,0,0,1,0,24.327430555555555,64.37270833333334,254.40308448994608,1.5788194444444446,1003.0115277777778,1007.5359722222222,27.41,46380.0,0.0,0,0,0,0,0,0,0,0,0,0,0,0,0,0,0,1440
2024-06-29,242388.0,Saturday,1,0,1,0,24.705694444444443,71.74993055555555,146.35320232832586,2.314791666666667,999.2768055555556,1003.7795138888889,18.85,19740.0,29.5,0,0,0,0,0,0,0,0,0,0,0,0,0,1,0,1440
2024-06-30,234891.36,Sunday,1,1,1,0,23.70965277777778,86.62041666666666,242.18385076745383,3.61,993.4393749999999,997.9446527777778,9.11,1860.0,17.3,0,0,0,0,0,0,0,0,0,0,0,0,0,1,0,1440
2024-07-01,274992.48,Monday,0,0,1,0,24.951527777777777,73.64826388888889,264.8468539277645,1.3945833333333333,999.3695833333333,1003.8765972222222,26.89,39900.0,0.0,0,0,0,0,0,0,0,0,0,0,0,0,0,0,0,1440
2024-07-02,269231.76,Tuesday,0,0,1,0,22.92236111111111,88.4173611111111,108.84207888269043,2.589375,999.6965972222223,1004.2253472222222,1.92,0.0,62.6,0,0,0,0,0,0,0,0,0,0,0,0,0,1,0,1440
2024-07-03,278049.6,Wednesday,0,0,1,0,24.759375,81.75750000000001,241.66174473068318,2.719097222222222,1003.6222916666667,1008.1222916666667,13.84,6720.0,0.9,0,0,0,0,0,0,0,0,0,0,0,0,0,0,0,1440
2024-07-04,285354.0,Thursday,0,0,1,0,26.338055555555556,75.79375,213.09323469310513,2.4050694444444445,1002.6181250000001,1007.1004861111111,18.49,12900.0,3.6,0,0,0,0,0,0,0,0,0,0,0,0,0,0,0,1440
2024-07-05,270558.72,Friday,0,0,1,0,23.10965277777778,82.94215277777778,261.9931198141511,2.750763888888889,1000.2252083333334,1004.7672222222222,12.28,5100.0,4.2,0,0,0,0,0,0,0,0,0,0,0,0,0,0,0,1440
2024-07-06,254504.88,Saturday,1,0,1,0,25.30263888888889,84.58527777777778,173.40463964154634,3.2261111111111114,998.9013194444444,1003.4046527777778,12.73,4200.0,11.8,0,0,0,0,0,0,0,0,0,0,0,0,0,0,0,1440
2024-07-07,240068.16,Sunday,1,1,1,0,23.296180555555555,90.37125,181.41810467694043,1.4907638888888888,1000.2015277777778,1004.7276388888889,5.56,0.0,2.5,0,0,0,0,0,0,0,0,0,0,0,0,0,0,0,1440
2024-07-08,237602.88,Monday,0,0,1,0,23.531180555555558,94.95291666666668,214.4445944797287,1.635625,998.8120833333332,1003.3120833333332,2.98,0.0,38.3,0,0,0,0,0,0,0,0,0,0,0,0,0,1,0,1440
2024-07-09,273018.24,Tuesday,0,0,1,0,23.270138888888887,93.03354166666666,157.24144588577485,1.498888888888889,999.8899305555556,1004.4093055555555,4.47,0.0,8.4,0,0,0,0,0,0,0,0,0,0,0,0,0,1,0,1440
2024-07-10,281782.08,Wednesday,0,0,1,0,25.877291666666668,76.52993055555557,300.62781469968854,2.180902777777778,995.5905555555555,1000.0533333333334,26.8,36420.0,14.0,0,0,0,0,0,0,0,0,0,0,0,0,0,1,0,1440
2024-07-11,277681.68,Thursday,0,0,1,0,23.966319444444444,85.05006944444445,254.8884389662137,1.8784027777777779,997.9138888888889,1002.4323611111112,17.14,15060.0,0.0,0,0,0,0,0,0,0,0,0,0,0,0,0,0,0,1440
2024-07-12,275749.92,Friday,0,0,1,0,24.432222222222222,82.25145833333333,264.9880467985121,1.2951388888888888,998.4004166666667,1002.915625,16.21,14580.0,0.0,0,0,0,0,0,0,0,0,0,1,0,0,0,0,0,1440
2024-07-13,260075.52,Saturday,1,0,1,0,26.43208333333333,76.67868055555556,230.48262435480132,1.6125,1000.7995833333333,1005.2880555555556,22.8,31500.0,0.0,0,0,0,0,0,0,0,0,0,1,0,0,0,0,0,1440
2024-07-14,255942.0,Sunday,1,1,1,0,27.383680555555557,70.04888888888888,118.98541931573337,2.857083333333333,1004.5590277777778,1009.0440277777777,23.31,31740.0,0.0,0,0,0,0,0,0,0,0,0,1,0,0,0,0,0,1440
2024-07-15,292373.28,Monday,0,0,1,0,27.566435024322445,68.046212647672,128.58205528263593,2.3084781097984712,1006.7097289784573,1011.2223766504517,18.11,18780.0,0.0,0,0,0,0,0,0,0,0,0,1,0,0,0,0,0,1439
2024-07-16,293726.16,Tuesday,0,0,1,0,25.74486111111111,82.563125,140.25976216520166,2.399652777777778,1005.9948611111112,1010.49875,11.57,13140.0,17.9,0,0,0,0,0,0,0,0,0,0,0,0,0,0,0,1440
2024-07-17,292947.84,Wednesday,0,0,1,0,26.370833333333334,83.251875,178.69644542163036,3.135486111111111,1003.710138888889,1008.2120833333332,7.94,360.0,6.9,0,0,0,0,0,0,0,0,0,0,0,0,0,0,0,1440
2024-07-18,281646.0,Thursday,0,0,1,0,24.35097222222222,92.79576388888889,190.59756906739875,2.423125,998.2143055555556,1002.7143055555556,2.64,0.0,151.9,0,1,0,0,0,0,0,0,0,0,0,0,1,1,0,1440
2024-07-19,289905.84,Friday,0,0,1,0,26.469375,82.56027777777778,220.53822627458717,2.0100694444444445,1000.9769444444445,1005.4525000000001,20.57,23400.0,0.0,0,0,0,0,0,0,0,0,0,0,0,0,0,0,0,1440
2024-07-20,263155.68,Saturday,1,0,1,0,26.1425,84.34458333333333,159.5212788609534,2.8115277777777776,1002.1901388888889,1006.6727777777778,14.26,7260.0,10.2,0,0,0,0,0,0,0,0,0,0,0,0,0,0,0,1440
2024-07-21,257707.44,Sunday,1,1,1,0,26.920833333333334,80.24166666666666,226.3307261450174,2.9604861111111114,1002.645,1007.1309027777778,14.39,9900.0,0.2,0,0,0,0,0,0,0,0,0,0,0,0,0,0,0,1440
2024-07-22,298810.08,Monday,0,0,1,0,27.765763888888888,81.39361111111111,184.44410495624413,3.194722222222222,1001.6563888888888,1006.1218055555555,8.16,240.0,2.9,0,0,0,0,0,0,0,0,0,0,0,0,0,0,0,1440
2024-07-23,295395.84,Tuesday,0,0,1,0,25.737361111111113,91.09520833333333,216.75699165273718,2.9122222222222223,1000.244513888889,1004.744513888889,6.19,300.0,50.9,0,0,0,0,0,0,0,0,0,0,0,0,0,0,0,1440
2024-07-24,304470.72,Wednesday,0,0,1,0,27.437569444444442,87.64895833333334,219.71066147391787,1.7872916666666665,1000.2538194444444,1004.7202083333334,17.79,15840.0,3.0,0,0,0,0,0,0,0,0,0,1,0,0,0,0,0,1440
2024-07-25,315747.36,Thursday,0,0,1,0,28.845902777777777,79.1504861111111,169.54979194919267,1.7595833333333335,1001.7388888888889,1006.1949305555555,20.83,25200.0,2.2,0,0,0,0,0,0,0,0,1,1,0,0,0,0,0,1440
2024-07-26,309155.76,Friday,0,0,1,0,28.619722222222222,78.51798611111111,122.42216416415397,2.6605555555555553,1005.1924305555556,1009.6672916666666,15.33,17700.0,0.3,0,0,0,0,0,0,0,0,1,0,0,0,0,0,0,1440
2024-07-27,280468.08,Saturday,1,0,1,0,28.290555555555557,83.27972222222222,145.39504128356066,2.3984027777777777,1009.7616666666667,1014.2616666666667,15.53,11640.0,10.3,0,0,0,0,0,0,0,0,1,1,0,0,0,0,0,1440
2024-07-28,272024.64,Sunday,1,1,1,0,28.977916666666665,75.803125,184.81623148622063,2.8497916666666665,1008.6245833333332,1013.1161111111111,20.75,29760.0,0.0,0,0,0,0,0,0,0,0,0,1,0,0,0,0,0,1440
2024-07-29,309828.96,Monday,0,0,1,0,27.36942321056289,83.05302293259209,235.54626228130098,2.861153578874218,1005.3370396108409,1009.8370396108409,6.2,1500.0,0.0,0,0,0,0,0,0,0,0,0,1,0,0,0,0,0,1439
2024-07-30,311477.76,Tuesday,0,0,1,0,28.03625,80.59840277777778,244.09835867224007,2.2247222222222223,1003.2613194444444,1007.7345138888888,15.07,13680.0,0.0,0,0,0,0,0,0,0,0,0,1,0,0,0,0,0,1440
2024-07-31,313602.48,Wednesday,0,0,1,0,28.792152777777776,76.25368055555556,203.88120310446064,2.0885416666666665,1002.4793055555555,1006.9414583333333,18.79,20400.0,0.0,0,0,0,0,0,0,0,0,0,1,0,0,0,0,0,1440
2024-08-01,319051.44,Thursday,0,0,1,0,29.216458333333332,78.096875,207.11282980409348,1.9987499999999998,1000.4033333333334,1004.8525694444444,19.01,18000.0,0.0,0,0,0,0,0,0,0,0,0,1,0,0,0,0,0,1440
2024-08-02,321513.12,Friday,0,0,1,0,29.19916666666667,81.36236111111111,236.0210541084203,2.152013888888889,1000.1571527777778,1004.6083333333333,16.4,18240.0,0.0,0,0,0,0,0,0,0,0,1,1,0,0,0,0,0,1440
2024-08-03,292805.28,Saturday,1,0,1,0,29.473958333333332,76.01916666666668,271.84828980848863,1.5797222222222222,1002.9706249999999,1007.4275,24.31,37320.0,0.0,0,0,0,0,0,0,0,0,1,0,0,0,0,0,0,1440
2024-08-04,284001.84,Sunday,1,1,1,0,29.903055555555557,73.44451388888889,237.66934712100772,1.3829166666666668,1003.2938194444445,1007.7475694444445,22.17,37620.0,0.0,0,0,0,0,0,0,0,0,1,0,0,0,0,0,0,1440
2024-08-05,329158.8,Monday,0,0,1,0,29.547708333333333,76.66333333333333,190.36592471027316,1.9804861111111112,1003.2925694444444,1007.7534027777778,21.09,24660.0,1.5,0,0,0,0,0,0,0,0,1,0,0,0,0,0,0,1440
2024-08-06,318420.0,Tuesday,0,0,1,0,27.776527777777776,80.666875,198.05895166197323,1.3749305555555555,1003.4422916666666,1007.9128472222222,18.03,22740.0,40.6,0,0,0,0,0,0,0,0,1,0,0,0,0,0,0,1440
2024-08-07,321158.88,Wednesday,0,0,1,0,28.998194444444444,76.00868055555556,262.4188965097092,1.512986111111111,1001.9482638888888,1006.4073611111112,22.81,32820.0,0.0,0,0,0,0,0,0,0,0,1,0,0,0,0,0,0,1440
2024-08-08,311967.36,Thursday,0,0,1,0,27.07090277777778,84.05652777777777,235.92748857741742,1.3715972222222221,1000.6808333333332,1005.1513888888888,13.69,8880.0,1.8,0,0,0,0,0,0,0,0,1,0,0,0,0,0,0,1440
2024-08-09,314077.68,Friday,0,0,1,0,27.751319444444444,79.62798611111111,235.03184422417797,1.3536805555555556,1000.0693749999999,1004.5263888888888,21.66,29040.0,0.0,0,0,0,0,0,0,0,0,1,0,0,0,0,0,0,1440
2024-08-10,285161.04,Saturday,1,0,1,0,28.796875,75.77465277777777,212.2078969259236,1.375138888888889,998.8684027777778,1003.3170138888889,22.29,26220.0,0.0,0,0,0,0,0,0,0,0,1,0,0,0,0,0,0,1440
2024-08-11,277580.88,Sunday,1,1,1,0,29.604305555555552,72.68569444444444,181.53087298302546,1.5896527777777778,998.2473611111111,1002.6872916666666,19.68,21060.0,0.0,0,0,0,0,0,0,0,0,1,0,0,0,0,0,0,1440
2024-08-12,325236.24,Monday,0,0,1,0,29.94472222222222,74.811875,255.40558236267017,1.4221527777777778,999.9538194444444,1004.3993055555555,20.32,26940.0,0.0,0,0,0,0,0,0,0,0,1,0,0,0,0,0,0,1440
2024-08-13,325933.2,Tuesday,0,0,1,0,28.960069444444443,82.22680555555556,232.01081562073716,1.2185416666666666,1003.2190972222222,1007.6877777777777,13.36,11580.0,19.0,0,0,0,0,0,0,0,0,1,0,0,0,0,0,0,1440
2024-08-14,304800.48,Wednesday,0,0,1,0,29.506666666666664,75.74895833333333,181.4912449774766,1.5854166666666667,1003.3849305555556,1007.84875,20.16,28140.0,3.0,0,0,0,0,0,0,0,0,1,0,0,0,0,0,0,1440
2024-08-15,175071.6,Thursday,0,1,1,0,29.098819444444448,74.25534722222223,139.04031846954234,1.5468055555555555,1003.1811805555554,1007.6415972222221,23.24,33600.0,3.3,0,0,0,0,0,0,0,0,1,0,0,0,0,0,0,1440
2024-08-16,283646.16,Friday,0,0,1,0,29.186805555555555,72.28798611111111,130.37339999742963,1.6974305555555558,1004.1274305555555,1008.5899305555556,19.73,31920.0,0.0,0,0,0,0,0,0,0,0,1,0,0,0,0,0,0,1440
2024-08-17,277578.0,Saturday,1,0,1,0,29.67326388888889,70.83972222222222,185.4796345795333,1.7089583333333334,1005.6715277777778,1010.139375,20.63,26340.0,0.0,0,0,0,0,0,0,0,0,1,0,0,0,0,0,0,1440
2024-08-18,262235.52,Sunday,1,1,1,0,28.56138888888889,76.93513888888889,185.87179848472343,1.6,1005.1891666666666,1009.6679861111111,19.24,23280.0,0.0,0,0,0,0,0,0,0,0,1,0,0,0,0,0,0,1440
2024-08-19,310849.2,Monday,0,0,1,0,29.385625,74.33,211.6536598386947,1.6183333333333334,1003.8213194444444,1008.28375,24.95,39900.0,0.0,0,0,0,0,0,0,0,0,1,0,0,0,0,0,0,1440
2024-08-20,320564.16,Tuesday,0,0,1,0,30.362569444444443,70.8429861111111,110.07818480764236,2.553402777777778,1004.2539583333333,1008.708611111111,19.24,30000.0,0.0,0,0,0,0,0,0,0,0,1,1,0,0,0,0,0,1440
2024-08-21,312258.24,Wednesday,0,0,1,0,27.66763888888889,88.00423611111111,157.10089450974667,2.6193750000000002,1002.9724305555555,1007.4561805555555,5.05,1320.0,50.4,0,0,0,0,0,0,0,0,0,1,0,0,0,1,0,1440
2024-08-22,307941.84,Thursday,0,0,1,0,27.87361111111111,83.82958333333333,182.59102556390613,3.071458333333333,1000.2658333333334,1004.7247222222223,11.01,11460.0,3.5,0,0,0,0,0,0,0,0,0,1,0,0,0,0,0,1440
2024-08-23,298401.12,Friday,0,0,1,0,26.925555555555558,83.31576388888888,222.57356805524614,1.7584027777777778,1003.8463888888889,1008.3358333333334,16.4,14820.0,3.4,0,0,0,0,0,0,0,0,0,1,0,0,0,0,0,1440
2024-08-24,274120.56,Saturday,1,0,1,0,27.396944444444443,81.67472222222223,215.89166660925557,1.352638888888889,1005.8275000000001,1010.3283333333334,15.34,15480.0,0.0,0,0,0,0,0,0,0,0,0,1,0,0,0,0,0,1440
2024-08-25,261295.92,Sunday,1,1,1,0,27.169722222222223,82.03333333333333,251.65322568228024,0.9956944444444444,1004.7786805555556,1009.2636805555555,17.42,24480.0,1.0,0,0,0,0,0,0,0,0,0,1,0,0,0,0,0,1440
2024-08-26,294182.64,Monday,0,0,1,0,27.22375,81.32319444444444,275.4634208432217,0.9870833333333334,1002.6234027777778,1007.10125,10.47,720.0,0.0,0,0,0,0,0,0,0,0,0,1,0,0,0,0,0,1440
2024-08-27,285495.84,Tuesday,0,0,1,0,26.091666666666665,77.13284722222222,26.017061253334653,1.4215972222222222,1002.085138888889,1006.5826388888889,8.15,9600.0,0.2,0,0,0,0,0,0,0,0,0,1,0,0,0,0,0,1440
2024-08-28,289319.76,Wednesday,0,0,1,0,27.62722222222222,64.25291666666666,96.21107944985205,2.613125,1003.9973611111111,1008.48,24.4,42420.0,0.0,0,0,0,0,0,0,0,0,0,1,0,0,0,0,0,1440
2024-08-29,291677.04,Thursday,0,0,1,0,27.974861111111114,61.73972222222222,60.71061905498257,2.344097222222222,1002.5307638888889,1006.9932638888889,23.28,39660.0,0.0,0,0,0,0,0,0,0,0,0,1,0,0,0,0,0,1440
2024-08-30,290908.8,Friday,0,0,1,0,27.414444444444445,67.97840277777777,294.38294074166856,1.8608333333333333,1000.8836805555555,1005.3440972222222,24.34,42840.0,0.0,0,0,0,0,0,0,0,0,0,1,0,0,0,0,0,1440
2024-08-31,265624.56,Saturday,1,0,1,0,26.13076388888889,72.73104166666667,273.46852733272146,1.609375,1002.2292361111112,1006.7216666666666,23.7,40200.0,0.0,0,0,0,0,0,0,0,0,0,1,0,0,0,0,0,1440
2024-09-01,252652.32,Sunday,1,1,1,0,25.761249999999997,75.26201388888889,227.21570467274648,1.6819444444444445,1003.2050694444445,1007.6963194444444,20.0,23700.0,0.0,0,0,0,0,0,0,0,0,0,0,0,0,0,0,0,1440
2024-09-02,283973.04,Monday,0,0,0,0,24.506111111111114,74.77770833333332,116.4447232595091,1.6685416666666666,1004.7142361111111,1009.2620138888889,7.6,1080.0,2.6,0,0,0,0,0,0,0,0,0,0,0,0,0,0,0,1440
2024-09-03,284476.32,Tuesday,0,0,0,0,26.843541666666663,58.371875,99.66129981542348,2.565625,1007.3095138888889,1011.8271527777779,22.27,32580.0,0.0,0,0,0,0,0,0,0,0,0,0,0,0,0,0,0,1440
2024-09-04,290218.32,Wednesday,0,0,0,0,26.728263888888886,61.84979166666666,153.57997597677758,2.036111111111111,1005.2630555555556,1009.7611805555556,22.84,39960.0,0.0,0,0,0,0,0,0,0,0,0,0,0,0,0,0,0,1440
2024-09-05,295238.88,Thursday,0,0,0,0,26.205416666666668,78.76673611111111,222.27260144852963,2.113472222222222,1003.328888888889,1007.8248611111111,12.4,9240.0,5.2,0,0,0,0,0,0,0,0,0,0,0,0,0,0,0,1440
2024-09-06,280285.92,Friday,0,0,0,0,24.466944444444444,83.93756944444445,79.45735544177602,1.9297222222222223,1006.6796527777777,1011.2016666666666,5.66,1500.0,0.9,0,0,0,0,0,0,0,0,0,0,0,0,0,0,0,1440
2024-09-07,256120.56,Saturday,1,0,0,0,25.770625,74.14805555555556,212.05447889858547,1.5902777777777777,1008.8813194444446,1013.4290972222221,18.92,29880.0,0.0,0,0,0,0,0,0,0,0,0,0,0,0,0,0,0,1440
2024-09-08,248942.16,Sunday,1,1,0,0,25.865277777777777,76.04701388888888,252.9202706433432,1.2410416666666666,1009.3267361111111,1013.8672916666666,21.46,38160.0,0.0,0,0,0,0,0,0,0,0,0,0,0,0,0,0,0,1440
2024-09-09,299314.8,Monday,0,0,0,0,27.360833333333332,74.02125000000001,234.33964128842493,1.4564583333333334,1008.5385416666667,1013.0559722222223,19.82,31980.0,0.0,0,0,0,0,0,0,0,0,0,1,0,0,0,0,0,1440
2024-09-10,310183.92,Tuesday,0,0,0,0,28.199027777777776,72.67555555555556,267.7027273362038,1.3870833333333334,1008.864375,1013.3533333333334,18.64,33780.0,0.0,0,0,0,0,0,0,0,0,0,1,0,0,0,0,0,1440
2024-09-11,308494.8,Wednesday,0,0,0,0,27.35798611111111,79.40743055555555,273.8342519451635,1.2861805555555554,1011.1718055555555,1015.6918055555556,11.64,17820.0,2.9,0,0,0,0,0,0,0,0,0,1,0,0,0,0,0,1440
2024-09-12,299566.8,Thursday,0,0,0,0,25.687569444444442,93.86618055555554,121.87546852381335,1.1146527777777777,1010.6597916666667,1015.2272222222222,3.99,0.0,34.8,0,0,0,0,0,0,0,0,0,1,0,0,0,0,0,1440
2024-09-13,285801.12,Friday,0,0,0,0,26.261413427561838,89.02229166666667,162.07613794989774,1.630486111111111,1005.0973611111111,1009.6041666666666,7.46,1440.0,3.7,0,0,0,0,0,0,0,0,0,0,0,0,0,0,0,1440
2024-09-14,258148.08,Saturday,1,0,0,0,27.04638888888889,85.33666666666667,239.53296791025224,1.3540277777777778,1001.8584722222222,1006.3363194444445,12.85,14580.0,0.2,0,0,0,0,0,0,0,0,0,0,0,0,0,0,0,1440
2024-09-15,248159.52,Sunday,1,1,0,0,27.642152777777774,76.60986111111112,85.49874567498865,2.186111111111111,1004.9377777777777,1009.416111111111,15.17,26820.0,0.0,0,0,0,0,0,0,0,0,0,1,0,0,0,0,0,1440
2024-09-16,246366.0,Monday,0,1,0,0,27.676458333333333,67.60284722222222,119.14408053435936,2.909375,1010.6690972222223,1015.1808333333332,18.97,26940.0,1.9,0,0,0,0,0,0,0,0,0,1,0,0,0,0,0,1440
2024-09-17,256160.88,Tuesday,0,1,0,0,28.79208333333333,75.47416666666666,332.5929501716302,1.4324305555555554,1010.5131944444445,1014.9981944444444,16.38,19560.0,0.0,0,0,0,0,0,0,0,0,0,1,0,0,0,0,0,1440
2024-09-18,266371.92,Wednesday,0,1,0,0,28.88375,76.63833333333334,256.5329502153268,1.5635416666666666,1009.1584722222221,1013.6563194444445,18.41,29640.0,0.0,0,0,0,0,0,0,0,0,0,1,0,0,0,0,0,1440
2024-09-19,310723.92,Thursday,0,0,0,0,28.483194444444447,75.74673611111112,184.10414789506777,1.2509027777777777,1009.7001388888889,1014.2182638888889,13.5,10920.0,0.0,0,0,0,0,0,0,0,0,0,1,0,0,0,0,0,1440
2024-09-20,297642.24,Friday,0,0,0,0,25.321180555555557,92.47347222222221,138.07184686556124,1.9457638888888888,1005.9119444444444,1010.4214583333332,3.8,240.0,94.8,0,0,0,0,0,0,0,0,0,0,0,0,0,1,0,1440
2024-09-21,233301.6,Saturday,1,0,0,0,19.433888888888887,84.60381944444444,67.28186653970829,2.663333333333333,1002.9063888888888,1007.5188194444445,5.08,0.0,72.4,0,0,0,0,0,0,0,0,0,0,0,0,0,1,0,1440
2024-09-22,222599.52,Sunday,1,1,0,0,21.03548611111111,67.698125,26.163862718115627,2.1489583333333333,1007.8261805555555,1012.4315277777777,15.18,14100.0,0.0,0,0,0,0,0,0,0,0,0,0,0,0,0,0,0,1440
2024-09-23,246644.64,Monday,0,0,0,0,20.650694444444444,59.55381944444444,82.50090022655179,2.2443055555555556,1013.348125,1017.9897916666667,21.02,36540.0,0.0,0,0,0,0,0,0,0,0,0,0,0,0,0,0,0,1440
2024-09-24,249564.96,Tuesday,0,0,0,0,20.515694444444442,60.17444444444444,106.89419015332183,2.0063194444444443,1012.1026388888889,1016.7426388888888,21.13,38040.0,0.0,0,0,0,0,0,0,0,0,0,0,0,0,0,0,0,1440
2024-09-25,244311.84,Wednesday,0,0,0,0,22.59847222222222,69.80694444444444,91.21423208775838,1.4963194444444443,1009.8971527777777,1014.4806944444445,13.97,18420.0,0.0,0,0,0,0,0,0,0,0,0,0,0,0,0,0,0,1440
2024-09-26,267059.52,Thursday,0,0,0,0,23.255069444444448,76.89506944444445,261.75414151588274,1.2219444444444443,1008.5164583333333,1013.0838194444444,14.11,23340.0,0.0,0,0,0,0,0,0,0,0,0,0,0,0,0,0,0,1440
2024-09-27,257888.16,Friday,0,0,0,0,22.421666666666667,74.43125,350.30669300559777,1.3168055555555556,1009.2860416666666,1013.8735416666666,15.48,26520.0,0.0,0,0,0,0,0,0,0,0,0,0,0,0,0,0,0,1440
2024-09-28,235018.8,Saturday,1,0,0,0,23.39972222222222,61.443194444444444,79.7186606237728,2.6906944444444445,1013.4124305555555,1018.014861111111,18.64,33000.0,0.0,0,0,0,0,0,0,0,0,0,0,0,0,0,0,0,1440
2024-09-29,226779.84,Sunday,1,1,0,0,23.607847222222226,60.031597222222224,101.90972050142152,2.8911805555555556,1015.3049305555556,1019.909375,19.46,36420.0,0.0,0,0,0,0,0,0,0,0,0,0,0,0,0,0,0,1440
2024-09-30,260028.72,Monday,0,0,0,0,22.412916666666664,62.05826388888889,147.6020803244658,1.9483333333333333,1011.675625,1016.2759027777778,19.22,36960.0,0.0,0,0,0,0,0,0,0,0,0,0,0,0,0,0,0,1440
2024-10-01,222576.48,Tuesday,0,1,0,0,18.15590277777778,74.72416666666666,294.0787984446005,2.074027777777778,1007.56875,1012.2022222222222,6.57,5040.0,6.7,0,0,0,0,0,0,0,0,0,0,0,0,0,0,0,1440
2024-10-02,225200.88,Wednesday,0,0,0,0,14.116805555555556,55.14284722222222,308.3300026217484,2.0799305555555554,1014.0891666666666,1018.8571527777779,19.12,32820.0,0.0,0,0,0,0,0,0,0,0,0,0,0,0,0,0,0,1440
2024-10-03,198181.44,Thursday,0,1,0,0,14.279583333333333,67.55340277777778,209.11677840930466,1.39375,1017.666388888889,1022.4578472222222,14.59,22560.0,0.0,0,0,0,0,0,0,0,0,0,0,0,0,0,0,0,1440
2024-10-04,219989.52,Friday,0,0,0,0,16.00875,67.86625,298.7073918205913,1.1996527777777777,1019.4611111111111,1024.2252777777778,19.77,39660.0,0.0,0,0,0,0,0,0,0,0,0,0,0,0,0,0,0,1440
2024-10-05,204135.12,Saturday,1,0,0,0,16.464236111111113,67.65631944444445,294.6809031448897,1.1725,1018.6740277777778,1023.4286805555556,18.04,38100.0,0.0,0,0,0,0,0,0,0,0,0,0,0,0,0,0,0,1440
2024-10-06,193304.16,Sunday,1,1,0,0,15.154861111111112,80.27041666666666,317.41533759255725,0.9403472222222221,1016.4253472222222,1021.1758333333333,3.95,0.0,0.2,0,0,0,0,0,0,0,0,0,0,0,0,0,0,0,1440
2024-10-07,222817.68,Monday,0,0,0,1,16.58625,76.435,284.93946420352535,1.1975694444444445,1013.2661805555556,1017.9979861111112,9.56,5820.0,0.0,0,0,0,0,0,0,0,0,0,0,0,0,0,0,0,1440
2024-10-08,227865.6,Tuesday,0,0,0,1,16.852638888888887,77.39263888888888,305.4393925432991,0.8853472222222223,1012.4090277777777,1017.119236111111,15.34,28920.0,0.0,0,0,0,0,0,0,0,0,0,0,0,0,0,0,0,1440
2024-10-09,207399.6,Wednesday,0,1,0,1,17.86277777777778,69.1675,89.67749986479586,1.396388888888889,1011.9136111111112,1016.603125,16.49,33660.0,0.0,0,0,0,0,0,0,0,0,0,0,0,0,0,0,0,1440
2024-10-10,226275.84,Thursday,0,0,0,1,18.22347222222222,65.88312499999999,145.36054528795324,1.8056944444444443,1010.5571527777778,1015.2272916666667,14.65,26280.0,0.0,0,0,0,0,0,0,0,0,0,0,0,0,0,0,0,1440
2024-10-11,223796.16,Friday,0,0,0,1,17.249444444444446,74.14729166666667,278.88584581653237,1.1608333333333332,1013.6052777777778,1018.3218055555554,14.87,32580.0,0.0,0,0,0,0,0,0,0,0,0,0,0,0,0,0,0,1440
2024-10-12,203782.32,Saturday,1,0,0,1,16.533958333333334,69.26972222222221,282.9228404939664,1.1547916666666667,1018.4680555555556,1023.2031944444445,17.3,37320.0,0.0,0,0,0,0,0,0,0,0,0,0,0,0,0,0,0,1440
2024-10-13,197830.08,Sunday,1,1,0,1,17.152916666666666,69.19840277777777,100.53495888718605,1.8241666666666667,1018.7863194444445,1023.5300694444445,11.12,16680.0,0.0,0,0,0,0,0,0,0,0,0,0,0,0,0,0,0,1440
2024-10-14,224848.08,Monday,0,0,0,1,19.100416666666664,68.40465277777777,122.00097623569555,1.8359722222222223,1015.0804166666667,1019.7494444444444,4.78,0.0,0.0,0,0,0,0,0,0,0,0,0,0,0,0,0,0,0,1440
2024-10-15,230862.96,Tuesday,0,0,0,1,18.540972222222223,88.21409722222222,147.21782217787577,1.022152777777778,1013.2340972222223,1017.9129166666668,5.08,0.0,6.3,0,0,0,0,0,0,0,0,0,0,0,0,0,0,0,1440
2024-10-16,232053.12,Wednesday,0,0,0,1,17.418541666666666,81.47736111111111,293.9237127219422,0.9558333333333334,1017.9678472222222,1022.6998611111111,13.3,21960.0,0.0,0,0,0,0,0,0,0,0,0,0,0,0,0,0,0,1440
2024-10-17,229645.44,Thursday,0,0,0,1,18.31423611111111,73.63479166666667,88.10082116519197,1.434375,1017.6472916666668,1022.3534027777777,15.1,31080.0,0.0,0,0,0,0,0,0,0,0,0,0,0,0,0,0,0,1440
2024-10-18,222888.96,Friday,0,0,0,1,17.864722222222223,84.83166666666668,69.71294074782753,1.6705555555555556,1009.83125,1014.5278472222222,1.2,0.0,55.0,0,0,0,0,0,0,0,0,0,0,0,0,0,0,0,1440
2024-10-19,202883.04,Saturday,1,0,0,1,17.20875,75.13548611111112,4.635394806109195,2.834375,1013.1190972222222,1017.8306944444444,7.04,6360.0,9.4,0,0,0,0,0,0,0,0,0,0,0,0,0,0,0,1440
2024-10-20,182726.64,Sunday,1,1,0,1,13.611666666666666,52.41097222222223,95.50170621954605,3.8474999999999997,1025.750625,1030.5945833333333,16.58,37080.0,0.0,0,0,0,0,0,0,0,0,0,0,0,0,0,0,0,1440
2024-10-21,204266.16,Monday,0,0,0,1,14.62701388888889,64.96770833333333,89.48040555386197,1.6856250000000002,1020.0103472222222,1024.802986111111,9.34,4800.0,0.9,0,0,0,0,0,0,0,0,0,0,0,0,0,0,0,1440
2024-10-22,216452.16,Tuesday,0,0,0,1,15.744930555555555,91.77493055555556,111.17389195692479,1.3920138888888889,1010.8702083333334,1015.6029861111111,1.36,0.0,16.4,0,0,0,0,0,0,0,0,0,0,0,0,0,0,0,1440
2024-10-23,212305.68,Wednesday,0,0,0,1,13.289027777777779,72.87430555555555,278.5552594496887,3.1724305555555556,1011.6147916666667,1016.396875,10.63,12180.0,1.5,0,0,0,0,0,0,0,0,0,0,0,0,0,0,0,1440
2024-10-24,209682.0,Thursday,0,0,0,1,11.458958333333335,74.52333333333334,301.2714511250857,1.5734722222222224,1018.0444444444445,1022.8819444444445,15.39,36360.0,0.0,0,0,0,0,0,0,0,0,0,0,0,0,0,0,0,1440
2024-10-25,205220.88,Friday,0,0,0,1,13.878194444444443,68.31222222222223,25.08833019654741,1.3571527777777777,1020.375763888889,1025.17625,14.73,30120.0,0.0,0,0,0,0,0,0,0,0,0,0,0,0,0,0,0,1440
2024-10-26,192666.24,Saturday,1,0,0,0,16.24423611111111,71.73756944444445,120.89717028146356,1.5178472222222221,1016.4907638888889,1021.2365972222221,15.37,35760.0,0.0,0,0,0,0,0,0,0,0,0,0,0,0,0,0,0,1440
2024-10-27,184858.56,Sunday,1,1,0,0,15.379513888888889,81.59576388888888,202.6414758963216,1.2410416666666666,1010.2347916666668,1014.9596527777777,5.93,1620.0,0.8,0,0,0,0,0,0,0,0,0,0,0,0,0,0,0,1440
2024-10-28,215925.84,Monday,0,0,0,0,15.799861111111111,76.41263888888889,98.50708093727333,1.9111805555555554,1010.5357638888889,1015.2574305555555,8.62,7920.0,0.0,0,0,0,0,0,0,0,0,0,0,0,0,0,0,0,1440
2024-10-29,212608.08,Tuesday,0,0,0,0,15.657430555555557,62.089444444444446,97.68729601026966,2.1978472222222223,1014.1760416666667,1018.9341666666667,9.32,7380.0,0.0,0,0,0,0,0,0,0,0,0,0,0,0,0,0,0,1440
2024-10-30,212706.72,Wednesday,0,0,0,0,14.881597222222222,73.38666666666667,285.8549184537509,1.2729861111111112,1017.8765277777777,1022.6610416666666,14.15,34920.0,0.0,0,0,0,0,0,0,0,0,0,0,0,0,0,0,0,1440
2024-10-31,212628.96,Thursday,0,0,0,0,14.777777777777779,71.88708333333332,212.43740625950153,1.1856944444444446,1018.6809722222223,1023.4650694444445,14.22,35100.0,0.0,0,0,0,0,0,0,0,0,0,0,0,0,0,0,0,1440
2024-11-01,204907.68,Friday,0,0,0,0,14.396666666666667,75.58708333333333,41.905101428952555,0.8977083333333333,1015.3603472222221,1020.1197916666666,4.65,0.0,0.0,0,0,0,0,0,0,0,0,0,0,0,0,0,0,0,1440
2024-11-02,189893.52,Saturday,1,0,0,0,16.937986111111112,67.27583333333334,327.96500010667364,1.265486111111111,1013.1573611111112,1017.8748611111112,13.8,35160.0,0.0,0,0,0,0,0,0,0,0,0,0,0,0,0,0,0,1440
2024-11-03,184920.48,Sunday,1,1,0,0,16.810694444444444,71.33395833333333,155.6170807241714,1.9089583333333333,1017.3084027777778,1022.0403472222223,12.83,28860.0,0.0,0,0,0,0,0,0,0,0,0,0,0,0,0,0,0,1440
2024-11-04,209448.0,Monday,0,0,0,0,15.084722222222222,65.35916666666667,285.22405916975913,2.2675694444444447,1016.0563194444445,1020.8283333333334,11.64,25560.0,1.0,0,0,0,0,0,0,0,0,0,0,0,0,0,0,0,1440
2024-11-05,203510.88,Tuesday,0,0,0,0,9.404444444444444,50.978888888888896,293.7186299929026,2.145277777777778,1017.8885416666667,1022.7646527777779,12.85,31260.0,0.0,0,0,0,0,0,0,0,0,0,0,0,0,0,0,0,1440
2024-11-06,207398.88,Wednesday,0,0,0,0,6.9620138888888885,48.464861111111105,294.72832909725275,1.7885416666666667,1021.7236111111112,1026.6710416666667,14.28,35460.0,0.0,0,0,0,0,0,0,0,0,0,0,0,0,0,0,0,1440
2024-11-07,213884.64,Thursday,0,0,0,0,6.668472222222222,58.15541666666667,288.8073811712644,1.1025,1025.366736111111,1030.3325694444443,13.72,34860.0,0.0,0,0,0,0,0,0,0,0,0,0,0,0,0,0,0,1440
2024-11-08,210957.84,Friday,0,0,0,0,8.690694444444444,62.657777777777774,282.0477034839089,1.0018055555555554,1023.7624305555555,1028.6846527777777,13.26,34260.0,0.0,0,0,0,0,0,0,0,0,0,0,0,0,0,0,0,1440
2024-11-09,188961.84,Saturday,1,0,0,0,11.705,67.10527777777779,295.38527910019627,0.9278472222222222,1022.0898611111111,1026.9546527777777,12.41,31200.0,0.0,0,0,0,0,0,0,0,0,0,0,0,0,0,0,0,1440
2024-11-10,182715.12,Sunday,1,1,0,0,13.149722222222222,73.85979166666667,281.73917314815253,1.113888888888889,1018.0215277777778,1022.8354166666667,10.84,24360.0,0.0,0,0,0,0,0,0,0,0,0,0,0,0,0,0,0,1440
2024-11-11,212870.88,Monday,0,0,0,0,12.867847222222222,75.38888888888889,271.1170487828191,0.904236111111111,1015.7606944444444,1020.5649305555555,11.87,33000.0,0.0,0,0,0,0,0,0,0,0,0,0,0,0,0,0,0,1440
2024-11-12,213476.4,Tuesday,0,0,0,0,13.115208333333335,74.25993055555556,291.0778475774032,1.4238194444444445,1015.2235416666666,1020.0150694444444,12.37,33120.0,0.0,0,0,0,0,0,0,0,0,0,0,0,0,0,0,0,1440
2024-11-13,212832.72,Wednesday,0,0,0,0,12.580277777777777,72.89215277777778,274.08857467102666,1.3565972222222222,1017.7470138888889,1022.5577777777778,11.66,31620.0,0.0,0,0,0,0,0,0,0,0,0,0,0,0,0,0,0,1440
2024-11-14,212566.32,Thursday,0,0,0,0,14.590833333333332,68.39958333333333,93.35953474302268,1.0877777777777777,1016.1254166666668,1020.8897222222222,4.14,240.0,0.0,0,0,0,0,0,0,0,0,0,0,0,0,0,0,0,1440
2024-11-15,212070.96,Friday,0,0,0,0,15.788402777777778,70.22541666666667,111.12760045024545,1.65625,1014.2573611111112,1018.9976388888889,9.57,20940.0,6.4,0,0,0,0,0,0,0,0,0,0,0,0,0,0,0,1440
2024-11-16,192463.92,Saturday,1,0,0,0,16.585208333333334,73.82229166666667,195.6683633507578,1.8263888888888888,1011.9464583333332,1016.6569444444444,9.13,19020.0,4.3,0,0,0,0,0,0,0,0,0,0,0,0,0,0,0,1440
2024-11-17,183259.44,Sunday,1,1,0,0,8.212916666666667,48.20395833333333,304.75875933595086,3.819583333333333,1018.4260416666667,1023.3276388888889,6.9,11400.0,0.0,0,0,0,0,0,0,0,0,0,0,0,0,0,0,0,1440
2024-11-18,226847.52,Monday,0,0,0,0,2.9641666666666664,30.424513888888892,304.0593135366201,2.547986111111111,1027.624236111111,1032.6790972222223,13.01,33180.0,0.0,0,0,0,0,0,0,0,0,0,0,0,0,0,0,0,1440
2024-11-19,231808.32,Tuesday,0,0,0,0,3.911388888888889,57.456041666666664,232.42009369261814,1.1390277777777778,1025.6371527777778,1030.6490277777777,9.99,23700.0,0.0,0,0,0,0,0,0,0,0,0,0,0,0,0,0,0,1440
2024-11-20,233229.6,Wednesday,0,0,0,0,4.967430555555556,73.45868055555556,207.57336386756887,0.9777083333333334,1020.311736111111,1025.2930555555556,4.37,2460.0,0.2,0,0,0,0,0,0,0,0,0,0,0,0,0,0,0,1440
2024-11-21,227048.4,Thursday,0,0,0,0,8.744166666666667,75.88055555555556,295.6106334981436,1.3759722222222224,1015.7892361111111,1020.6737499999999,6.23,11040.0,0.0,0,0,0,0,0,0,0,0,0,0,0,0,0,0,0,1440
2024-11-22,223251.12,Friday,0,0,0,0,6.390416666666667,48.2775,308.1126149564431,1.9797222222222224,1018.6015277777777,1023.5470138888888,11.93,33840.0,0.0,0,0,0,0,0,0,0,0,0,0,0,0,0,0,0,1440
2024-11-23,200486.88,Saturday,1,0,0,0,4.959791666666667,55.05305555555555,267.29400474050703,1.1610416666666667,1022.9346527777777,1027.927222222222,11.08,32940.0,0.0,0,0,0,0,0,0,0,0,0,0,0,0,0,0,0,1440
2024-11-24,195044.4,Sunday,1,1,0,0,5.9166087560806115,67.33898540653232,275.06804746970784,1.119874913134121,1024.7807505211954,1029.7603891591382,11.62,33120.0,0.0,0,0,0,0,0,0,0,0,0,0,0,0,0,0,0,1439
2024-11-25,225288.72,Monday,0,0,0,0,9.328327402135232,61.991736111111116,107.18665406935206,2.652013888888889,1019.7440972222222,1024.5749466192171,9.89,24720.0,0.0,0,0,0,0,0,0,0,0,0,0,0,0,0,0,0,1440
2024-11-26,230195.52,Tuesday,0,0,0,0,7.092361111111111,80.42277777777778,253.6306757131576,3.5609722222222224,1007.7704166666666,1012.630625,5.97,7080.0,35.4,0,1,0,0,0,0,0,0,0,0,0,0,0,0,0,1440
2024-11-27,256560.48,Wednesday,0,0,0,0,0.11701388888888889,90.23902777777778,246.48335849412013,1.881527777777778,1007.31125,1012.3091666666667,0.9,900.0,29.9,0,0,0,1,1,0,0,0,0,0,0,0,0,0,0,1440
2024-11-28,249393.6,Thursday,0,0,0,0,1.0278254091971941,86.47927677329625,273.0006080943058,1.326008344923505,1006.7956884561892,1011.7949645390071,5.23,7080.0,19.6,0,0,0,1,1,0,0,0,0,0,0,0,0,0,0,1438
2024-11-29,252321.84,Friday,0,0,0,0,-0.644236111111111,81.44555555555556,254.58789583948231,1.005138888888889,1008.7640277777778,1013.793125,8.81,18000.0,0.9,0,0,0,0,0,0,0,0,0,0,0,0,0,0,0,1440
2024-11-30,223527.6,Saturday,1,0,0,0,0.8409722222222222,89.16020833333333,111.80979392754926,0.8500694444444444,1011.1050694444444,1016.1202777777778,5.12,8820.0,0.4,0,0,0,0,0,0,0,0,0,0,0,0,0,0,0,1440
2024-12-01,216904.32,Sunday,1,1,0,0,3.1838194444444445,89.60909722222223,73.23816336089294,1.0239583333333333,1011.3621527777777,1016.3305555555555,6.96,9060.0,0.4,0,0,0,0,0,0,0,0,0,0,0,0,0,0,0,1440
2024-12-02,243838.8,Monday,0,0,0,1,5.457430555555556,84.82715277777778,198.72612252250272,1.3725,1011.4939583333334,1016.4202777777778,7.66,15480.0,0.0,0,0,0,0,0,0,0,0,0,0,0,0,0,0,0,1440
2024-12-03,258670.8,Tuesday,0,0,0,1,0.7902777777777777,50.426180555555554,289.49588148187877,1.8300694444444445,1018.8838888888889,1023.9410416666667,11.22,32460.0,0.0,0,0,0,0,0,0,0,0,0,0,0,0,0,0,0,1440
2024-12-04,258262.56,Wednesday,0,0,0,1,1.875625,64.09243055555557,270.846378222822,1.3233333333333333,1017.6795833333334,1022.7006944444445,11.15,32880.0,0.0,0,0,0,0,0,0,0,0,0,0,0,0,0,0,0,1440
2024-12-05,253416.96,Thursday,0,0,0,1,2.7640972222222224,73.05951388888889,259.90354348142205,1.4294444444444445,1012.8121527777778,1017.7990277777778,8.95,23460.0,0.4,0,0,0,0,0,0,0,0,0,0,0,0,0,0,0,1440
2024-12-06,250678.08,Friday,0,0,0,1,2.262986111111111,52.939027777777774,301.0956935324001,2.255,1016.3002083333333,1021.321875,10.57,30360.0,0.0,0,0,0,0,0,0,0,0,0,0,0,0,0,0,0,1440
2024-12-07,230583.6,Saturday,1,0,0,1,-0.21270833333333333,60.25583333333333,290.32371935120096,2.255347222222222,1019.613125,1024.6866666666667,10.15,25200.0,0.0,0,0,0,0,0,0,0,0,0,0,0,0,0,0,0,1440
2024-12-08,226829.52,Sunday,1,1,0,1,-0.9165277777777777,51.88347222222222,292.40296432904483,2.004652777777778,1021.7864583333334,1026.876736111111,11.02,32640.0,0.0,0,0,0,0,0,0,0,0,0,0,0,0,0,0,0,1440
2024-12-09,266382.72,Monday,0,0,0,1,-0.20493055555555556,64.83444444444444,260.57269511314837,1.0606944444444446,1020.5281944444445,1025.6204861111112,9.6,26580.0,0.0,0,0,0,0,0,0,0,0,0,0,0,0,0,0,0,1440
2024-12-10,261456.48,Tuesday,0,0,0,1,1.0233495482974289,69.380681028492,280.05894069574924,1.2618485059068798,1019.4281445448229,1024.4663655316192,10.51,30300.0,0.0,0,0,0,0,0,0,0,0,0,0,0,0,0,0,0,1439
2024-12-11,256003.92,Wednesday,0,0,0,1,2.3922222222222222,55.872569444444444,284.9483758393154,1.2334722222222223,1018.0966666666666,1023.1190972222222,8.59,25080.0,0.0,0,0,0,0,0,0,0,0,0,0,0,0,0,0,0,1440
2024-12-12,260354.88,Thursday,0,0,0,1,-0.07499999999999998,49.66,280.92672868184565,1.4089583333333333,1020.150625,1025.2286111111111,9.34,22920.0,0.0,0,0,0,0,0,0,0,0,0,0,0,0,0,0,0,1440
2024-12-13,258537.6,Friday,0,0,0,1,0.7897916666666667,42.96243055555556,280.1816667685223,1.8465972222222222,1017.808125,1022.8670833333334,5.79,6000.0,0.0,0,0,0,0,0,0,0,0,0,0,0,0,0,0,0,1440
2024-12-14,238302.72,Saturday,1,0,0,1,-1.3411111111111111,54.73791666666667,284.46851348851476,1.880486111111111,1020.5048611111112,1025.6008333333334,10.64,32400.0,0.0,0,0,0,0,0,0,0,0,0,0,0,0,0,0,0,1440
2024-12-15,229100.4,Sunday,1,1,0,1,0.7004166666666667,65.33909722222222,266.39748511821256,1.9708333333333334,1016.7218055555555,1021.7708333333334,7.06,15720.0,0.0,0,0,0,0,0,0,0,0,0,0,0,0,0,0,0,1440
2024-12-16,274219.92,Monday,0,0,0,1,-0.37979166666666664,68.56833333333333,248.9497099701825,0.9745833333333334,1017.7815277777777,1022.8433333333332,4.88,11040.0,0.3,0,0,0,0,0,0,0,0,0,0,0,0,0,0,0,1440
2024-12-17,276136.56,Tuesday,0,0,0,1,-1.3227777777777778,58.78034722222222,286.1638952406561,1.5594444444444444,1020.7307638888889,1025.82875,6.45,14400.0,0.0,0,0,0,0,0,0,0,0,0,0,0,0,0,0,0,1440
2024-12-18,284705.28,Wednesday,0,0,0,1,-3.6131944444444444,46.968611111111116,307.4356538414431,1.9485416666666668,1022.2030555555555,1027.3638194444443,10.66,32580.0,0.0,0,0,0,0,0,0,0,0,0,0,0,0,0,0,0,1440
2024-12-19,283384.8,Thursday,0,0,0,1,-2.8838194444444443,51.2075,266.611869013126,0.831875,1024.9791666666667,1030.125486111111,10.06,29160.0,0.0,0,0,0,0,0,0,0,0,0,0,0,0,0,0,0,1440
2024-12-20,268853.04,Friday,0,0,0,1,0.025069444444444422,68.63722222222222,121.8795052924615,1.1286111111111112,1018.2979166666667,1023.3422222222223,3.25,840.0,1.2,0,0,0,0,0,0,0,0,0,0,0,0,0,0,0,1440
2024-12-21,236890.08,Saturday,1,0,1,0,-0.380625,73.79770833333333,296.4071594400569,2.971458333333333,1014.6605555555556,1019.7003472222223,4.06,3780.0,1.9,0,0,0,0,0,0,0,0,0,0,0,0,0,0,0,1440
2024-12-22,233327.52,Sunday,1,1,1,0,-3.7027083333333333,49.67395833333333,295.12648915111146,2.3438194444444442,1022.9015277777778,1028.065138888889,10.89,32640.0,0.0,0,0,0,0,0,0,0,0,0,0,0,0,0,0,0,1440
2024-12-23,266041.44,Monday,0,0,1,0,-1.0735416666666668,68.22243055555556,208.32107822726996,1.3456944444444443,1022.0722222222222,1027.1790972222223,8.94,21600.0,0.0,0,0,0,0,0,0,0,0,0,0,0,0,0,0,0,1440
2024-12-24,259158.24,Tuesday,0,0,1,0,-1.08125,54.84354166666667,268.01805008538895,1.0153472222222222,1023.5759722222222,1028.6817361111111,10.5,31980.0,0.0,0,0,0,0,0,0,0,0,0,0,0,0,0,0,0,1440
2024-12-25,218944.8,Wednesday,0,1,1,0,1.5561805555555557,68.23993055555556,189.650977275156,1.0773611111111112,1021.0831944444445,1026.1288194444444,6.58,11460.0,0.3,0,0,0,0,0,0,0,0,0,0,0,0,0,0,0,1440
2024-12-26,257328.0,Thursday,0,0,1,0,0.8147916666666666,58.88347222222222,285.73110646531717,3.087152777777778,1020.0779166666666,1025.127638888889,10.48,31440.0,0.0,0,0,0,0,0,0,0,0,0,0,0,0,0,0,0,1440
2024-12-27,261477.36,Friday,0,0,1,0,-2.6172222222222223,53.880069444444445,283.72473186320764,2.1166666666666667,1021.7594444444445,1026.8922222222222,9.22,29160.0,0.0,0,0,0,0,0,0,0,0,0,0,0,0,0,0,0,1440
2024-12-28,234804.24,Saturday,1,0,1,0,-3.166597222222222,52.32229166666667,285.75046687758555,2.264861111111111,1019.8916666666667,1025.0308333333332,10.47,30780.0,0.0,0,0,0,0,0,0,0,0,0,0,0,0,0,0,0,1440
2024-12-29,221081.76,Sunday,1,1,1,0,0.5622916666666667,63.67347222222222,128.02547666067818,1.0372222222222223,1020.5304166666667,1025.5869444444445,8.79,21600.0,0.0,0,0,0,0,0,0,0,0,0,0,0,0,0,0,0,1440
2024-12-30,245656.08,Monday,0,0,1,0,5.0193055555555555,67.89076388888888,199.4388095658244,2.001111111111111,1014.5147916666667,1019.4512500000001,6.12,8880.0,0.0,0,0,0,0,0,0,0,0,0,0,0,0,0,0,0,1440
2024-12-31,244260.0,Tuesday,0,0,1,0,0.6481944444444444,46.26847222222223,286.6142607742193,2.604513888888889,1016.407013888889,1021.4452777777777,11.07,32760.0,0.0,0,0,0,0,0,0,0,0,0,0,0,0,0,0,0,1440
2025-01-01,216773.28,Wednesday,0,1,1,0,1.0411805555555556,68.03006944444445,183.30484595815162,1.7596527777777777,1017.9077083333334,1022.9409027777778,9.72,29880.0,0.0,0,0,0,0,0,0,0,0,0,0,0,0,0,0,0,1440
2025-01-02,253418.4,Thursday,0,0,1,0,-0.20770833333333336,54.618611111111115,286.3986364177677,1.5510416666666667,1020.1819444444444,1025.2657638888888,10.65,32460.0,0.0,0,0,0,0,0,0,0,0,0,0,0,0,0,0,0,1440
2025-01-03,262355.76,Friday,0,0,1,0,-1.6373175816539263,55.75587213342599,272.8011660776802,1.7645587213342597,1021.7041000694927,1026.8183460736623,9.33,25980.0,0.4,0,0,0,0,0,0,0,0,0,0,0,0,0,0,0,1439
2025-01-04,232634.88,Saturday,1,0,1,0,-1.432361111111111,55.63340277777778,223.3473282259777,1.1244444444444446,1022.2538888888889,1027.3640277777777,10.39,28260.0,0.0,0,0,0,0,0,0,0,0,0,0,0,0,0,0,0,1440
2025-01-05,223387.2,Sunday,1,1,1,0,1.1603472222222222,82.89659722222223,116.85759945843874,1.588125,1015.5211805555556,1020.5536805555556,2.23,0.0,3.7,0,0,0,0,1,0,0,0,0,0,0,0,0,0,0,1440
2025-01-06,259128.72,Monday,0,0,1,0,1.148611111111111,78.08611111111111,270.9824074133133,2.350902777777778,1012.1998611111111,1017.2215972222223,6.07,10320.0,2.0,0,0,0,0,0,0,0,0,0,0,0,0,0,0,0,1440
2025-01-07,272508.48,Tuesday,0,0,1,0,-1.9881944444444444,51.80125,287.0089145011998,2.36,1014.3802083333334,1019.4564583333333,10.39,28620.0,0.0,0,0,0,0,0,0,0,0,0,0,0,0,0,0,0,1440
2025-01-08,277946.64,Wednesday,0,0,1,0,-3.2876388888888886,59.973819444444445,272.05618527408603,2.285625,1015.858611111111,1020.9847916666668,7.96,19440.0,0.0,0,0,0,0,0,0,0,0,0,0,0,1,0,0,0,1440
2025-01-09,306077.04,Thursday,0,0,1,0,-9.134236111111111,36.96319444444445,305.00781981869784,4.322222222222222,1021.4988888888888,1026.7580555555555,11.03,30120.0,0.0,0,1,0,0,0,0,0,0,0,0,0,1,0,0,0,1440
2025-01-10,311005.44,Friday,0,0,1,0,-7.4825,46.449236111111105,283.9507126243018,1.5695138888888889,1027.3684027777779,1032.628125,11.49,33120.0,0.0,0,0,0,0,0,0,0,0,0,0,0,1,0,0,0,1440
2025-01-11,266061.6,Saturday,1,0,1,0,-5.457361111111111,62.31513888888889,272.2347253243871,1.2906944444444444,1024.7928472222222,1029.9940277777778,11.25,31380.0,0.0,0,0,0,0,0,0,0,0,0,0,0,1,0,0,0,1440
2025-01-12,250274.88,Sunday,1,1,1,0,-4.2150694444444445,65.14291666666666,293.006000021227,1.0975000000000001,1020.2792361111112,1025.4454166666667,10.32,31020.0,0.0,0,0,0,0,0,0,0,0,0,0,0,0,0,0,0,1440
2025-01-13,287323.92,Monday,0,0,1,0,-1.4122916666666667,77.0911111111111,158.42261477242207,1.5415277777777778,1020.9628472222222,1026.057013888889,5.98,6540.0,0.1,0,0,0,0,0,0,0,0,0,0,0,0,0,0,0,1440
2025-01-14,274438.08,Tuesday,0,0,1,0,2.296875,74.02597222222222,221.68734760614234,1.8504166666666666,1019.6586805555555,1024.6915277777778,6.88,11340.0,1.6,0,0,0,0,0,0,0,0,0,0,0,0,0,0,0,1440
2025-01-15,285064.56,Wednesday,0,0,1,0,-3.098402777777778,38.238819444444445,298.9202212651863,2.846111111111111,1024.1765972222222,1029.3375,12.02,33360.0,0.0,0,0,0,0,0,0,0,0,0,0,0,0,0,0,0,1440
2025-01-16,282592.08,Thursday,0,0,1,0,-1.334375,60.83069444444444,192.41019751873986,1.5070138888888889,1020.6894444444445,1025.7904166666667,3.53,720.0,0.0,0,0,0,0,0,0,0,0,0,0,0,0,0,0,0,1440
2025-01-17,271074.96,Friday,0,0,1,0,-1.1304166666666666,59.79916666666667,280.01249325828456,1.33625,1022.3190277777777,1027.4270138888887,11.06,33180.0,0.0,0,0,0,0,0,0,0,0,0,0,0,0,0,0,0,1440
2025-01-18,232673.76,Saturday,1,0,1,0,-0.8567361111111111,56.51972222222222,198.6505507768336,0.9141666666666667,1020.0515277777778,1025.1435416666666,11.12,28140.0,0.0,0,0,0,0,0,0,0,0,0,0,0,0,0,0,0,1440
2025-01-19,222865.2,Sunday,1,1,1,0,1.2959027777777778,65.28375,160.85994189766387,0.9663888888888889,1013.2702777777778,1018.2814583333334,7.22,10200.0,0.0,0,0,0,0,0,0,0,0,0,0,0,0,0,0,0,1440
2025-01-20,261436.32,Monday,0,0,1,0,2.053125,77.61333333333333,241.89323360298965,0.8099305555555555,1012.0347916666667,1017.0256944444444,5.73,6540.0,0.0,0,0,0,0,0,0,0,0,0,0,0,0,0,0,0,1440
2025-01-21,269336.16,Tuesday,0,0,1,0,0.6089583333333333,88.22895833333334,165.43641333277415,0.8632638888888888,1017.7736111111111,1022.8466666666666,4.79,7800.0,0.0,0,0,0,0,0,0,0,0,0,0,0,0,0,0,0,1440
2025-01-22,258555.6,Wednesday,0,0,1,0,1.5898611111111112,74.59159722222222,234.15598144259008,1.3325694444444445,1019.7793750000001,1024.838125,9.39,20940.0,0.0,0,0,0,0,0,0,0,0,0,0,0,0,0,0,0,1440
2025-01-23,257443.2,Thursday,0,0,1,0,0.16993055555555556,64.92895833333333,266.98438058404787,1.1274305555555555,1020.6843055555555,1025.7634722222222,12.35,33360.0,0.0,0,0,0,0,0,0,0,0,0,0,0,0,0,0,0,1440
2025-01-24,249166.08,Friday,0,0,1,0,1.0840277777777778,52.96527777777778,272.66867041520607,0.9374305555555557,1021.7434722222223,1026.8136111111112,12.33,33300.0,0.0,0,0,0,0,0,0,0,0,0,0,0,0,0,0,0,1440
2025-01-25,216052.56,Saturday,1,0,1,0,3.2309722222222224,53.81166666666667,71.29429119865829,1.6745833333333333,1023.859375,1028.8944444444444,12.13,29340.0,0.0,0,0,0,0,0,0,0,0,0,0,0,0,0,0,0,1440
2025-01-26,207524.88,Sunday,1,1,1,0,4.353347280334728,44.91611111111111,105.6011910457645,2.0231944444444445,1021.0914583333333,1026.0784518828452,6.65,7440.0,0.0,0,0,0,0,0,0,0,0,0,0,0,0,0,0,0,1440
2025-01-27,219636.0,Monday,0,1,1,0,0.05847222222222222,77.10034722222223,237.62849515051636,3.1686805555555555,1011.0375,1016.0698611111112,4.66,3840.0,6.2,0,1,0,0,1,0,0,0,0,0,0,0,0,0,0,1440
2025-01-28,225131.76,Tuesday,0,1,1,0,-3.418263888888889,79.31215277777778,287.25376926709896,3.249166666666667,1011.4503472222223,1016.5633333333333,6.04,0.0,5.4,0,1,0,1,1,0,0,0,0,0,0,0,0,0,0,1440
2025-01-29,226170.0,Wednesday,0,1,1,0,-4.962986111111111,63.35333333333334,299.73313689405245,2.49125,1019.980625,1025.1516666666666,14.33,32400.0,0.0,0,0,0,0,0,0,0,0,0,0,0,0,0,0,0,1440
2025-01-30,229518.0,Thursday,0,1,1,0,-3.8539583333333334,46.433194444444446,281.5537267747327,0.9345138888888889,1023.6265972222222,1028.7834027777778,8.9,7440.0,0.0,0,0,0,0,0,0,0,0,0,0,0,0,0,0,0,1440
2025-01-31,263713.68,Friday,0,0,1,0,-0.3539583333333334,70.42479166666666,55.03880125300317,1.1014583333333332,1021.9320833333333,1027.0320833333333,3.78,0.0,1.1,0,0,0,0,0,0,0,0,0,0,0,0,0,0,0,1440
2025-02-01,232620.48,Saturday,1,0,1,0,1.5561805555555557,79.25965277777777,325.80409566378887,1.360625,1017.3322916666667,1022.3745138888889,10.35,21180.0,0.0,0,0,0,0,0,0,0,0,0,0,0,0,0,0,0,1440
2025-02-02,224521.2,Sunday,1,1,1,0,0.4083333333333333,72.78708333333333,273.36572498231607,1.4493055555555556,1014.5338888888889,1019.5588888888889,12.7,28200.0,0.0,0,0,0,0,0,0,0,0,0,0,0,0,0,0,0,1440
2025-02-03,276863.04,Monday,0,0,1,0,-3.022361111111111,47.49604166666667,289.5811924758824,4.205763888888889,1015.5619444444444,1020.669375,14.43,33540.0,0.0,0,0,0,0,0,0,0,0,0,0,0,1,0,0,0,1440
2025-02-04,300250.8,Tuesday,0,0,1,0,-8.379930555555555,48.93888888888889,298.609633234282,3.361736111111111,1015.3907638888888,1020.6087500000001,14.19,34800.0,0.0,0,0,0,0,0,0,0,0,0,0,0,1,0,0,0,1440
2025-02-05,304990.56,Wednesday,0,0,1,0,-8.217916666666666,47.127430555555556,298.6690017550645,2.709375,1014.4443055555556,1019.6597916666667,12.11,27840.0,0.0,0,0,0,0,0,0,0,0,0,0,0,1,0,0,0,1440
2025-02-06,298015.2,Thursday,0,0,1,0,-6.381944444444445,62.99902777777778,242.81889670292588,1.4970138888888889,1016.587986111111,1021.7775694444445,11.67,22920.0,1.9,0,0,0,0,1,0,0,0,0,0,0,1,0,0,0,1440
2025-02-07,297789.12,Friday,0,0,1,0,-7.767916666666666,60.817569444444445,302.8263288178657,4.081527777777778,1016.2915277777778,1021.5029861111111,13.72,26940.0,1.1,0,1,0,0,1,0,0,0,0,0,0,1,0,0,0,1440
2025-02-08,263466.72,Saturday,1,0,1,0,-8.184444444444445,52.87055555555556,289.3504004049138,2.3534027777777777,1023.8840277777778,1029.1424305555556,15.52,36060.0,0.0,0,0,0,0,0,0,0,0,0,0,0,1,0,0,0,1440
2025-02-09,250407.36,Sunday,1,1,1,0,-5.624791666666667,65.6570138888889,250.03216992371043,1.5572222222222223,1023.009375,1028.2082638888887,16.02,34080.0,0.0,0,0,0,0,0,0,0,0,0,0,0,1,0,0,0,1440
2025-02-10,292465.44,Monday,0,0,1,0,-4.188124999999999,73.58826388888889,232.6390860068147,1.32,1022.5858333333334,1027.7613888888889,9.23,14700.0,0.2,0,0,0,0,0,0,0,0,0,0,0,0,0,0,0,1440
2025-02-11,280337.76,Tuesday,0,0,1,0,-0.9793055555555555,61.248888888888885,118.41506405474775,1.3359722222222221,1023.6452083333334,1028.7615972222222,15.01,34380.0,0.0,0,0,0,0,0,0,0,0,0,0,0,0,0,0,0,1440
2025-02-12,275353.92,Wednesday,0,0,1,0,0.45743055555555556,75.85076388888889,232.38915510599887,2.1039583333333334,1013.0095833333334,1018.0504166666667,2.08,0.0,2.2,0,0,0,0,0,0,0,0,0,0,0,0,0,0,0,1440
2025-02-13,269411.76,Thursday,0,0,1,0,-0.12645833333333334,50.98,251.43948574818648,2.1288194444444444,1019.1564583333334,1024.2330555555557,15.97,35340.0,0.0,0,0,0,0,0,0,0,0,0,0,0,0,0,0,0,1440
2025-02-14,255813.84,Friday,0,0,1,0,2.1049305555555553,68.27881944444445,174.83362314873708,1.3011805555555556,1017.5957638888888,1022.6111805555556,14.36,34800.0,0.0,0,0,0,0,0,0,0,0,0,0,0,0,0,0,0,1440
2025-02-15,228127.68,Saturday,1,0,1,0,1.8640972222222223,79.48548611111111,253.85393813226358,0.9326388888888889,1013.7987499999999,1018.8082638888889,8.67,5280.0,0.0,0,0,0,0,0,0,0,0,0,0,0,0,0,0,0,1440
2025-02-16,218573.28,Sunday,1,1,1,0,2.8645833333333335,78.51430555555557,255.10392673971978,1.9371527777777777,1011.8875694444445,1016.8803472222222,10.4,14580.0,0.0,0,0,0,0,0,0,0,0,0,0,0,0,0,0,0,1440
2025-02-17,259072.56,Monday,0,0,1,0,0.11729166666666667,36.41840277777778,287.8167731066045,3.3301388888888885,1019.1985416666666,1024.2658333333334,16.86,36600.0,0.0,0,0,0,0,0,0,0,0,0,0,0,0,0,0,0,1440
2025-02-18,266865.84,Tuesday,0,0,1,0,-1.8284027777777778,37.37888888888889,294.69518782345875,3.6168055555555556,1021.7255555555556,1026.8574305555555,16.97,37260.0,0.0,0,0,0,0,0,0,0,0,0,0,0,0,0,0,0,1440
2025-02-19,269878.32,Wednesday,0,0,1,0,-3.219583333333333,44.44173611111111,278.96300183667796,2.337638888888889,1023.9015277777778,1029.052986111111,17.06,37260.0,0.0,0,0,1,0,0,0,0,0,0,0,0,0,0,0,0,1440
2025-02-20,271340.64,Thursday,0,0,1,0,-3.1440277777777776,44.10472222222222,288.8675332044154,2.5231250000000003,1025.4889583333334,1030.6564583333334,17.27,37080.0,0.0,0,0,1,0,0,0,0,0,0,0,0,0,0,0,0,1440
2025-02-21,271889.28,Friday,0,0,1,0,-2.8958333333333335,44.67375,279.73838699244,2.4131944444444446,1026.2145138888889,1031.3791666666666,17.25,37140.0,0.0,0,0,1,0,0,0,0,0,0,0,0,0,0,0,0,1440
2025-02-22,242457.84,Saturday,1,0,1,0,-2.2983333333333333,48.03027777777778,282.80375397158974,2.5109027777777775,1027.6784722222221,1032.8402083333333,17.71,37080.0,0.0,0,0,1,0,0,0,0,0,0,0,0,0,0,0,0,1440
2025-02-23,238744.08,Sunday,1,1,1,0,-3.8980555555555556,43.923125,286.8195883928736,2.9878472222222223,1026.673611111111,1031.8584027777779,16.64,34260.0,0.0,0,0,1,0,0,0,0,0,0,0,0,0,0,0,0,1440
2025-02-24,274052.16,Monday,0,0,1,0,-2.5597222222222222,49.303125,245.3880536719365,1.8342361111111112,1027.0225,1032.191597222222,18.07,37140.0,0.0,0,0,1,0,0,0,0,0,0,0,0,0,0,0,0,1440
2025-02-25,264516.48,Tuesday,0,0,1,0,0.8018055555555554,67.42347222222223,174.2335900506268,2.3095833333333333,1022.7388888888889,1027.8177777777778,13.26,21000.0,0.0,0,0,1,0,0,0,0,0,0,0,0,0,0,0,0,1440
2025-02-26,255352.32,Wednesday,0,0,1,0,2.9907638888888886,51.530625,254.531521706376,1.7779861111111113,1019.7532638888889,1024.7618750000001,17.93,36600.0,0.0,0,0,1,0,0,0,0,0,0,0,0,0,0,0,0,1440
2025-02-27,243779.04,Thursday,0,0,1,0,3.589097222222222,36.91611111111111,254.33071384145427,1.1264583333333333,1017.6445833333333,1022.6394444444445,16.88,30120.0,0.0,0,0,1,0,0,0,0,0,0,0,0,0,0,0,0,1440
2025-02-28,213042.96,Friday,0,0,1,0,5.962986111111111,53.35680555555556,290.38380839355204,0.972013888888889,1015.8259027777779,1020.759861111111,10.99,15420.0,0.0,0,0,1,0,0,0,0,0,0,0,0,0,0,0,0,1440
2025-03-01,168132.96,Saturday,1,1,1,0,6.610416666666667,73.29208333333334,123.76907967808089,1.163888888888889,1013.6152777777778,1018.5379166666668,7.64,5580.0,0.2,0,0,1,0,0,0,0,0,0,0,0,0,0,0,0,1440
2025-03-02,160202.16,Sunday,1,1,1,0,9.214444444444444,65.88638888888889,66.45149586563738,2.136041666666667,1010.9259027777778,1015.7902777777778,5.6,1020.0,15.4,0,0,0,0,0,0,0,0,0,0,0,0,0,0,0,1440
2025-03-03,176639.04,Monday,0,1,0,0,3.315208333333333,64.55277777777778,81.11821242461963,4.313888888888889,1016.7970833333334,1021.7880555555556,10.15,5280.0,12.5,0,0,0,0,0,0,0,0,0,0,0,0,0,0,0,1440
2025-03-04,218060.64,Tuesday,0,0,0,0,2.3782638888888887,67.32666666666667,75.80055235265533,3.106736111111111,1017.2610416666666,1022.2682638888889,5.48,4020.0,2.3,0,0,0,0,0,0,0,0,0,0,0,0,0,0,0,1440
2025-03-05,212469.84,Wednesday,0,0,0,0,4.900833333333333,60.751666666666665,4.012565250069097,1.7659722222222223,1017.6561805555555,1022.6263194444443,7.32,0.0,0.0,0,0,0,0,0,0,0,0,0,0,0,0,0,0,0,1440
2025-03-06,206176.32,Thursday,0,0,0,0,3.5997222222222223,65.09125,268.90976089360254,1.852638888888889,1020.9801388888889,1025.994652777778,17.64,36540.0,0.0,0,0,0,0,0,0,0,0,0,0,0,0,0,0,0,1440
2025-03-07,199624.32,Friday,0,0,0,0,3.564652777777778,63.277569444444445,189.0470080639251,1.6257638888888888,1022.8097222222223,1027.8225,16.79,34920.0,0.0,0,0,0,0,0,0,0,0,0,0,0,0,0,0,0,1440
2025-03-08,171067.68,Saturday,1,0,0,0,4.7323611111111115,62.01444444444444,250.8555216716299,1.735277777777778,1021.4512500000001,1026.4454166666667,17.53,32940.0,0.0,0,0,0,0,0,0,0,0,0,0,0,0,0,0,0,1440
2025-03-09,163801.44,Sunday,1,1,0,0,5.026736111111111,75.96819444444444,249.4758681673875,1.214513888888889,1025.22,1030.2347222222222,17.91,30720.0,0.0,0,0,0,0,0,0,0,0,0,0,0,0,0,0,0,1440
2025-03-10,194238.72,Monday,0,0,0,0,6.172152777777778,67.93340277777779,258.23819062873713,1.5798611111111112,1021.8017361111112,1026.7724305555555,18.42,36720.0,0.0,0,0,0,0,0,0,0,0,0,0,0,0,0,0,0,1440
2025-03-11,189141.84,Tuesday,0,0,0,0,7.176180555555556,65.750625,268.5296570637992,1.4409027777777779,1016.4527777777778,1021.3789583333333,18.98,36300.0,0.0,0,0,0,0,0,0,0,0,0,0,0,0,0,0,0,1440
2025-03-12,191005.92,Wednesday,0,0,0,0,7.19125,78.21638888888889,254.61677541911598,1.7628472222222222,1012.3726388888889,1017.2759027777778,6.11,360.0,0.2,0,0,0,0,0,0,0,0,0,0,0,0,0,0,0,1440
2025-03-13,189605.52,Thursday,0,0,0,0,7.913472222222222,58.76819444444444,264.6047909427783,1.9826388888888888,1017.9496527777778,1022.8688194444445,18.46,33060.0,0.0,0,0,0,0,0,0,0,0,0,0,0,0,0,0,0,1440
2025-03-14,181036.8,Friday,0,0,0,0,10.887083333333333,38.454861111111114,271.7840864934001,1.3800000000000001,1020.1626388888889,1025.0313194444445,19.38,35640.0,0.0,0,0,0,0,0,0,0,0,0,0,0,0,0,0,0,1440
2025-03-15,156838.32,Saturday,1,0,0,0,11.65986111111111,45.187361111111116,141.044267143048,3.4034722222222222,1016.880486111111,1021.7347222222222,18.04,28080.0,0.0,0,0,0,0,0,0,0,0,0,0,0,0,0,0,0,1440
2025-03-16,156466.8,Sunday,1,1,0,0,5.0981250000000005,61.845277777777774,263.4005651715439,3.8944444444444444,1009.8241666666667,1014.7509027777778,11.86,17940.0,0.0,0,0,0,0,0,0,0,0,0,0,0,0,0,0,0,1440
2025-03-17,200479.68,Monday,0,0,0,0,2.6005555555555557,38.881875,281.7275474484823,3.0672916666666663,1012.3727083333333,1017.3640277777778,19.29,35640.0,0.0,0,0,0,0,1,0,0,0,0,0,0,0,0,0,0,1440
2025-03-18,210483.36,Tuesday,0,0,0,0,1.9425694444444446,71.87361111111112,289.4029112413618,3.095138888888889,1010.2738888888888,1015.2620833333333,9.22,7260.0,4.0,0,0,0,0,1,0,0,0,0,0,0,0,0,0,0,1440
2025-03-19,207838.08,Wednesday,0,0,0,0,1.6463516330785266,51.058304378040305,265.9202425728321,2.085128561501042,1019.4077136900626,1024.4554551772064,21.82,40620.0,0.0,0,0,0,0,0,0,0,0,0,0,0,0,0,0,0,1439
2025-03-20,194672.88,Thursday,0,0,0,0,6.854305555555556,63.3375,173.42611984905193,2.647986111111111,1014.4308333333332,1019.3558333333333,19.93,35280.0,0.0,0,0,0,0,0,0,0,0,0,0,0,0,0,0,0,1440
2025-03-21,180205.2,Friday,0,0,0,0,10.306736111111112,66.08770833333334,180.40518013388956,2.2847916666666666,1007.9758333333333,1012.7964583333332,20.46,38580.0,0.0,0,0,0,0,0,0,0,0,0,0,0,0,0,0,0,1440
2025-03-22,155602.8,Saturday,1,0,0,0,12.036944444444446,54.719791666666666,193.32917021629405,2.3853472222222223,1005.7583333333333,1010.5361111111112,20.68,39780.0,0.0,0,0,0,0,0,0,0,0,0,0,0,0,0,0,0,1440
2025-03-23,147593.52,Sunday,1,1,0,0,13.355555555555556,53.71569444444445,156.7191070395963,1.667638888888889,1005.4424305555556,1010.2022222222222,19.43,32940.0,0.0,0,0,0,0,0,0,0,0,0,0,0,0,0,0,0,1440
2025-03-24,176203.44,Monday,0,0,0,0,14.215277777777779,60.10527777777778,219.6564457623754,2.5475,999.2660416666668,1003.9834027777779,17.88,27000.0,0.0,0,0,0,0,0,0,0,0,0,0,0,0,0,0,0,1440
2025-03-25,172536.48,Tuesday,0,0,0,0,12.43375,68.04868055555556,200.2311482363885,3.375625,996.6938888888889,1001.429375,14.37,16920.0,0.0,0,1,0,0,0,0,0,0,0,0,0,0,0,0,0,1440
2025-03-26,174713.76,Wednesday,0,0,0,0,14.167083333333332,49.56555555555555,130.0511025332841,1.8829166666666668,999.4402777777777,1004.1582638888888,20.73,34980.0,0.0,0,0,0,0,0,0,0,0,0,0,0,0,0,0,0,1440
2025-03-27,176968.08,Thursday,0,0,0,0,13.617638888888889,69.66083333333334,274.2253314529016,2.660416666666667,997.2157638888889,1001.9244444444444,9.07,5100.0,0.2,0,0,0,0,0,0,0,0,0,0,0,0,0,0,0,1440
2025-03-28,175286.16,Friday,0,0,0,0,6.919513888888889,43.29111111111111,293.6620221580798,3.2813194444444447,1009.2830555555556,1014.1708333333333,20.25,27180.0,0.0,0,0,0,0,0,0,0,0,0,0,0,0,0,0,0,1440
2025-03-29,163189.44,Saturday,1,0,0,0,2.641458333333333,45.49486111111111,269.6440926853486,3.2145138888888884,1017.7709027777778,1022.7944444444445,17.03,31020.0,2.7,0,0,1,0,0,0,0,0,0,0,0,0,0,0,0,1440
2025-03-30,158446.08,Sunday,1,1,0,0,3.125225851285615,47.011883252258514,266.7618447650902,2.4815844336344686,1023.5683808200139,1028.5991660875607,21.28,36960.0,0.0,0,0,1,0,0,0,0,0,0,0,0,0,0,0,0,1439
2025-03-31,185941.44,Monday,0,0,0,0,7.081944444444445,54.760555555555555,204.5964625068393,1.7570138888888889,1021.0155555555555,1025.9515277777778,21.19,33060.0,0.0,0,0,1,0,0,0,0,0,0,0,0,0,0,0,0,1440
2025-04-01,182579.76,Tuesday,0,0,0,0,8.34576388888889,60.70826388888889,211.33725393842766,1.5377083333333335,1018.0588194444445,1022.9654861111111,22.08,40560.0,0.0,0,0,1,0,0,0,0,0,0,0,0,0,0,0,0,1440
2025-04-02,182781.36,Wednesday,0,0,0,0,7.685277777777777,62.558680555555554,196.78091489266433,2.066875,1014.8284722222222,1019.7371527777777,13.16,19260.0,0.0,0,0,1,0,0,0,0,0,0,0,0,0,0,0,0,1440
2025-04-03,180311.04,Thursday,0,0,0,0,8.182569444444445,66.62381944444445,227.91029318598638,1.8227083333333332,1015.6959027777779,1020.5989583333334,22.76,40680.0,0.0,0,0,0,0,0,0,0,0,0,0,0,0,0,0,0,1440
2025-04-04,176525.28,Friday,0,0,0,0,8.880277777777778,65.03520833333333,219.15564189412032,1.7359722222222222,1015.2368055555555,1020.1296527777778,22.32,37140.0,0.0,0,0,0,0,0,0,0,0,0,0,0,0,0,0,0,1440
2025-04-05,160724.16,Saturday,1,0,0,0,7.999722222222222,86.36277777777778,178.2489717159262,1.4508333333333332,1008.1145833333334,1012.9883333333333,1.94,0.0,20.4,0,0,0,0,0,0,0,0,0,0,0,0,0,0,0,1440
2025-04-06,152891.28,Sunday,1,1,0,0,9.344861111111111,72.721875,244.25399364821234,2.5160416666666667,1010.6470833333334,1015.5100694444444,22.4,33180.0,0.0,0,0,0,0,0,0,0,0,0,0,0,0,0,0,0,1440
2025-04-07,177487.92,Monday,0,0,0,1,12.030000000000001,59.15645833333333,171.40609287644259,2.505138888888889,1011.9522222222222,1016.7635416666667,23.17,40560.0,0.0,0,0,0,0,0,0,0,0,0,0,0,0,0,0,0,1440
2025-04-08,178246.08,Tuesday,0,0,0,1,12.71534722222222,58.77409722222222,262.3592333346577,2.871875,1009.5097916666667,1014.2925694444444,22.58,31980.0,0.0,0,0,0,0,0,0,0,0,0,0,0,0,0,0,0,1440
2025-04-09,176863.68,Wednesday,0,0,0,1,11.363977746870653,58.34457579972184,196.4060105297926,1.7809457579972183,1006.9190542420029,1011.7178720445063,13.24,12780.0,0.2,0,0,0,0,0,0,0,0,0,0,0,0,0,0,0,1438
2025-04-10,175116.24,Thursday,0,0,0,1,11.954722222222221,59.576875,264.61818600045285,1.9291666666666667,1002.7167361111112,1007.4811111111111,23.25,40380.0,0.0,0,0,0,0,0,0,0,0,0,0,0,0,0,0,0,1440
2025-04-11,177375.6,Friday,0,0,0,1,13.474513888888888,62.338055555555556,235.8414973287732,1.4267361111111112,1005.8354166666667,1010.596875,24.2,42000.0,0.0,0,0,0,0,0,0,0,0,0,0,0,0,0,0,0,1440
2025-04-12,157169.52,Saturday,1,0,0,1,12.451736111111112,67.48798611111111,149.32567700213468,2.7958333333333334,1002.0022222222221,1006.7641666666666,8.51,6000.0,14.6,0,1,0,0,0,0,0,0,0,0,0,0,0,0,0,1440
2025-04-13,153786.96,Sunday,1,1,0,1,4.958263888888888,73.60993055555556,229.5036325071735,3.8829166666666666,996.3880555555556,1001.2568749999999,15.98,24180.0,4.3,0,1,0,0,0,0,0,0,0,0,0,0,0,0,0,1440
2025-04-14,214675.56,Monday,0,0,0,1,4.596458333333333,85.67375,141.57794428670925,2.565138888888889,994.4013888888888,999.2604166666666,5.78,1620.0,5.7,0,0,0,0,0,0,0,0,0,0,0,0,0,0,0,1440
2025-04-15,226992.24,Tuesday,0,0,0,1,7.190208333333333,74.30791666666666,266.6579238443295,2.3605555555555555,1002.0202777777778,1006.8849305555556,25.9,43380.0,0.0,0,0,0,0,0,0,0,0,0,0,0,0,0,0,0,1440
2025-04-16,220492.44,Wednesday,0,0,0,1,13.34986111111111,62.10527777777778,148.48626597407403,2.2893055555555555,1003.1688194444445,1007.9146527777779,22.04,38580.0,0.0,0,0,0,0,0,0,0,0,0,0,0,0,0,0,0,1440
2025-04-17,228375.36,Thursday,0,0,0,1,19.135277777777777,63.92277777777778,183.2773916604903,2.4447916666666667,1000.6434722222223,1005.2680555555555,17.09,21540.0,0.0,0,0,0,0,0,0,0,0,0,0,0,0,0,0,0,1440
2025-04-18,225190.8,Friday,0,0,0,1,16.950069444444445,77.45840277777778,279.3354256406383,1.7856944444444445,1004.6386805555555,1009.3177777777778,17.24,20880.0,0.0,0,0,0,0,0,0,0,0,0,0,0,0,0,0,0,1440
2025-04-19,205310.16,Saturday,1,0,0,1,15.729513888888889,88.44555555555556,224.33397313248065,2.8782638888888887,1004.1942361111111,1008.8955555555556,8.62,3060.0,3.3,0,1,0,0,0,0,0,0,0,0,0,0,0,0,0,1440
2025-04-20,196516.44,Sunday,1,1,0,1,15.478194444444444,75.87680555555556,265.96555936737485,1.5952777777777776,1007.7995138888889,1012.53125,24.09,32940.0,0.0,0,0,0,0,0,0,0,0,0,0,0,0,0,0,0,1440
2025-04-21,231804.0,Monday,0,0,0,1,18.872916666666665,71.82083333333334,173.22324346144055,1.7370833333333333,1009.3449305555555,1014.0298611111111,21.43,26280.0,0.0,0,0,0,0,0,0,0,0,0,0,0,0,0,0,0,1440
2025-04-22,235654.2,Tuesday,0,0,0,1,17.44659722222222,91.1842361111111,281.16530637351593,1.6749305555555556,1001.3459027777778,1006.0322916666667,3.94,0.0,16.4,0,0,0,0,0,0,0,0,0,0,0,0,0,0,0,1440
2025-04-23,229257.36,Wednesday,0,0,0,1,16.115833333333335,66.79708333333333,275.2373155047444,1.9583333333333333,1001.975,1006.6665277777778,25.06,44340.0,0.0,0,0,0,0,0,0,0,0,0,0,0,0,0,0,0,1440
2025-04-24,217825.2,Thursday,0,0,0,1,12.963402777777777,66.75618055555555,252.10892811276622,2.526666666666667,1004.6366666666667,1009.3980555555555,24.7,39240.0,0.0,0,0,0,0,0,0,0,0,0,0,0,0,0,0,0,1440
2025-04-25,204751.44,Friday,0,0,0,1,11.346041666666666,49.13055555555555,264.81358250241243,2.876875,1011.1740972222221,1015.9888888888889,27.09,44160.0,0.0,0,0,0,0,0,0,0,0,0,0,0,0,0,0,0,1440
2025-04-26,185031.0,Saturday,1,0,0,0,12.644583333333333,54.473749999999995,203.41445429151304,2.321875,1013.6877777777777,1018.4859722222222,26.49,43620.0,0.0,0,0,0,0,0,0,0,0,0,0,0,0,0,0,0,1440
2025-04-27,182718.0,Sunday,1,1,0,0,14.88,43.17902777777778,218.20735137326406,2.3206249999999997,1010.5563888888888,1015.322361111111,19.2,23520.0,0.0,0,0,0,0,0,0,0,0,0,0,0,0,0,0,0,1440
2025-04-28,211212.36,Monday,0,0,0,0,13.525972222222224,55.401666666666664,273.83725697475467,2.422361111111111,1005.6595833333333,1010.4207638888888,27.51,44340.0,0.0,0,0,1,0,0,0,0,0,0,0,0,0,0,0,0,1440
2025-04-29,211652.28,Tuesday,0,0,0,0,13.262986111111111,48.317083333333336,252.49380768596018,1.6218055555555557,1008.1720833333334,1012.9403472222223,27.39,44520.0,0.0,0,0,1,0,0,0,0,0,0,0,0,0,0,0,0,1440
2025-04-30,215219.16,Wednesday,0,0,0,0,16.937013888888888,44.06708333333333,186.06173887124663,2.1639583333333334,1008.6785416666668,1013.3998611111111,27.42,44100.0,0.0,0,0,1,0,0,0,0,0,0,0,0,0,0,0,0,1440
2025-05-01,206082.0,Thursday,0,0,0,0,13.311944444444444,77.10173611111111,189.99640161056664,1.9978472222222223,1003.1508333333333,1007.8990277777779,2.92,0.0,20.5,0,0,1,0,0,0,0,0,0,0,0,0,0,0,0,1440
2025-05-02,202179.6,Friday,0,0,0,0,12.39236111111111,63.96173611111111,269.0815159271088,2.631527777777778,1005.7863194444445,1010.555,25.37,37020.0,0.0,0,0,0,0,0,0,0,0,0,0,0,0,0,0,0,1440
2025-05-03,181868.4,Saturday,1,0,0,0,10.124236111111111,84.55993055555555,252.67000262933658,1.7838483146067414,1004.7138888888888,1009.5197222222222,8.9,5040.0,11.8,0,0,0,0,0,0,0,0,0,0,0,0,0,0,0,1440
2025-05-04,172133.64,Sunday,1,1,0,0,12.54375,64.49125,232.7933534025616,2.5316666666666667,1007.8404166666667,1012.6340972222223,28.4,45420.0,0.0,0,0,0,0,0,0,0,0,0,0,0,0,0,0,0,1440
2025-05-05,176277.6,Monday,0,1,0,0,11.937708333333333,64.99965277777778,74.95259766142195,1.1851388888888887,1007.7163194444445,1012.5122222222222,7.73,540.0,0.0,0,0,0,0,0,0,0,0,0,0,0,0,0,0,0,1440
2025-05-06,179329.68,Tuesday,0,1,0,0,13.053680555555555,62.94479166666667,293.65872450036954,1.7920833333333333,1002.8236805555556,1007.5856944444444,19.45,27780.0,0.0,0,0,0,0,0,0,0,0,0,0,0,0,0,0,0,1440
2025-05-07,208188.72,Wednesday,0,0,0,0,13.226944444444444,69.66694444444444,220.733266639295,1.9064583333333334,1008.7049305555556,1013.4789583333333,27.69,45360.0,0.0,0,0,0,0,0,0,0,0,0,0,0,0,0,0,0,1440
2025-05-08,213548.4,Thursday,0,0,0,0,15.694305555555555,60.40111111111111,245.02441373313297,1.5543055555555554,1012.2379861111111,1016.9826388888889,25.65,37440.0,0.0,0,0,0,0,0,0,0,0,0,0,0,0,0,0,0,1440
2025-05-09,209682.0,Friday,0,0,0,0,15.166875,79.50104166666667,92.65965095990755,2.438333333333333,1001.4013194444444,1006.1205555555556,3.89,0.0,8.0,0,0,0,0,0,0,0,0,0,0,0,0,0,0,0,1440
2025-05-10,192182.04,Saturday,1,0,0,0,12.06236111111111,93.46166666666666,234.2293421106832,3.6870833333333333,995.8020138888888,1000.5261111111112,2.71,0.0,3.4,0,0,0,0,0,0,0,0,0,0,0,0,0,0,0,1440
2025-05-11,187659.72,Sunday,1,1,0,0,14.294375,77.39652777777778,192.84423398099423,1.8221527777777777,1001.6184722222223,1006.344513888889,19.72,21300.0,0.0,0,0,0,0,0,0,0,0,0,0,0,0,0,0,0,1440
2025-05-12,219906.72,Monday,0,0,0,0,15.900625000000002,66.84270833333333,198.42636571909424,1.788402777777778,1005.3924999999999,1010.0978472222222,28.17,45720.0,0.0,0,0,0,0,0,0,0,0,0,0,0,0,0,0,0,1440
2025-05-13,224884.08,Tuesday,0,0,0,0,18.580125086865877,56.77692842251564,224.50662345083163,2.1259207783182763,1009.8227936066713,1014.5123697011815,21.24,28800.0,0.0,0,0,0,0,0,0,0,0,0,0,0,0,0,0,0,1439
2025-05-14,230239.08,Wednesday,0,0,0,0,19.262430555555557,60.56451388888888,239.07197880172072,2.093263888888889,1011.0890972222222,1015.7703472222222,24.99,41880.0,0.0,0,0,0,0,0,0,0,0,0,0,0,0,0,0,0,1440
2025-05-15,233489.52,Thursday,0,0,0,0,19.032222222222224,84.21006944444444,229.41701811588268,1.633472222222222,1009.87,1014.5553472222222,6.08,60.0,0.2,0,0,0,0,0,0,0,0,0,0,0,0,0,0,0,1440
2025-05-16,241391.16,Friday,0,0,0,0,20.065277777777776,91.29930555555555,113.59497492350395,1.5659722222222223,1007.6897222222221,1012.3443055555556,5.24,0.0,20.9,0,0,0,0,0,0,0,0,0,0,0,0,0,0,0,1440
2025-05-17,210900.6,Saturday,1,0,0,0,18.360972222222223,85.07472222222222,253.69909339498713,2.4247916666666667,1001.2541666666667,1005.9060416666666,17.48,19260.0,3.8,0,0,0,0,0,0,0,0,0,0,0,0,0,0,0,1440
2025-05-18,191710.44,Sunday,1,1,0,0,15.377638888888889,62.51618055555556,272.86012454955073,2.1689583333333333,1006.4531944444445,1011.1834027777778,27.28,44160.0,0.0,0,0,0,0,0,0,0,0,0,0,0,0,0,0,0,1440
2025-05-19,219763.8,Monday,0,0,0,0,15.481666666666666,73.27152777777778,201.3937156117921,2.459791666666667,1001.9944444444444,1006.6784722222222,11.34,2220.0,0.0,0,0,0,0,0,0,0,0,0,0,0,0,0,0,0,1440
2025-05-20,252079.56,Tuesday,0,0,0,0,22.76013888888889,82.83458333333334,220.4420366106424,2.4564583333333334,1002.9454166666666,1007.5126388888889,16.74,15060.0,0.0,0,0,0,0,0,0,0,0,0,0,0,0,0,0,0,1440
2025-05-21,268022.16,Wednesday,0,0,0,0,24.349791666666665,79.24076388888889,285.2539887019384,1.7877083333333335,1002.2922222222222,1006.8447222222221,20.96,29700.0,0.0,0,0,0,0,0,0,0,0,0,0,0,0,0,0,0,1440
2025-05-22,259562.52,Thursday,0,0,0,0,21.537708333333335,78.71708333333333,216.42400861675307,1.704236111111111,1002.4872916666666,1007.0665972222222,14.57,15480.0,0.3,0,0,0,0,0,0,0,0,0,0,0,0,0,0,0,1440
2025-05-23,232206.48,Friday,0,0,0,0,19.539722222222224,51.27381944444445,113.64159285365403,2.979236111111111,1006.2921527777778,1010.9391666666666,10.02,60.0,1.7,0,0,0,0,0,0,0,0,0,0,0,0,0,0,0,1440
2025-05-24,198201.96,Saturday,1,0,0,0,14.869583333333335,71.18763888888888,72.68008027052147,2.4077777777777776,1005.69125,1010.4252777777778,9.16,240.0,3.7,0,0,0,0,0,0,0,0,0,0,0,0,0,0,0,1440
2025-05-25,193895.28,Sunday,1,1,0,0,15.727361111111112,67.16791666666667,279.1196523247437,1.7976388888888888,1009.7034722222222,1014.4299305555556,27.79,44160.0,0.0,0,0,0,0,0,0,0,0,0,0,0,0,0,0,0,1440
2025-05-26,232944.48,Monday,0,0,0,0,17.875902777777778,67.04076388888889,256.0249191041467,1.5027083333333333,1012.3649305555556,1017.0704861111111,27.54,41400.0,0.0,0,0,0,0,0,0,0,0,0,0,0,0,0,0,0,1440
2025-05-27,243195.48,Tuesday,0,0,0,0,18.785069444444446,68.59895833333333,234.29642974488178,1.5938888888888887,1013.3216666666666,1018.0186805555555,26.73,44460.0,0.0,0,0,0,0,0,0,0,0,0,0,0,0,0,0,0,1440
2025-05-28,244804.32,Wednesday,0,0,0,0,19.500486111111112,67.749375,237.24663345598873,1.61,1013.164375,1017.854375,23.92,34500.0,0.0,0,0,0,0,0,0,0,0,0,0,0,0,0,0,0,1440
2025-05-29,245802.6,Thursday,0,0,0,0,19.614722222222223,62.51888888888889,263.3728030805301,1.6984027777777777,1010.6524305555556,1015.3334027777778,23.93,41760.0,0.0,0,0,0,0,0,0,0,0,0,0,0,0,0,0,0,1440
2025-05-30,238039.92,Friday,0,0,0,0,19.899652777777778,56.17208333333333,243.86169898863176,1.433263888888889,1008.0827083333334,1012.7365972222221,25.36,43800.0,0.0,0,0,0,0,0,0,0,0,0,0,0,0,0,0,0,1440
2025-05-31,217144.08,Saturday,1,0,0,0,19.337013888888887,61.44145833333333,233.62611340290198,1.7019444444444445,1006.9384027777778,1011.5951388888889,19.52,25800.0,0.0,0,0,0,0,0,0,0,0,0,0,0,0,0,0,0,1440
2025-06-01,209075.04,Sunday,1,1,0,0,20.41986111111111,65.47638888888889,248.46715005216885,1.6236805555555556,1005.2176388888888,1009.8401388888889,25.45,40080.0,0.0,0,0,0,0,0,0,0,0,0,0,0,0,0,0,0,1440
2025-06-02,238831.2,Monday,0,0,0,1,19.288958333333333,66.54784722222222,264.0906999048061,1.2129166666666666,999.8863888888889,1004.5119444444445,8.04,0.0,0.0,0,0,0,0,0,0,0,0,0,0,0,0,0,0,0,1440
2025-06-03,220652.64,Tuesday,0,1,0,1,19.405486111111113,65.12972222222223,251.13108858876402,2.511388888888889,995.8447916666667,1000.4440972222222,29.29,46620.0,0.0,0,0,0,0,0,0,0,0,0,0,0,0,0,0,0,1440
2025-06-04,239600.52,Wednesday,0,0,0,1,18.699236111111112,60.58006944444445,233.58355238492348,3.0753472222222222,999.8539583333333,1004.4872222222223,30.49,48240.0,0.0,0,0,0,0,0,0,0,0,0,0,0,0,0,0,0,1440
2025-06-05,241559.28,Thursday,0,0,0,1,20.155277777777776,57.09576388888888,230.50117792006236,1.8495833333333334,1006.0484027777777,1010.6824305555555,27.6,41940.0,0.0,0,0,0,0,0,0,0,0,0,0,0,0,0,0,0,1440
2025-06-06,222711.48,Friday,0,1,0,1,22.84513888888889,44.471875,180.70803492890502,2.4654861111111113,1004.1218055555555,1008.7115972222222,27.37,40140.0,0.0,0,0,0,0,0,0,0,0,0,0,0,0,0,0,0,1440
2025-06-07,230354.64,Saturday,1,0,0,1,22.680069444444445,62.83888888888889,217.85227709290336,1.92125,1003.7280555555554,1008.3106944444444,24.05,34080.0,0.0,0,0,0,0,0,0,0,0,0,0,0,0,0,0,0,1440
2025-06-08,235539.72,Sunday,1,1,0,1,23.75541666666667,75.14486111111111,276.3292838680851,1.6705555555555556,1003.3169444444444,1007.8755555555556,23.55,29700.0,0.3,0,0,0,0,0,0,0,0,0,0,0,0,0,0,0,1440
2025-06-09,277355.16,Monday,0,0,0,1,23.101736111111112,71.80444444444444,245.50877254440672,2.0272916666666667,1002.8465972222223,1007.4142361111111,22.9,29160.0,0.0,0,0,0,0,0,0,0,0,0,0,0,0,0,0,0,1440
2025-06-10,264268.8,Tuesday,0,0,0,1,20.28638888888889,79.32402777777779,243.0501212477566,2.175,1002.78,1007.3985416666666,13.96,9060.0,0.0,0,0,0,0,0,0,0,0,0,0,0,0,0,0,0,1440
2025-06-11,257478.48,Wednesday,0,0,0,1,20.678472222222222,60.26652777777778,258.52388166860055,1.9901388888888891,1007.1975,1011.8241666666667,30.12,47760.0,0.0,0,0,0,0,0,0,0,0,0,0,0,0,0,0,0,1440
2025-06-12,264229.92,Thursday,0,0,0,1,23.332105628908966,56.554621264767206,219.35340864839497,1.5728978457261988,1009.752744961779,1014.347255038221,28.17,40680.0,0.0,0,0,0,0,0,0,0,0,0,0,0,0,0,0,0,1439
2025-06-13,259282.44,Friday,0,0,0,1,22.009375,69.78659722222223,238.08923452271603,1.56875,1008.3121527777778,1012.9225694444444,12.52,1560.0,4.5,0,0,0,0,0,0,0,0,0,0,0,0,0,0,0,1440
2025-06-14,243369.0,Saturday,1,0,0,1,23.489367616400276,73.99006254343294,278.6339313895452,1.8667129951355106,997.9834607366226,1002.5209867963863,20.51,23100.0,0.1,0,0,0,0,0,0,0,0,0,0,0,0,0,0,0,1439
2025-06-15,242295.12,Sunday,1,1,0,1,24.756597222222222,72.44618055555556,189.36410403253953,2.555763888888889,994.7925,999.2961805555556,23.23,30240.0,3.4,0,0,0,0,0,0,0,0,0,0,0,0,0,0,0,1440
2025-06-16,273637.8,Monday,0,0,0,1,22.846004169562196,86.05781792911743,205.65324526672464,2.5018763029881863,993.7698401667825,998.2898540653232,8.5,3900.0,11.9,0,0,0,0,0,0,0,0,0,0,0,0,0,0,0,1439
2025-06-17,275864.04,Tuesday,0,0,0,1,23.592847222222222,77.55125,211.69319000056728,2.0388888888888888,1000.0606944444444,1004.6167361111112,22.16,28200.0,0.1,0,0,0,0,0,0,0,0,0,0,0,0,0,0,0,1440
2025-06-18,275103.72,Wednesday,0,0,0,1,24.30027777777778,69.69527777777778,251.98205843858977,1.8033333333333335,1006.120625,1010.6819444444444,26.93,36540.0,0.0,0,0,0,0,0,0,0,0,0,0,0,0,0,0,0,1440
2025-06-19,282005.64,Thursday,0,0,0,1,26.491035441278665,63.182904794996524,180.228384675316,2.104933981931897,1007.496108408617,1012.0457956914523,22.22,29700.0,0.0,0,0,0,0,0,0,0,0,0,0,0,0,0,0,0,1439
2025-06-20,278802.0,Friday,0,0,0,1,23.977430555555557,90.75256944444445,178.76429750681623,3.859513888888889,1000.6804166666667,1005.2210416666667,4.34,0.0,45.7,0,1,0,0,0,0,0,0,0,0,0,0,0,0,0,1440
2025-06-21,238598.64,Saturday,1,0,1,0,21.278958333333335,91.93159722222222,252.1603248474816,1.6863194444444445,999.6744444444444,1004.2744444444444,5.49,0.0,0.3,0,0,0,0,0,0,0,0,0,0,0,0,0,0,0,1440
2025-06-22,227113.92,Sunday,1,1,1,0,22.015694444444442,74.20826388888888,252.28953688963506,1.830763888888889,1002.2231944444444,1006.8077777777778,29.98,46320.0,0.0,0,0,0,0,0,0,0,0,0,0,0,0,0,0,0,1440
2025-06-23,268304.04,Monday,0,0,1,0,23.94604166666667,72.42888888888889,260.0728763232086,1.4068055555555554,1003.0184722222223,1007.5850694444445,28.3,45960.0,0.0,0,0,0,0,0,0,0,0,0,0,0,0,0,0,0,1440
2025-06-24,265854.6,Tuesday,0,0,1,0,24.34486111111111,71.25756944444444,89.85954149504931,1.9473611111111109,1003.2293055555555,1007.7791666666667,11.28,720.0,3.0,0,0,0,0,0,0,0,0,0,0,0,0,0,0,0,1440
2025-06-25,252200.52,Wednesday,0,0,1,0,20.680416666666666,87.28826388888889,119.61091790897734,2.090902777777778,1002.041388888889,1006.641388888889,4.87,0.0,8.0,0,0,0,0,0,0,0,0,0,0,0,0,0,0,0,1440
2025-06-26,251277.48,Thursday,0,0,1,0,21.260347222222222,87.27131944444444,251.71485281881144,1.702222222222222,1004.5965972222223,1009.1895833333333,11.51,5820.0,0.7,0,0,0,0,0,0,0,0,0,0,0,0,0,0,0,1440
2025-06-27,260146.8,Friday,0,0,1,0,24.238263888888888,78.19701388888889,183.07722875026403,1.2237500000000001,1004.1561805555555,1008.7040972222221,19.49,20760.0,0.0,0,0,0,0,0,0,0,0,0,0,0,0,0,0,0,1440
2025-06-28,248226.84,Saturday,1,0,1,0,26.060972222222226,83.13298611111111,214.22802904809058,1.491875,1003.0238888888888,1007.554375,11.77,1980.0,0.2,0,0,0,0,0,0,0,0,0,0,0,0,0,0,0,1440
2025-06-29,243384.84,Sunday,1,1,1,0,26.892430555555556,77.09777777777778,234.36989131958723,1.9295833333333332,1003.5304166666667,1008.0336805555555,17.26,17700.0,0.0,0,0,0,0,0,0,0,0,0,0,0,0,0,0,0,1440
2025-06-30,287300.88,Monday,0,0,1,0,27.323819444444446,75.67722222222223,223.5262839092056,1.880486111111111,1006.1652083333332,1010.6933333333333,20.7,24780.0,0.0,0,0,0,0,0,0,0,0,0,0,0,0,0,0,0,1440
2025-07-01,295487.28,Tuesday,0,0,1,0,27.568402777777777,80.56791666666666,206.0834251169474,2.0950694444444444,1007.9306250000001,1012.4464583333332,17.23,15180.0,2.3,0,0,0,0,0,0,0,0,0,0,0,0,0,0,0,1440
2025-07-02,302532.84,Wednesday,0,0,1,0,27.78986111111111,79.07618055555555,217.37677443569112,2.1606944444444447,1008.1359722222222,1012.6607638888889,17.74,13680.0,0.0,0,0,0,0,0,0,0,0,0,1,0,0,0,0,0,1440
2025-07-03,300538.44,Thursday,0,0,1,0,27.510972222222225,76.26020833333334,224.51552393736335,2.254375,1005.9833333333333,1010.4789583333333,18.44,17880.0,0.0,0,0,0,0,0,0,0,0,0,1,0,0,0,0,0,1440
2025-07-04,290937.6,Friday,0,0,1,0,26.582222222222224,77.24131944444444,198.38156853614868,2.560763888888889,1003.0583333333333,1007.5653472222223,11.89,4080.0,0.0,0,0,0,0,0,0,0,0,0,1,0,0,0,0,0,1440
2025-07-05,268285.32,Saturday,1,0,1,0,27.63861111111111,73.66333333333333,214.3578656928619,2.3013194444444447,1001.5709722222222,1006.0460416666667,18.95,21900.0,0.0,0,0,0,0,0,0,0,0,0,1,0,0,0,0,0,1440
2025-07-06,260414.28,Sunday,1,1,1,0,27.990416666666665,75.58409722222223,218.93916986161406,1.840625,1000.5859722222223,1005.055,17.44,10800.0,0.0,0,0,0,0,0,0,0,0,0,1,0,0,0,0,0,1440
2025-07-07,309730.32,Monday,0,0,1,0,28.191452397498264,77.8946490618485,230.94537856188958,1.739402362751911,1001.5767894371091,1006.0489923558026,15.79,12420.0,0.0,0,0,0,0,0,0,0,0,1,1,0,0,0,0,0,1439
2025-07-08,320748.84,Tuesday,0,0,1,0,29.51423611111111,75.53145833333333,312.72500573038377,1.4236111111111112,1002.9902083333333,1007.4491666666667,20.75,27840.0,17.4,0,0,0,0,0,0,0,0,1,0,0,0,0,0,0,1440
2025-07-09,322665.84,Wednesday,0,0,1,0,30.639444444444447,63.03326388888888,113.088288131806,2.4216666666666664,1004.5360416666666,1008.9919444444444,24.33,39060.0,0.0,0,0,0,0,0,0,0,0,1,0,0,0,0,0,0,1440
2025-07-10,307812.24,Thursday,0,0,1,0,30.678541666666664,45.328263888888884,96.74996807283932,2.7975,1005.9963194444445,1010.4536111111111,28.89,47280.0,0.0,0,0,0,0,0,0,0,0,1,0,0,0,0,0,0,1440
2025-07-11,292529.52,Friday,0,0,1,0,29.469166666666666,43.30659722222222,94.43946857532512,3.249652777777778,1007.3321527777778,1011.8145138888888,29.22,47340.0,0.0,0,0,0,0,0,0,0,0,1,0,0,0,0,0,0,1440
2025-07-12,260009.28,Saturday,1,0,1,0,28.502361111111114,48.185763888888886,129.95558756430694,2.5297222222222224,1004.7845833333333,1009.2724305555556,28.84,45300.0,0.0,0,0,0,0,0,0,0,0,1,0,0,0,0,0,0,1440
2025-07-13,246751.92,Sunday,1,1,1,0,24.807430555555552,76.34048611111112,224.7278893758124,1.1910416666666666,998.4023611111111,1002.9302083333333,9.4,4380.0,1.5,0,0,0,0,0,0,0,0,1,1,0,0,0,0,0,1440
2025-07-14,278026.92,Monday,0,0,1,0,23.238263888888888,84.36444444444444,292.9389843385002,1.643125,990.8744444444444,995.3718055555555,14.46,11520.0,16.3,0,0,0,0,0,0,0,0,0,0,0,0,0,0,0,1440
2025-07-15,269888.4,Tuesday,0,0,1,0,22.113541666666666,88.71354166666667,264.4237146408628,2.0811111111111114,991.4482638888888,995.9627083333334,7.15,240.0,5.2,0,0,0,0,0,0,0,0,0,0,0,0,0,0,0,1440
2025-07-16,269722.08,Wednesday,0,0,1,0,22.662083333333335,89.17625,138.87202971795523,2.4790972222222223,997.0151388888889,1001.5710416666667,2.84,0.0,43.3,0,0,0,0,0,0,0,0,0,0,0,0,0,1,0,1440
2025-07-17,266879.88,Thursday,0,0,1,0,22.787222222222223,91.72291666666666,128.7122918227341,2.903958333333333,999.1298611111112,1003.712986111111,3.34,0.0,68.1,0,0,0,0,0,0,0,0,0,0,0,0,0,1,0,1440
2025-07-18,274511.52,Friday,0,0,1,0,25.09576388888889,82.91118055555556,126.72047572321755,1.6586805555555555,1001.7874305555555,1006.3302083333333,9.04,600.0,0.7,0,0,0,0,0,0,0,0,0,0,0,0,0,1,0,1440
2025-07-19,251659.08,Saturday,1,0,1,0,24.504444444444445,90.955,149.17834227110603,2.0316666666666667,1004.0770833333333,1008.6161805555556,4.92,0.0,47.0,0,0,0,0,0,0,0,0,0,0,0,0,0,1,0,1440
2025-07-20,251281.8,Sunday,1,1,1,0,27.200347222222224,80.7161111111111,202.62511616574264,1.9507638888888887,1007.3610416666666,1011.8908333333334,14.79,13920.0,3.2,0,0,0,0,0,0,0,0,0,0,0,0,0,0,0,1440
2025-07-21,301952.52,Monday,0,0,1,0,27.348055555555554,82.20993055555556,236.34465208453952,1.7379166666666666,1009.2115972222222,1013.7563888888889,18.51,18960.0,0.5,0,0,0,0,0,0,0,0,0,1,0,0,0,0,0,1440
2025-07-22,309482.64,Tuesday,0,0,1,0,27.640416666666663,81.79826388888888,233.1571599458195,1.7436805555555557,1009.8257638888889,1014.366388888889,20.68,27480.0,3.1,0,0,0,0,0,0,0,0,0,1,0,0,0,0,0,1440
2025-07-23,308659.68,Wednesday,0,0,1,0,27.911458333333332,76.55513888888889,269.0436437123817,1.33625,1008.6416666666667,1013.1640277777777,23.48,35880.0,0.0,0,0,0,0,0,0,0,0,0,1,0,0,0,0,0,1440
2025-07-24,310116.96,Thursday,0,0,1,0,28.32777777777778,73.0736111111111,259.8094484783413,1.292638888888889,1006.3533333333334,1010.8573611111112,23.38,31620.0,0.0,0,0,0,0,0,0,0,0,1,1,0,0,0,0,0,1440
2025-07-25,315932.4,Friday,0,0,1,0,29.710694444444446,70.28430555555555,233.724361671471,1.2352777777777777,1004.128125,1008.6065972222223,25.82,42420.0,0.0,0,0,0,0,0,0,0,0,1,0,0,0,0,0,0,1440
2025-07-26,290363.4,Saturday,1,0,1,0,30.753680555555558,66.65243055555555,163.39079427340351,1.6696527777777779,1002.7766666666666,1007.2284722222222,28.28,45000.0,0.0,0,0,0,0,0,0,0,0,1,0,0,0,0,0,0,1440
2025-07-27,284510.88,Sunday,1,1,1,0,30.72784722222222,66.03569444444445,187.85791039135376,2.019722222222222,1000.9171527777778,1005.3679166666667,28.27,46140.0,0.0,0,0,0,0,0,0,0,0,1,0,0,0,0,0,0,1440
2025-07-28,335993.04,Monday,0,0,1,0,29.535625000000003,71.44895833333334,253.39554640408733,1.7355555555555555,998.9640277777778,1003.4174305555556,27.24,45480.0,0.0,0,0,0,0,0,0,0,0,1,0,0,0,0,0,0,1440
2025-07-29,338263.92,Tuesday,0,0,1,0,29.958055555555553,69.27611111111112,244.81475528470776,1.4510416666666666,996.2804166666667,1000.7235416666666,22.95,38880.0,0.0,0,0,0,0,0,0,0,0,1,0,0,0,0,0,0,1440
2025-07-30,335046.96,Wednesday,0,0,1,0,30.2325,64.96652777777778,179.23982933562877,1.5736805555555555,996.2235416666666,1000.6563194444445,21.6,25620.0,0.0,0,0,0,0,0,0,0,0,1,0,0,0,0,0,0,1440
2025-07-31,328874.4,Thursday,0,0,1,0,30.329375000000002,61.33506944444444,134.26943377223984,1.7013888888888888,998.2370833333333,1002.6759027777778,18.33,15780.0,0.0,0,0,0,0,0,0,0,0,1,0,0,0,0,0,0,1440
2025-08-01,323914.32,Friday,0,0,1,0,29.62076388888889,68.92152777777778,234.56535527190385,1.5500694444444443,998.2982638888889,1002.7468055555555,20.14,25620.0,0.0,0,0,0,0,0,0,0,0,1,0,0,0,0,0,0,1440
2025-08-02,293283.0,Saturday,1,0,1,0,29.560000000000002,71.01798611111111,236.75347217112125,1.600486111111111,998.228611111111,1002.6804166666667,22.74,35040.0,0.0,0,0,0,0,0,0,0,0,1,0,0,0,0,0,0,1440
2025-08-03,269485.2,Sunday,1,1,1,0,27.079722222222223,77.47694444444444,150.17024227051976,1.6559027777777777,996.8809722222223,1001.350763888889,7.74,420.0,6.7,0,0,0,0,0,0,0,0,1,0,0,0,0,0,0,1440
2025-08-04,308376.72,Monday,0,0,1,0,26.597916666666666,80.76493055555555,274.9246583412066,1.6501388888888888,995.8720138888889,1000.3418750000001,16.39,11460.0,5.8,0,0,0,0,0,0,0,0,0,0,0,0,0,0,0,1440
2025-08-05,311484.24,Tuesday,0,0,1,0,27.351527777777775,77.17291666666667,234.2993745702683,1.6715972222222222,1000.1660416666667,1004.6384027777779,21.42,25620.0,0.0,0,0,0,0,0,0,0,0,0,0,0,0,0,0,0,1440
2025-08-06,312321.6,Wednesday,0,0,1,0,26.811319444444447,88.00347222222223,232.41946553865276,2.4100694444444444,997.6288194444444,1002.1222916666667,7.99,960.0,4.6,0,0,0,0,0,0,0,0,0,0,0,0,0,0,0,1440
2025-08-07,302704.2,Thursday,0,0,1,0,26.857777777777777,77.70347222222222,249.64213006962393,2.3086111111111114,998.0184722222223,1002.4891666666666,24.67,33840.0,0.0,0,0,0,0,0,0,0,0,0,0,0,0,0,0,0,1440
2025-08-08,290342.16,Friday,0,0,1,0,25.785555555555554,75.325625,202.94301928082632,1.6726388888888888,1000.1069444444445,1004.6172916666666,19.46,23220.0,0.0,0,0,0,0,0,0,0,0,0,0,0,0,0,0,0,1440
2025-08-09,253599.84,Saturday,1,0,1,0,24.88354166666667,76.18451388888889,174.74802902860185,1.3991666666666667,999.7127083333334,1004.2236805555556,7.22,1560.0,0.4,0,0,0,0,0,0,0,0,0,0,0,0,0,0,0,1440
2025-08-10,249573.96,Sunday,1,1,1,0,25.85090277777778,73.31652777777778,281.2823912690327,1.5789583333333332,997.5200694444444,1002.0217361111112,26.28,43260.0,0.0,0,0,0,0,0,0,0,0,0,0,0,0,0,0,0,1440
2025-08-11,291031.92,Monday,0,0,1,0,25.406666666666666,80.99395833333334,160.44063334991765,1.4959027777777778,1000.4574305555556,1004.9672916666666,9.08,2820.0,0.0,0,0,0,0,0,0,0,0,0,0,0,0,0,0,0,1440
2025-08-12,293185.44,Tuesday,0,0,1,0,26.73951388888889,71.08673611111111,131.82520401739708,2.3777777777777778,1005.166388888889,1009.68125,25.91,41100.0,0.0,0,0,0,0,0,0,0,0,0,0,0,0,0,0,0,1440
2025-08-13,292510.08,Wednesday,0,0,1,0,25.587916666666665,86.67020833333333,154.3251117571723,2.8183333333333334,1007.9408333333333,1012.4960416666667,5.57,0.0,59.6,0,0,0,0,0,0,0,0,0,0,0,0,0,1,0,1440
2025-08-14,288390.6,Thursday,0,0,1,0,25.162361111111114,90.40763888888888,236.2800512486786,1.5165972222222224,1010.4395833333333,1015.0199305555556,7.5,1320.0,29.9,0,0,0,0,0,0,0,0,0,0,0,0,0,1,0,1440
2025-08-15,270538.92,Friday,0,1,1,0,26.44798611111111,85.23881944444445,262.4162319352008,1.3975,1010.8984027777777,1015.4526388888889,18.05,22860.0,3.7,0,0,0,0,0,0,0,0,0,1,0,0,0,0,0,1440
2025-08-16,271051.2,Saturday,1,0,1,0,27.32270833333333,81.06277777777777,251.47666251120904,1.707361111111111,1009.2015277777778,1013.7441666666667,19.96,27300.0,0.0,0,0,0,0,0,0,0,0,0,1,0,0,0,0,0,1440
2025-08-17,261002.88,Sunday,1,1,1,0,27.426041666666666,79.6836111111111,226.40943801025642,1.585,1009.9565277777778,1014.4986111111111,18.26,15000.0,0.0,0,0,0,0,0,0,0,0,0,1,0,0,0,0,0,1440
2025-08-18,308259.0,Monday,0,0,1,0,28.27645833333333,78.10076388888889,213.5117596204905,2.3319444444444444,1009.6270833333333,1014.1559027777778,18.66,16860.0,0.0,0,0,0,0,0,0,0,0,0,1,0,0,0,0,0,1440
2025-08-19,311752.8,Tuesday,0,0,1,0,28.242569444444445,79.49229166666666,235.32604920237108,2.0702777777777777,1007.1699305555555,1011.6678472222222,18.23,20460.0,3.9,0,0,0,0,0,0,0,0,0,1,0,0,0,0,0,1440
2025-08-20,308899.8,Wednesday,0,0,1,0,28.325833333333332,77.91895833333334,209.8639233915593,1.9627777777777777,1005.4134722222221,1009.8934027777777,20.61,25680.0,0.0,0,0,0,0,0,0,0,0,0,1,0,0,0,0,0,1440
2025-08-21,313704.72,Thursday,0,0,1,0,28.808611111111112,74.77493055555556,238.22890120971542,1.6828472222222224,1005.8327777777778,1010.303888888889,22.84,36720.0,0.0,0,0,0,0,0,0,0,0,0,1,0,0,0,0,0,1440
2025-08-22,311996.52,Friday,0,0,1,0,28.259930555555556,77.29708333333333,260.7605032972163,1.6513888888888888,1004.9191666666667,1009.4102083333333,24.15,40740.0,0.0,0,0,0,0,0,0,0,0,0,1,0,0,0,0,0,1440
2025-08-23,282954.6,Saturday,1,0,1,0,28.247569444444444,79.83659722222222,233.24911396462875,1.593125,1006.1209027777778,1010.6088888888889,13.89,20040.0,0.0,0,0,0,0,0,0,0,0,0,1,0,0,0,0,0,1440
2025-08-24,276008.4,Sunday,1,1,1,0,28.97722222222222,75.51090277777777,246.37852961445554,1.4456944444444446,1007.0854166666667,1011.5611805555557,21.59,32040.0,0.0,0,0,0,0,0,0,0,0,0,1,0,0,0,0,0,1440
2025-08-25,319858.56,Monday,0,0,1,0,28.623902087832974,78.56097912167026,185.85522664741617,2.4388048956083512,1005.5463642908567,1010.0287976961843,15.58,15540.0,33.6,0,0,0,0,0,0,0,0,0,1,0,0,0,0,0,1389
2025-08-26,297703.44,Tuesday,0,0,1,0,26.36856540084388,85.32925457102672,226.07728361135952,2.192334739803094,1004.0168776371308,1008.5224331926863,14.88,21240.0,19.1,0,0,0,0,0,0,0,0,0,0,0,0,0,0,0,1422
2025-08-27,296151.84,Wednesday,0,0,1,0,26.135347222222222,76.2195138888889,220.26984116769952,1.2874305555555556,1006.7327083333334,1011.2821527777778,21.28,31500.0,0.0,0,0,0,0,0,0,0,0,0,0,0,0,0,0,0,1440
2025-08-28,300837.6,Thursday,0,0,1,0,27.220902777777777,75.19159722222221,172.94255519232783,2.166875,1007.6815972222222,1012.2127777777777,16.59,17460.0,0.0,0,0,0,0,0,0,0,0,0,0,0,0,0,0,0,1440
2025-08-29,315923.76,Friday,0,0,1,0,28.46479166666667,80.29597222222222,217.16294991170193,2.549236111111111,1008.7283333333334,1013.2286805555556,16.35,16320.0,0.0,0,0,0,0,0,0,0,0,0,1,0,0,0,0,0,1440
2025-08-30,286823.16,Saturday,1,0,1,0,28.368541666666665,80.62465277777778,227.74088555051088,1.8606250000000002,1009.4585416666667,1013.9618055555555,17.36,24480.0,0.9,0,0,0,0,0,0,0,0,0,1,0,0,0,0,0,1440
2025-08-31,270069.12,Sunday,1,1,1,0,27.391875000000002,80.18451388888889,194.80481007945895,1.84875,1005.5416666666666,1010.0690277777777,16.12,20880.0,1.5,0,0,0,0,0,0,0,0,0,1,0,0,0,0,0,1440
2025-09-01,311887.08,Monday,0,0,0,0,25.626250000000002,87.90326388888889,188.39172086623046,2.1998611111111113,1001.6326388888889,1006.138125,7.04,2220.0,28.6,0,0,0,0,0,0,0,0,0,0,0,0,0,0,0,1440
2025-09-02,305714.88,Tuesday,0,0,0,0,25.467499999999998,76.48013888888889,273.79575164793187,1.3813194444444443,1004.8287499999999,1009.3763194444443,20.45,30540.0,0.0,0,0,0,0,0,0,0,0,0,0,0,0,0,0,0,1440
2025-09-03,308077.92,Wednesday,0,0,0,0,26.58548611111111,73.25194444444445,118.90301272215248,1.4736111111111112,1006.6313194444446,1011.1640277777777,21.64,33300.0,0.1,0,0,0,0,0,0,0,0,0,0,0,0,0,0,0,1440
2025-09-04,304499.88,Thursday,0,0,0,0,25.933055555555555,80.68430555555555,79.00586935465462,1.817013888888889,1005.7816666666668,1010.3183333333333,12.07,10740.0,5.2,0,0,0,0,0,0,0,0,0,0,0,0,0,0,0,1440
2025-09-05,304106.04,Friday,0,0,0,0,27.146458333333335,72.08458333333334,132.60217513077106,1.9704861111111112,1005.5823611111111,1010.0964583333333,20.77,31740.0,0.0,0,0,0,0,0,0,0,0,0,0,0,0,0,0,0,1440
2025-09-06,268977.24,Saturday,1,0,0,0,25.82416666666667,88.68680555555555,179.84311528875833,2.1534722222222222,1003.7315972222223,1008.2473611111111,10.44,7020.0,20.4,0,0,0,0,0,0,0,0,0,0,0,0,0,0,0,1440
2025-09-07,251472.96,Sunday,1,1,0,0,24.55923611111111,84.89805555555556,244.90056630146643,1.806875,1003.5361111111112,1008.0725,11.61,4320.0,0.2,0,0,0,0,0,0,0,0,0,0,0,0,0,0,0,1440
2025-09-08,286254.0,Monday,0,0,0,0,23.258333333333333,80.15881944444445,208.08363176677565,1.3631250000000001,1006.5679166666667,1011.1414583333333,12.98,7740.0,0.0,0,0,0,0,0,0,0,0,0,0,0,0,0,0,0,1440
2025-09-09,282025.44,Tuesday,0,0,0,0,23.10736111111111,78.93965277777778,267.11880319220495,1.11625,1008.1763888888889,1012.755486111111,10.15,3180.0,0.3,0,0,0,0,0,0,0,0,0,0,0,0,0,0,0,1440
2025-09-10,278460.72,Wednesday,0,0,0,0,23.616319444444443,65.30465277777778,332.087108146551,1.4466666666666665,1008.5500694444445,1013.1488888888888,23.41,41940.0,0.0,0,0,0,0,0,0,0,0,0,0,0,0,0,0,0,1440
2025-09-11,276804.0,Thursday,0,0,0,0,24.076597222222226,58.2,87.49391244834543,2.097361111111111,1011.0704166666666,1015.6689583333334,23.23,39480.0,0.0,0,0,0,0,0,0,0,0,0,0,0,0,0,0,0,1440
2025-09-12,268317.0,Friday,0,0,0,0,23.02076388888889,67.183125,93.67076158085989,2.680902777777778,1009.2470138888889,1013.8469444444445,6.86,60.0,31.4,0,0,0,0,0,0,0,0,0,0,0,0,0,1,0,1440
2025-09-13,244260.72,Saturday,1,0,0,0,22.715138888888887,82.84770833333333,34.45111073068069,1.7769444444444447,1001.8286111111111,1006.4029166666667,7.53,1260.0,52.3,0,0,0,0,0,0,0,0,0,0,0,0,0,1,0,1440
2025-09-14,240514.92,Sunday,1,1,0,0,23.97548611111111,76.35875,268.5927262017251,1.0611805555555556,1006.9903472222223,1011.5565277777777,15.26,15960.0,0.0,0,0,0,0,0,0,0,0,0,0,0,0,0,0,0,1440
2025-09-15,286049.16,Monday,0,0,0,0,24.53875,77.016875,232.23861257950048,1.0593055555555557,1010.6654166666666,1015.2475,17.79,29700.0,0.0,0,0,0,0,0,0,0,0,0,0,0,0,0,0,0,1440
2025-09-16,288475.56,Tuesday,0,0,0,0,23.447083333333335,88.83493055555556,132.21457358941922,1.2816666666666665,1008.2755555555556,1012.8604861111112,7.65,2940.0,35.0,0,0,0,0,0,0,0,0,0,0,0,0,0,0,0,1440
2025-09-17,283150.8,Wednesday,0,0,0,0,22.58125,93.85374999999999,207.25848634842365,1.526111111111111,1005.4686111111112,1010.0686111111112,2.51,0.0,46.0,0,0,0,0,0,0,0,0,0,0,0,0,0,1,0,1440
2025-09-18,272848.68,Thursday,0,0,0,0,21.982152777777777,77.42180555555555,71.30459006599258,2.417638888888889,1010.7436111111111,1015.3763194444443,15.17,19920.0,0.0,0,0,0,0,0,0,0,0,0,0,0,0,0,0,0,1440
2025-09-19,254584.8,Friday,0,0,0,0,19.502291666666665,76.91361111111111,96.47610814263578,3.0122916666666666,1012.1404166666666,1016.8391666666666,4.8,0.0,8.2,0,0,0,0,0,0,0,0,0,0,0,0,0,0,0,1440
2025-09-20,230470.56,Saturday,1,0,0,0,19.566666666666666,84.75805555555556,317.92155687584125,1.6681249999999999,1004.9526388888889,1009.6093055555555,9.67,3660.0,72.3,0,0,0,0,0,0,0,0,0,0,0,0,0,1,0,1440
2025-09-21,223749.0,Sunday,1,1,0,0,21.239722222222223,68.18270833333334,37.62154321146118,1.5720138888888888,1012.3516666666666,1017.0059027777778,20.56,38340.0,0.0,0,0,0,0,0,0,0,0,0,0,0,0,0,0,0,1440
2025-09-22,253638.36,Monday,0,0,0,0,21.27826388888889,59.485486111111115,98.6316516404932,2.823958333333333,1015.9932638888889,1020.6520138888889,13.29,11520.0,0.0,0,0,0,0,0,0,0,0,0,0,0,0,0,0,0,1440
2025-09-23,258210.0,Tuesday,0,0,0,0,22.105740609496813,55.640277777777776,95.62312910723128,2.8250694444444444,1014.3849305555556,1018.9955350815025,13.93,14580.0,0.0,0,0,0,0,0,0,0,0,0,0,0,0,0,0,0,1440
2025-09-24,263176.92,Wednesday,0,0,0,0,21.85,78.46291666666667,134.5500246485513,2.388263888888889,1009.4792361111112,1014.1093055555555,4.78,3840.0,20.9,0,0,0,0,0,0,0,0,0,0,0,0,0,0,0,1440
2025-09-25,253407.24,Thursday,0,0,0,0,21.713402777777777,84.00298611111111,242.13008596925067,1.0359722222222223,1013.0664583333333,1017.7244444444444,10.79,12480.0,0.7,0,0,0,0,0,0,0,0,0,0,0,0,0,0,0,1440
2025-09-26,260217.72,Friday,0,0,0,0,20.45201388888889,82.54041666666666,236.79585432498573,1.037986111111111,1014.839375,1019.5051388888888,16.16,21120.0,0.0,0,0,0,0,0,0,0,0,0,0,0,0,0,0,0,1440
2025-09-27,233764.2,Saturday,1,0,0,0,21.626458333333332,75.51479166666667,102.30901589233585,1.533263888888889,1012.7947222222222,1017.4318055555556,13.67,18360.0,0.0,0,0,0,0,0,0,0,0,0,0,0,0,0,0,0,1440
2025-09-28,221552.64,Sunday,1,1,0,0,19.931944444444444,87.86951388888889,295.4298368424679,1.5139583333333333,1006.7881249999999,1011.4236111111111,5.21,2220.0,47.6,0,0,0,0,0,0,0,0,0,0,0,0,0,0,0,1440
2025-09-29,251633.16,Monday,0,0,0,0,19.455833333333334,74.34791666666666,274.21052407397684,1.3470833333333334,1008.3311111111111,1012.9911111111111,14.5,26520.0,0.0,0,0,0,0,0,0,0,0,0,0,0,0,0,0,0,1440
2025-09-30,250817.04,Tuesday,0,0,0,0,18.284861111111113,81.08840277777777,290.9781392701475,0.9215277777777777,1008.7409722222222,1013.4122222222223,8.73,3540.0,0.0,0,0,0,0,0,0,0,0,0,0,0,0,0,0,0,1440
2025-10-01,253783.08,Wednesday,0,0,0,0,19.466319444444444,76.6692361111111,273.0077992621691,1.3431944444444446,1009.4571527777778,1014.1211111111111,16.18,29700.0,0.0,0,0,0,0,0,0,0,0,0,0,0,0,0,0,0,1440
2025-10-02,249007.68,Thursday,0,0,0,0,20.30263888888889,75.01875,289.1881110246337,0.9212499999999999,1012.8697222222222,1017.53125,12.08,13920.0,0.0,0,0,0,0,0,0,0,0,0,0,0,0,0,0,0,1440
2025-10-03,219704.4,Friday,0,1,0,0,20.386111111111113,76.97083333333333,101.76132331629148,2.931388888888889,1011.677361111111,1016.3278472222223,7.0,180.0,4.7,0,0,0,0,0,0,0,0,0,0,0,0,0,0,0,1440
2025-10-04,217040.4,Saturday,1,0,0,0,21.727638888888887,75.96243055555556,77.48660564241612,1.6555555555555554,1009.0659722222222,1013.6724305555556,5.73,540.0,0.0,0,0,0,0,0,0,0,0,0,0,0,0,0,0,0,1440
2025-10-05,213626.52,Sunday,1,1,0,0,21.16236111111111,90.33444444444444,154.4487574060657,0.7740972222222222,1009.6523611111111,1014.2529166666666,3.21,0.0,16.0,0,0,0,0,0,0,0,0,0,0,0,0,0,0,0,1440
2025-10-06,209551.68,Monday,0,1,0,1,18.545277777777777,89.53263888888888,85.17012390118076,2.4404861111111114,1010.8592361111112,1015.5580555555556,1.84,0.0,53.8,0,0,0,0,0,0,0,0,0,0,0,0,0,0,0,1440
2025-10-07,206270.28,Tuesday,0,1,0,1,18.649166666666666,91.38631944444444,67.85962408678516,1.89,1010.5600694444445,1015.2480555555555,4.23,0.0,8.8,0,0,0,0,0,0,0,0,0,0,0,0,0,0,0,1440
2025-10-08,214093.08,Wednesday,0,1,0,1,21.385277777777777,76.35229166666667,322.0487196104466,1.2473611111111111,1011.9504861111111,1016.5922916666666,17.39,35580.0,0.0,0,0,0,0,0,0,0,0,0,0,0,0,0,0,0,1440
2025-10-09,214375.32,Thursday,0,1,0,1,20.865347222222223,68.24673611111112,92.29743320059761,2.9590972222222223,1014.0777083333332,1018.7480555555555,7.49,780.0,0.0,0,0,0,0,0,0,0,0,0,0,0,0,0,0,0,1440
2025-10-10,226448.64,Friday,0,0,0,1,18.141111111111112,85.62819444444445,93.23258854623003,2.4608333333333334,1012.9253472222222,1017.6253472222222,2.28,0.0,12.7,0,0,0,0,0,0,0,0,0,0,0,0,0,0,0,1440
2025-10-11,220186.08,Saturday,1,0,0,1,21.377367688022286,84.44352367688022,192.55910516445215,2.17883008356546,1007.9522284122562,1012.5821030640668,8.39,4200.0,3.5,0,0,0,0,0,0,0,0,0,0,0,0,0,0,0,1436
2025-10-12,210272.76,Sunday,1,1,0,1,19.195486111111112,84.76381944444444,176.85824883210483,1.950486111111111,1008.6940277777777,1013.3658333333334,4.94,600.0,0.0,0,0,0,0,0,0,0,0,0,0,0,0,0,0,0,1440
2025-10-13,236621.52,Monday,0,0,0,1,16.65798611111111,89.18881944444443,80.5951896232255,2.4052083333333334,1010.1886111111112,1014.9127777777777,2.11,0.0,31.3,0,0,0,0,0,0,0,0,0,0,0,0,0,0,0,1440
2025-10-14,237732.12,Tuesday,0,0,0,1,17.26673611111111,80.53527777777778,61.646920183585195,1.7927777777777778,1012.8225,1017.5519444444445,7.81,0.0,0.9,0,0,0,0,0,0,0,0,0,0,0,0,0,0,0,1440
2025-10-15,245311.56,Wednesday,0,0,0,1,19.31125,76.808125,104.56213890870177,2.1811805555555557,1014.3230555555555,1019.0197916666667,13.3,19200.0,6.1,0,0,0,0,0,0,0,0,0,0,0,0,0,0,0,1440
2025-10-16,248045.76,Thursday,0,0,0,1,20.141319444444445,74.90013888888889,26.731827084530916,1.6880555555555556,1013.4938194444445,1018.1602777777778,13.53,26700.0,6.8,0,0,0,0,0,0,0,0,0,0,0,0,0,0,0,1440
2025-10-17,242529.48,Friday,0,0,0,1,19.516388888888887,72.37944444444445,104.19580675950063,2.147222222222222,1016.3479861111111,1021.0427777777778,13.18,20700.0,7.4,0,0,0,0,0,0,0,0,0,0,0,0,0,0,0,1440
2025-10-18,211789.8,Saturday,1,0,0,1,15.716180555555555,86.95131944444444,304.52721186003583,1.999513888888889,1015.06625,1019.8323611111111,5.5,0.0,12.4,0,0,0,0,0,0,0,0,0,0,0,0,0,0,0,1440
2025-10-19,198491.4,Sunday,1,1,0,1,14.934375,73.39784722222223,289.42015651215695,2.2421527777777777,1018.9104861111111,1023.6925,14.32,25260.0,0.0,0,0,0,0,0,0,0,0,0,0,0,0,0,0,0,1440
2025-10-20,215141.76,Monday,0,0,0,1,10.147986111111111,63.64111111111111,301.55484547058603,2.3095833333333333,1022.9045833333334,1027.8011111111111,11.35,12300.0,0.0,0,0,0,0,0,0,0,0,0,0,0,0,0,0,0,1440
2025-10-21,217800.36,Tuesday,0,0,0,1,9.066875,65.03743055555555,297.3893768340263,1.64,1024.5641666666666,1029.4953472222223,9.41,10260.0,0.0,0,0,0,0,0,0,0,0,0,0,0,0,0,0,0,1440
2025-10-22,218345.04,Wednesday,0,0,0,1,11.976944444444444,74.43201388888889,345.6179838833525,1.1378472222222222,1023.66875,1028.5368055555555,12.1,21480.0,0.0,0,0,0,0,0,0,0,0,0,0,0,0,0,0,0,1440
2025-10-23,223740.72,Thursday,0,0,0,1,14.793125,74.413125,3.4982543853378565,1.3459027777777777,1022.3773611111111,1027.1877777777777,13.11,25440.0,0.0,0,0,0,0,0,0,0,0,0,0,0,0,0,0,0,1440
2025-10-24,220402.8,Friday,0,0,0,1,15.447847222222224,67.73597222222223,89.4055601907582,1.4904861111111112,1020.8993055555555,1025.6945833333334,13.58,26280.0,0.0,0,0,0,0,0,0,0,0,0,0,0,0,0,0,0,1440
2025-10-25,200757.96,Saturday,1,0,0,0,14.359652777777779,70.77194444444444,291.98306445414244,1.6160416666666666,1017.0191666666667,1021.7966666666666,11.5,20820.0,0.0,0,0,0,0,0,0,0,0,0,0,0,0,0,0,0,1440
2025-10-26,188567.28,Sunday,1,1,0,0,12.478526754690757,70.45705350938151,274.16470433207326,1.2412786657400974,1013.9601806810284,1018.7616400277971,5.34,3960.0,2.3,0,0,0,0,0,0,0,0,0,0,0,0,0,0,0,1439
2025-10-27,214631.64,Monday,0,0,0,0,7.9918055555555565,50.33479166666667,294.0226492173735,2.665347222222222,1017.3280555555555,1022.2494444444444,15.95,35160.0,0.0,0,0,0,0,0,0,0,0,0,0,0,0,0,0,0,1440
2025-10-28,218778.48,Tuesday,0,0,0,0,7.2288194444444445,59.49729166666667,277.59548730496397,1.2471527777777778,1022.8003472222222,1027.7554166666666,15.08,34500.0,0.0,0,0,0,0,0,0,0,0,0,0,0,0,0,0,0,1440
2025-10-29,218915.28,Wednesday,0,0,0,0,9.915357887421822,69.81174426685199,134.44617213267315,1.1799861014593467,1024.2362056984016,1029.1411396803337,13.78,29940.0,0.0,0,0,0,0,0,0,0,0,0,0,0,0,0,0,0,1439
2025-10-30,218553.84,Thursday,0,0,0,0,11.097430555555555,72.32034722222222,223.73584466941082,0.9288888888888889,1020.9251388888889,1025.8141666666666,10.29,20940.0,0.0,0,0,0,0,0,0,0,0,0,0,0,0,0,0,0,1440
2025-10-31,216164.52,Friday,0,0,0,0,14.00361111111111,71.87722222222222,263.1536279435202,1.4077083333333333,1012.7809027777778,1017.56875,12.92,26460.0,0.3,0,0,0,0,0,0,0,0,0,0,0,0,0,0,0,1440
2025-11-01,193604.04,Saturday,1,0,0,0,12.65375,69.26541666666667,277.04580549156316,2.144375,1008.4020833333333,1013.1770833333334,13.75,29160.0,5.0,0,0,0,0,0,0,0,0,0,0,0,0,0,0,0,1440
2025-11-02,189931.68,Sunday,1,1,0,0,8.453055555555554,59.77229166666667,296.75672669085395,3.0777083333333333,1014.3247916666667,1019.2244444444444,13.72,29880.0,0.0,0,0,0,0,0,0,0,0,0,0,0,1,0,0,0,1440
2025-11-03,230207.04,Monday,0,0,0,0,6.133055555555556,57.444374999999994,284.4756692871014,1.23125,1023.583611111111,1028.560763888889,14.45,35700.0,0.0,0,0,0,0,0,0,0,0,0,0,0,1,0,0,0,1440
2025-11-04,229097.88,Tuesday,0,0,0,0,9.009930555555554,69.7142361111111,283.0923793212088,1.1458333333333333,1021.8745833333332,1026.7890972222222,13.23,33960.0,0.0,0,0,0,0,0,0,0,0,0,0,0,0,0,0,0,1440
2025-11-05,227019.24,Wednesday,0,0,0,0,10.13875,69.67298611111111,296.0722087927297,1.1409027777777778,1019.5892361111111,1024.4745833333332,13.05,31920.0,0.0,0,0,0,0,0,0,0,0,0,0,0,0,0,0,0,1440
2025-11-06,224595.72,Thursday,0,0,0,0,11.110069444444445,74.40756944444443,302.0198038863039,1.2277083333333334,1019.4247222222223,1024.294236111111,11.58,29220.0,0.0,0,0,0,0,0,0,0,0,0,0,0,0,0,0,0,1440
2025-11-07,220475.16,Friday,0,0,0,0,12.838888888888889,69.221875,351.06224768318475,1.2027777777777777,1019.6468055555555,1024.4640972222223,12.82,31200.0,0.0,0,0,0,0,0,0,0,0,0,0,0,0,0,0,0,1440
2025-11-08,197748.36,Saturday,1,0,0,0,14.132361111111111,67.51388888888889,79.01522095144652,1.601388888888889,1018.0596527777777,1022.8552083333333,4.9,180.0,0.0,0,0,0,0,0,0,0,0,0,0,0,0,0,0,0,1440
2025-11-09,192687.12,Sunday,1,1,0,0,12.975,66.67937500000001,280.053914816056,2.508958333333333,1012.2843055555555,1017.0740972222222,12.0,27420.0,0.0,0,0,0,0,0,0,0,0,0,0,0,0,0,0,0,1440
2025-11-10,227403.72,Monday,0,0,0,0,8.285069444444444,36.89138888888889,298.1943223747879,2.7510416666666666,1015.4315277777777,1020.3278472222223,12.42,26520.0,0.0,0,0,0,0,0,0,0,0,0,0,0,0,0,0,0,1440
2025-11-11,229874.76,Tuesday,0,0,0,0,7.58,61.02305555555555,285.2011345045555,1.2325694444444446,1018.2202083333334,1023.1420138888889,10.83,23100.0,0.0,0,0,0,0,0,0,0,0,0,0,0,0,0,0,0,1440
2025-11-12,228905.64,Wednesday,0,0,0,0,9.131388888888889,73.70104166666667,222.58390162064993,1.0252777777777777,1018.4599999999999,1023.3571527777779,12.73,33840.0,0.0,0,0,0,0,0,0,0,0,0,0,0,0,0,0,0,1440
2025-11-13,227241.0,Thursday,0,0,0,0,9.58375,73.28826388888889,264.6294551975065,1.4736111111111112,1014.930486111111,1019.8099305555556,10.61,26760.0,0.0,0,0,0,0,0,0,0,0,0,0,0,0,0,0,0,1440
2025-11-14,225185.04,Friday,0,0,0,0,7.647430555555555,63.18944444444445,270.8124448969009,1.5388194444444445,1016.422638888889,1021.3361111111111,12.99,34380.0,0.0,0,0,0,0,0,0,0,0,0,0,0,0,0,0,0,1440
2025-11-15,202357.44,Saturday,1,0,0,0,7.979722222222222,63.86493055555555,272.3619809485658,1.0627083333333334,1021.643125,1026.583472222222,12.48,31140.0,0.0,0,0,0,0,0,0,0,0,0,0,0,0,0,0,0,1440
2025-11-16,196998.12,Sunday,1,1,0,0,10.54361111111111,67.82506944444445,263.5045922465903,1.7436111111111112,1020.7166666666667,1025.5899305555556,11.91,30060.0,0.6,0,0,0,0,0,0,0,0,0,0,0,0,0,0,0,1440
2025-11-17,242607.6,Monday,0,0,0,0,4.261597222222222,41.154513888888886,301.60466740513573,3.733402777777778,1024.0809722222223,1029.0885416666667,10.13,26520.0,0.0,0,0,0,0,0,0,0,0,0,0,0,0,0,0,0,1440
2025-11-18,254842.2,Tuesday,0,0,0,0,1.486875,48.156111111111116,299.2050322850931,2.040763888888889,1022.4850694444444,1027.53125,11.91,27960.0,0.0,0,0,0,0,0,0,0,0,0,0,0,0,0,0,0,1440
2025-11-19,254902.68,Wednesday,0,0,0,0,2.1206944444444447,56.79631944444444,274.6075855411744,1.265,1021.2926388888889,1026.328888888889,11.8,33180.0,0.0,0,0,0,0,0,0,0,0,0,0,0,0,0,0,0,1440
2025-11-20,245741.76,Thursday,0,0,0,0,6.720972222222223,64.24756944444445,231.3424488835577,2.0168055555555555,1019.1006249999999,1024.0421527777778,6.37,10680.0,0.0,0,0,0,0,0,0,0,0,0,0,0,0,0,0,0,1440
2025-11-21,240150.96,Friday,0,0,0,0,6.307499999999999,55.480625,256.3586104018542,1.5918055555555555,1020.56625,1025.533611111111,11.56,28980.0,0.0,0,0,0,0,0,0,0,0,0,0,0,0,0,0,0,1440
2025-11-22,209853.36,Saturday,1,0,0,0,8.990416666666667,61.834097222222226,142.38983490232644,1.5682638888888891,1020.388125,1025.2890972222222,9.56,24660.0,0.0,0,0,0,0,0,0,0,0,0,0,0,0,0,0,0,1440
2025-11-23,201304.44,Sunday,1,1,0,0,10.347222222222221,69.67548611111111,155.538424792967,1.8238194444444447,1017.0511111111111,1021.9118055555556,7.11,10320.0,0.0,0,0,0,0,0,0,0,0,0,0,0,0,0,0,0,1440
2025-11-24,231199.56,Monday,0,0,0,0,11.120708825573315,73.95371785962473,173.3724718660426,1.696455872133426,1012.3402362751912,1017.1794301598331,7.33,12900.0,0.0,0,0,0,0,0,0,0,0,0,0,0,0,0,0,0,1439
2025-11-25,242339.04,Tuesday,0,0,0,0,7.029444444444445,75.73270833333333,282.5872256428072,2.5950694444444444,1010.8861111111111,1015.7883333333333,4.81,4140.0,7.5,0,0,0,0,0,0,0,0,0,0,0,0,0,0,0,1440
2025-11-26,244487.52,Wednesday,0,0,0,0,5.533611111111111,69.00791666666666,261.64681868728474,0.9497222222222221,1019.5901388888889,1024.5572222222222,6.55,9300.0,0.0,0,0,0,0,0,0,0,0,0,0,0,0,0,0,0,1440
2025-11-27,247401.0,Thursday,0,0,0,0,5.157361111111111,76.89965277777777,230.04663288968644,2.9415972222222218,1010.858125,1015.7928472222222,2.43,1140.0,9.9,0,0,0,0,0,0,0,0,0,0,0,0,0,0,0,1440
2025-11-28,249809.04,Friday,0,0,0,0,2.2555555555555555,55.49930555555556,288.6943320159702,1.4408333333333334,1016.6640972222223,1021.6797916666666,11.47,33360.0,0.0,0,0,0,0,0,0,0,0,0,0,0,0,0,0,0,1440
2025-11-29,218754.0,Saturday,1,0,0,0,5.763680555555556,62.24930555555556,134.50574899258794,1.7735416666666668,1012.4690972222222,1017.40375,7.98,18660.0,0.0,0,0,0,0,0,0,0,0,0,0,0,0,0,0,0,1440
2025-11-30,204621.84,Sunday,1,1,0,0,11.59375,79.68381944444444,175.5494895939681,1.7838194444444444,1010.28875,1015.1052777777778,6.91,11400.0,0.0,0,0,0,0,0,0,0,0,0,0,0,0,0,0,0,1440
2025-12-01,243779.04,Monday,0,0,0,1,6.0784722222222225,53.094375,289.32493753475035,2.4714583333333335,1015.1638888888889,1020.1027777777778,11.21,33060.0,0.0,0,0,0,0,0,0,0,0,0,0,0,0,0,0,0,1440
2025-12-02,260916.84,Tuesday,0,0,0,1,1.0449305555555557,40.58222222222222,306.3466453383331,3.1204166666666664,1019.1616666666667,1024.2006944444445,9.36,28080.0,0.0,0,0,0,0,0,0,0,0,0,0,0,0,0,0,0,1440
2025-12-03,292408.2,Wednesday,0,0,0,1,-5.267777777777778,40.13118055555556,307.7024553637744,2.973888888888889,1021.522638888889,1026.7085416666666,9.6,23100.0,0.0,0,0,0,0,0,0,0,0,0,0,0,0,0,0,0,1440
2025-12-04,294271.56,Thursday,0,0,0,1,-3.5897916666666667,49.94680555555555,268.5475737163608,1.9890277777777776,1021.3467361111111,1026.5100694444445,11.11,31500.0,3.1,0,0,0,0,1,0,0,0,0,0,0,0,0,0,0,1440
2025-12-05,284771.88,Friday,0,0,0,1,-2.837638888888889,54.56118055555556,287.92124353709823,1.5115277777777778,1023.1623611111112,1028.3050694444444,11.34,32760.0,0.0,0,0,0,0,0,0,0,0,0,0,0,0,0,0,0,1440
2025-12-06,242227.8,Saturday,1,0,0,1,2.775,64.41861111111112,127.09037977524245,1.9545833333333333,1015.8833333333333,1020.8739583333333,6.28,11700.0,0.0,0,0,0,0,0,0,0,0,0,0,0,0,0,0,0,1440
2025-12-07,225229.32,Sunday,1,1,0,1,7.156180555555555,78.42347222222223,210.76928380167084,1.8968055555555556,1015.0368055555556,1019.9469444444445,8.38,22740.0,0.0,0,0,0,0,0,0,0,0,0,0,0,0,0,0,0,1440
2025-12-08,264002.76,Monday,0,0,0,1,3.5748611111111113,44.01506944444444,295.6818416667461,2.1507638888888887,1022.0054166666667,1027.027361111111,11.1,32760.0,0.0,0,0,0,0,0,0,0,0,0,0,0,0,0,0,0,1440
2025-12-09,268646.76,Tuesday,0,0,0,1,1.5903472222222221,61.80944444444445,205.34208693340804,1.307013888888889,1023.1335416666667,1028.196875,9.97,24120.0,0.0,0,0,0,0,0,0,0,0,0,0,0,0,0,0,0,1440
2025-12-10,262799.64,Wednesday,0,0,0,1,4.368888888888889,76.97395833333333,136.41142969775598,1.2789583333333334,1019.8061111111111,1024.8011805555554,5.58,6540.0,0.0,0,0,0,0,0,0,0,0,0,0,0,0,0,0,0,1440
2025-12-11,259341.12,Thursday,0,0,0,1,4.6601388888888895,70.60430555555556,300.8366094195743,2.4299999999999997,1016.4134722222221,1021.3793055555556,6.96,17700.0,15.3,0,0,0,0,0,0,0,0,0,0,0,0,0,0,0,1440
2025-12-12,264643.92,Friday,0,0,0,1,1.7497222222222222,56.689236111111114,41.54834628572237,1.5330555555555554,1025.4497916666667,1030.5291666666667,9.8,30600.0,0.0,0,0,0,0,0,0,0,0,0,0,0,0,0,0,0,1440
2025-12-13,236598.12,Saturday,1,0,0,1,3.002708333333333,80.52305555555556,13.218088006357164,1.7122916666666665,1018.275763888889,1023.2768055555556,1.44,0.0,10.1,0,0,0,0,0,0,0,0,0,0,0,0,0,0,0,1440
2025-12-14,236815.56,Sunday,1,1,0,1,0.26479166666666665,73.42805555555555,300.7110026413801,1.9362499999999998,1015.4104861111111,1020.4722916666667,9.83,23940.0,0.0,0,0,0,0,0,0,0,0,0,0,0,0,0,0,0,1440
2025-12-15,278394.84,Monday,0,0,0,1,0.40381944444444445,74.62041666666666,121.51542434293812,1.275,1019.9051388888888,1024.9571527777778,5.0,6540.0,0.0,0,0,0,0,0,0,0,0,0,0,0,0,0,0,0,1440
2025-12-16,272297.16,Tuesday,0,0,0,1,4.026111111111112,81.84472222222222,80.92773775835124,0.9442361111111112,1017.165625,1022.165625,0.8,0.0,1.2,0,0,0,0,0,0,0,0,0,0,0,0,0,0,0,1440
2025-12-17,263647.8,Wednesday,0,0,0,1,3.953611111111111,75.53354166666666,287.6824526197046,1.7164583333333332,1018.7176388888888,1023.7184722222223,8.51,26940.0,0.0,0,0,0,0,0,0,0,0,0,0,0,0,0,0,0,1440
2025-12-18,267108.12,Thursday,0,0,0,1,1.278735232800556,68.25788742182071,272.4423054502142,0.9590687977762334,1021.7732453092425,1026.8337734537874,10.37,32400.0,0.0,0,0,0,0,0,0,0,0,0,0,0,0,0,0,0,1439
2025-12-19,258513.84,Friday,0,0,0,1,3.7269444444444444,69.37618055555555,98.65246463595918,1.1420833333333333,1016.8518055555556,1021.8384722222222,5.97,11820.0,0.0,0,0,0,0,0,0,0,0,0,0,0,0,0,0,0,1440
2025-12-20,218262.96,Saturday,1,0,1,0,7.318194444444445,76.57701388888889,261.81214047186256,1.5749305555555557,1014.2654166666666,1019.1766666666666,1.1,0.0,0.1,0,0,0,0,0,0,0,0,0,0,0,0,0,0,0,1440
2025-12-21,226906.2,Sunday,1,1,1,0,-0.5686805555555555,38.540486111111115,308.3365562669745,2.589097222222222,1024.1528472222224,1029.2659027777777,10.2,32280.0,0.0,0,0,0,0,0,0,0,0,0,0,0,0,0,0,0,1440
2025-12-22,271374.12,Monday,0,0,1,0,-1.3754861111111112,49.72326388888889,324.16424067731185,1.1475,1025.9365972222222,1031.0589583333333,10.46,30960.0,0.0,0,0,0,0,0,0,0,0,0,0,0,0,0,0,0,1440
2025-12-23,266756.04,Tuesday,0,0,1,0,2.174097222222222,68.30388888888889,93.03813384812227,1.442986111111111,1018.1361111111111,1023.1611805555556,1.64,0.0,11.7,0,0,0,0,0,0,0,0,0,0,0,0,0,0,0,1440
2025-12-24,257520.24,Wednesday,0,0,1,0,2.8413194444444443,78.58256944444445,306.1346376057884,2.015,1013.9558333333333,1018.9493055555556,6.42,14220.0,0.0,0,0,0,0,0,0,0,0,0,0,0,0,0,0,0,1440
2025-12-25,239933.52,Thursday,0,1,1,0,-2.7331944444444445,52.494513888888896,299.1338119423597,3.857013888888889,1016.225,1021.3439583333334,10.14,27540.0,0.0,0,0,0,0,0,0,0,0,0,0,0,1,0,0,0,1440
2025-12-26,298198.44,Friday,0,0,1,0,-7.889652777777778,39.844722222222224,289.2292712556738,2.3974305555555557,1022.5680555555556,1027.8195833333334,11.04,32580.0,0.0,0,0,0,0,0,0,0,0,0,0,0,1,0,0,0,1440
2025-12-27,259450.2,Saturday,1,0,1,0,-2.7831944444444447,60.295138888888886,140.91312018350243,1.532361111111111,1021.0261111111112,1026.1715277777778,4.92,5820.0,0.0,0,0,0,0,0,0,0,0,0,0,0,1,0,0,0,1440
2025-12-28,235954.08,Sunday,1,1,1,0,2.7645833333333334,76.03451388888888,128.10600633456875,1.5277777777777777,1016.9484027777778,1021.9627083333334,5.89,4740.0,0.0,0,0,0,0,0,0,0,0,0,0,0,0,0,0,0,1440
2025-12-29,271663.2,Monday,0,0,1,0,4.610972222222222,76.31027777777778,229.46080261963812,1.8389583333333333,1013.3518055555556,1018.3235416666666,7.63,22200.0,4.9,0,0,0,0,0,0,0,0,0,0,0,0,0,0,0,1440
2025-12-30,291573.72,Tuesday,0,0,1,0,-0.3595833333333333,42.75451388888889,307.74048771627906,2.2245833333333334,1020.2826388888889,1025.3713194444445,10.74,32280.0,0.0,0,0,0,0,0,0,0,0,0,0,0,0,0,0,0,1440
2025-12-31,297610.2,Wednesday,0,0,1,0,-4.495486111111111,36.48506944444444,303.99809894015107,3.222777777777778,1023.2320833333333,1028.411597222222,11.16,32520.0,0.0,0,0,0,0,0,0,0,0,0,0,0,1,0,0,0,1440
2026-01-01,269242.92,Thursday,0,1,1,0,-7.010763888888889,38.35423611111111,302.63446578842434,3.021736111111111,1021.9440277777777,1027.1763194444443,10.3,29160.0,0.0,0,0,1,0,0,0,0,0,0,0,0,1,0,0,0,1440
2026-01-02,312349.32,Friday,0,0,1,0,-7.905208333333333,45.83,298.3424171531603,2.2069444444444444,1020.99375,1026.240625,10.86,32640.0,0.0,0,0,1,0,0,0,0,0,0,0,0,1,0,0,0,1440
2026-01-03,272609.64,Saturday,1,0,1,0,-5.539097222222223,59.67319444444444,179.18322935340618,1.0034722222222223,1022.4720138888889,1027.6585416666667,6.69,14520.0,0.0,0,0,1,0,0,0,0,0,0,0,0,1,0,0,0,1440
2026-01-04,248691.6,Sunday,1,1,1,0,-0.5909722222222222,66.96166666666667,279.1791128439675,1.34375,1019.5622222222223,1024.6482638888888,9.24,27660.0,0.0,0,0,1,0,0,0,0,0,0,0,0,0,0,0,0,1440
2026-01-05,293181.48,Monday,0,0,1,0,-1.5868055555555556,47.150972222222215,301.1853326964999,2.232222222222222,1018.0487499999999,1023.1388888888889,11.12,32760.0,0.0,0,0,1,0,0,0,0,0,0,0,0,0,0,0,0,1440
2026-01-06,297170.64,Tuesday,0,0,1,0,-2.2197222222222224,53.227916666666665,149.05093403463786,1.347013888888889,1018.6836111111111,1023.7899305555555,9.63,22260.0,0.0,0,0,1,0,0,0,0,0,0,0,0,0,0,0,0,1440
2026-01-07,301594.32,Wednesday,0,0,1,0,-0.7964583333333334,58.55430555555555,306.9755304403755,2.8591666666666664,1016.0301388888888,1021.1054861111111,11.16,31320.0,0.0,0,0,1,0,0,0,0,0,0,0,0,0,0,0,0,1440
2026-01-08,311939.64,Thursday,0,0,1,0,-5.081736111111111,37.007847222222225,283.49209611605465,2.4438888888888886,1022.47,1027.6495833333333,11.58,33120.0,0.0,0,0,1,0,0,0,0,0,0,0,0,0,0,0,0,1440
2026-01-09,289634.4,Friday,0,0,1,0,-1.0316666666666665,62.994305555555556,137.73776770785594,1.8764583333333333,1015.9368055555556,1021.0186111111111,5.12,6720.0,0.0,0,0,1,0,0,0,0,0,0,0,0,0,0,0,0,1440
2026-01-10,246335.76,Saturday,1,0,1,0,2.613125,63.609375,259.4733044324134,5.236944444444444,1006.96125,1011.92625,5.68,10020.0,0.1,0,1,0,0,0,0,0,0,0,0,0,1,0,0,0,1440
2026-01-11,261316.8,Sunday,1,1,1,0,-5.851249999999999,38.62270833333333,302.1648957269532,3.1265972222222222,1019.2308333333333,1024.4122222222222,11.56,32820.0,0.0,0,0,0,0,0,0,0,0,0,0,0,1,0,0,0,1440
2026-01-12,304675.2,Monday,0,0,1,0,-3.613759555246699,66.57428769979151,142.72426468377108,2.0794996525364837,1014.1063933287005,1019.223766504517,6.04,7080.0,1.6,0,0,0,0,0,0,0,0,0,0,0,0,0,0,0,1439
2026-01-13,296409.24,Tuesday,0,0,1,0,-1.7908333333333335,51.57604166666667,295.5593824526492,3.7022222222222223,1013.0602777777779,1018.1477083333333,11.74,33300.0,0.1,0,0,0,0,0,0,0,0,0,0,0,0,0,0,0,1440
2026-01-14,301691.16,Wednesday,0,0,1,0,-3.2953472222222224,43.083124999999995,101.77909164632237,1.7959027777777776,1017.805,1022.9288194444445,10.05,27900.0,0.0,0,0,0,0,0,0,0,0,0,0,0,0,0,0,0,1440
2026-01-15,271231.92,Thursday,0,0,1,0,4.4101388888888895,67.95958333333334,265.7079660080334,1.4864583333333334,1010.0758333333333,1015.0263194444444,5.89,10860.0,0.0,0,0,0,0,0,0,0,0,0,0,0,0,0,0,0,1440
2026-01-16,263878.2,Friday,0,0,1,0,3.1611805555555557,79.45847222222223,156.54197281749978,1.4872916666666665,1013.9826388888889,1018.9666666666667,9.99,23760.0,0.0,0,0,0,0,0,0,0,0,0,0,0,0,0,0,0,1440
2026-01-17,239775.12,Saturday,1,0,1,0,0.3034722222222222,67.86916666666667,271.7752045395957,1.8033333333333335,1016.6353472222222,1021.6940972222222,10.95,31920.0,0.0,0,0,0,0,0,0,0,0,0,0,0,0,0,0,0,1440
2026-01-18,235838.88,Sunday,1,1,1,0,0.10118055555555557,61.09048611111111,301.48018942462176,1.42,1016.8993055555555,1021.9644444444444,4.55,5280.0,0.0,0,0,0,0,0,0,0,0,0,0,0,0,0,0,0,1440
2026-01-19,287978.76,Monday,0,0,1,0,-2.7499305555555558,58.24152777777778,294.4472432296553,3.2306250000000003,1019.5556944444444,1024.686736111111,9.24,21180.0,1.2,0,0,0,0,0,0,0,0,0,0,0,1,0,0,0,1440
2026-01-20,311642.28,Tuesday,0,0,1,0,-7.847361111111112,41.04881944444445,295.32903863885105,2.476111111111111,1023.4549305555556,1028.709861111111,12.33,33000.0,0.0,0,0,0,0,0,0,0,0,0,0,0,1,0,0,0,1440
2026-01-21,322259.4,Wednesday,0,0,1,0,-8.623541666666666,46.18256944444444,296.17260596174765,3.379861111111111,1023.1197916666666,1028.3810416666665,12.83,34020.0,0.0,0,0,0,0,0,0,0,0,0,0,0,1,0,0,0,1440
2026-01-22,334524.6,Thursday,0,0,1,0,-8.72076388888889,47.721666666666664,293.8801657369829,3.1297222222222225,1023.8463194444444,1029.103888888889,12.99,33900.0,0.0,0,0,0,0,0,0,0,0,0,0,0,1,0,0,0,1440
2026-01-23,330127.56,Friday,0,0,1,0,-5.68125,52.02173611111111,218.55772937791696,1.1443055555555555,1021.4582638888888,1026.646875,11.25,31440.0,1.3,0,0,0,0,0,0,0,0,0,0,0,1,0,0,0,1440
2026-01-24,301035.24,Saturday,1,0,1,0,-5.302638888888889,53.536875,285.86294119522006,2.4293055555555556,1021.1522222222222,1026.3295833333334,11.95,33300.0,0.0,0,0,0,0,0,0,0,0,0,0,0,0,0,0,0,1440
2026-01-25,294657.84,Sunday,1,1,1,0,-6.2775694444444445,44.53319444444445,280.42410592836256,1.8845138888888888,1025.4665972222222,1030.7015972222223,13.05,33480.0,0.0,0,0,0,0,0,0,0,0,0,0,0,0,0,0,0,1440
2026-01-26,327080.88,Monday,0,0,1,0,-5.24875,61.290902777777774,242.99541026938343,1.2002083333333333,1022.1552083333333,1027.3434722222223,8.46,13860.0,0.0,0,0,0,0,0,0,0,0,0,0,0,0,0,0,0,1440
2026-01-27,312530.76,Tuesday,0,0,1,0,-3.8539583333333334,48.378819444444446,287.3816555825058,2.5319444444444446,1021.3644444444445,1026.5236805555555,12.91,33900.0,0.0,0,0,0,0,0,0,0,0,0,0,0,1,0,0,0,1440
2026-01-28,317743.92,Wednesday,0,0,1,0,-5.2747222222222225,38.15375,292.40660941857385,2.5818055555555555,1024.7286111111111,1029.9305555555557,13.32,33720.0,0.0,0,0,1,0,0,0,0,0,0,0,0,1,0,0,0,1440
2026-01-29,312482.88,Thursday,0,0,1,0,-4.829027777777778,42.31854166666666,284.2335559622162,2.5190972222222223,1025.4922222222222,1030.687013888889,13.32,34200.0,0.0,0,0,1,0,0,0,0,0,0,0,0,1,0,0,0,1440
2026-01-30,311604.12,Friday,0,0,1,0,-6.318541666666667,40.016041666666666,282.59930776907254,2.1485416666666666,1026.136736111111,1031.3654166666665,12.29,34080.0,0.0,0,0,1,0,0,0,0,0,0,0,0,1,0,0,0,1440
2026-01-31,271427.4,Saturday,1,0,1,0,-5.218680555555555,48.429652777777775,253.88214252726,1.5592361111111113,1023.746875,1028.9538194444444,13.29,34020.0,0.0,0,0,1,0,0,0,0,0,0,0,0,1,0,0,0,1440
2026-02-01,258769.08,Sunday,1,1,1,0,-2.5730555555555554,49.5875,256.03331441949575,1.7083333333333333,1021.4484027777778,1026.5880555555557,13.3,33180.0,0.1,0,0,1,0,0,0,0,0,0,0,0,0,0,0,0,1440
2026-02-02,306281.52,Monday,0,0,1,0,-2.5171527777777776,64.66368055555556,278.42030563880456,2.1639583333333334,1021.9057638888889,1027.0327083333334,13.43,32580.0,2.3,0,0,0,0,1,0,0,0,0,0,0,0,0,0,0,1440
2026-02-03,301411.8,Tuesday,0,0,1,0,-2.017638888888889,64.35256944444444,247.36949738330367,1.2847222222222223,1024.43625,1029.5761111111112,13.58,30360.0,0.0,0,0,0,0,0,0,0,0,0,0,0,0,0,0,0,1440
2026-02-04,280718.28,Wednesday,0,0,1,0,2.113541666666667,71.93875,165.0877965095732,1.2260416666666667,1017.7832638888888,1022.806875,7.09,6000.0,0.0,0,0,0,0,0,0,0,0,0,0,0,0,0,0,0,1440
2026-02-05,268022.16,Thursday,0,0,1,0,3.1454166666666663,74.58208333333333,246.67753343561898,1.8651388888888891,1013.7827777777777,1018.769375,8.96,12960.0,0.0,0,0,0,0,0,0,0,0,0,0,0,0,0,0,0,1440
2026-02-06,296435.52,Friday,0,0,1,0,-5.107291666666667,32.84125,293.6975453197864,3.2114583333333333,1019.7109027777777,1024.8809722222222,14.34,30540.0,0.0,0,0,1,0,0,0,0,0,0,0,0,1,0,0,0,1440
2026-02-07,281187.72,Saturday,1,0,1,0,-7.631666666666667,33.146875,293.80774002863205,3.532708333333334,1020.2611111111111,1025.497361111111,15.35,35160.0,0.0,0,0,1,0,0,0,0,0,0,0,0,1,0,0,0,1440
2026-02-08,278725.32,Sunday,1,1,1,0,-8.467986111111111,40.76472222222222,289.4488611680894,2.667361111111111,1023.9400694444444,1029.2014583333334,15.04,36060.0,0.0,0,0,1,0,0,0,0,0,0,0,0,1,0,0,0,1440
2026-02-09,309904.92,Monday,0,0,1,0,-3.8960416666666666,52.36986111111111,260.00354801582483,1.198888888888889,1023.8215277777778,1028.9903472222222,14.87,35160.0,0.0,0,0,1,0,0,0,0,0,0,0,0,0,0,0,0,1440
2026-02-10,288264.96,Tuesday,0,0,1,0,0.6561805555555555,76.020625,172.95564464466167,1.1375694444444444,1016.4880555555555,1021.5313194444445,6.52,2940.0,0.4,0,0,1,0,0,0,0,0,0,0,0,0,0,0,0,1440
2026-02-11,280170.36,Wednesday,0,0,1,0,1.8677777777777778,86.05,257.4483059869667,1.505138888888889,1016.4563194444445,1021.4747916666666,9.65,14580.0,0.0,0,0,0,0,0,0,0,0,0,0,0,0,0,0,0,1440
2026-02-12,279069.48,Thursday,0,0,1,0,1.3845833333333333,77.484375,153.8032364206961,1.5386805555555554,1017.7438888888888,1022.7770138888889,12.09,25380.0,0.0,0,0,0,0,0,0,0,0,0,0,0,0,0,0,0,1440
2026-02-13,250199.64,Friday,0,0,1,0,4.631736111111111,75.59986111111111,153.24185311989575,1.3003472222222223,1014.9299305555556,1019.8940277777778,6.89,4500.0,0.0,0,0,0,0,0,0,0,0,0,0,0,0,0,0,0,1440
2026-02-14,219448.44,Saturday,1,0,1,0,6.022986111111111,80.44618055555556,259.90110026270804,0.898888888888889,1012.2905555555554,1017.2109722222223,9.51,9660.0,0.0,0,0,0,0,0,0,0,0,0,0,0,0,0,0,0,1440
2026-02-15,211433.04,Sunday,1,1,1,0,5.3457638888888885,67.45659722222223,276.4776253081272,2.292222222222222,1015.0446527777779,1020.0003472222222,12.83,25200.0,0.0,0,0,0,0,0,0,0,0,0,0,0,0,0,0,0,1440
2026-02-16,222489.72,Monday,0,1,1,0,1.3541029207232267,48.370305980528514,274.76341029318286,1.9922809457579973,1019.0280945757996,1024.0773991655076,15.62,34800.0,0.0,0,0,0,0,0,0,0,0,0,0,0,0,0,0,0,1438
2026-02-17,223282.8,Tuesday,0,1,1,0,0.017361111111111122,64.32673611111112,229.20270918977968,1.5099305555555558,1018.21375,1023.2871527777778,17.71,36660.0,0.0,0,0,0,0,0,0,0,0,0,0,0,0,0,0,0,1440
2026-02-18,227194.2,Wednesday,0,1,1,0,0.9743055555555555,63.911736111111104,250.2354466917708,2.3994444444444443,1016.6740277777778,1021.7179166666667,17.16,36060.0,0.0,0,0,0,0,0,0,0,0,0,0,0,0,0,0,0,1440
2026-02-19,265461.12,Thursday,0,0,1,0,0.7909722222222222,64.28006944444445,207.15259774105743,1.538888888888889,1019.2202777777777,1024.277361111111,18.11,36780.0,0.0,0,0,0,0,0,0,0,0,0,0,0,0,0,0,0,1440
2026-02-20,249353.64,Friday,0,0,1,0,4.3497916666666665,60.19305555555555,164.15082321398393,1.723263888888889,1013.1223611111111,1018.0795833333334,15.03,35700.0,0.0,0,0,0,0,0,0,0,0,0,0,0,0,0,0,0,1440
2026-02-21,212417.28,Saturday,1,0,1,0,8.952152777777778,50.155138888888885,157.37292443800843,2.702013888888889,1006.6767361111112,1011.5248611111111,15.69,35460.0,0.0,0,0,0,0,0,0,0,0,0,0,0,0,0,0,0,1440
2026-02-22,202600.8,Sunday,1,1,1,0,7.325208333333332,50.57715277777778,235.52608740029342,3.713888888888889,1005.4919444444444,1010.3558333333333,9.8,17700.0,0.0,0,1,0,0,0,0,0,0,0,0,0,0,0,0,0,1440
2026-02-23,254116.8,Monday,0,0,1,0,1.301388888888889,34.97756944444444,259.93463436967386,2.077986111111111,1020.10625,1025.1595138888888,14.61,26340.0,0.0,0,0,0,0,0,0,0,0,0,0,0,0,0,0,0,1440
2026-02-24,259708.68,Tuesday,0,0,1,0,2.472916666666667,45.68444444444445,24.71371660932689,1.63,1020.1045138888888,1025.1259722222221,4.77,1440.0,0.0,0,0,0,0,0,0,0,0,0,0,0,0,0,0,0,1440
2026-02-25,247245.48,Wednesday,0,0,1,0,5.126736111111111,45.32868055555556,160.85431273110692,1.54625,1017.974513888889,1022.9389583333334,18.28,37380.0,0.0,0,0,1,0,0,0,0,0,0,0,0,0,0,0,0,1440
2026-02-26,241245.36,Thursday,0,0,1,0,7.20625,53.297222222222224,107.82387986261216,1.7642361111111111,1015.3325694444444,1020.2427777777779,12.65,23580.0,0.0,0,0,1,0,0,0,0,0,0,0,0,0,0,0,0,1440
2026-02-27,228420.72,Friday,0,0,1,0,9.236527777777779,53.17409722222222,74.50180535924119,1.9404861111111111,1011.2386111111111,1016.1020138888888,12.28,17640.0,0.0,0,0,1,0,0,0,0,0,0,0,0,0,0,0,0,1440
2026-02-28,209244.96,Saturday,1,0,1,0,7.3997222222222225,57.29104166666667,214.9342700086568,1.348888888888889,1016.134861111111,1021.0549305555556,17.45,37020.0,0.0,0,0,1,0,0,0,0,0,0,0,0,0,0,0,0,1440
2026-03-01,202491.36,Sunday,1,1,1,0,9.347708333333333,52.432500000000005,93.98891414354377,3.718611111111111,1018.9672222222223,1023.8644444444445,13.33,15720.0,0.0,0,0,1,0,0,0,0,0,0,0,0,0,0,0,0,1440
2026-03-02,220268.52,Monday,0,1,0,0,5.697708333333334,77.22645833333334,82.26625436951672,3.6716666666666664,1015.8956944444445,1020.845,2.34,0.0,12.5,0,0,0,0,0,0,0,0,0,0,0,0,0,0,0,1440
2026-03-03,253999.8,Tuesday,0,0,0,0,6.227916666666667,65.15409722222222,32.46785524413837,2.0837499999999998,1017.6150694444444,1022.5656944444445,15.35,20400.0,0.6,0,0,0,0,0,0,0,0,0,0,0,0,0,0,0,1440
2026-03-04,253625.76,Wednesday,0,0,0,0,5.323611111111111,65.35805555555557,291.02130199485225,2.156597222222222,1020.0686805555555,1025.048125,17.96,36720.0,0.0,0,0,0,0,0,0,0,0,0,0,0,0,0,0,0,1440
2026-03-05,254465.64,Thursday,0,0,0,0,4.9627083333333335,77.48166666666667,216.1635114925538,1.8238194444444447,1017.8859027777778,1022.866388888889,12.51,20400.0,11.8,0,0,0,0,0,0,0,0,0,0,0,0,0,0,0,1440
2026-03-06,265784.76,Friday,0,0,0,0,1.8788888888888888,80.03687500000001,263.89018505762806,2.5468055555555558,1016.8427777777779,1021.8559027777778,7.86,3720.0,0.0,0,0,0,0,0,0,0,0,0,0,0,0,0,0,0,1440
2026-03-07,241125.84,Saturday,1,0,0,0,0.45541666666666664,55.13152777777778,273.5686296895617,2.3629166666666666,1022.0653472222223,1027.1340972222222,20.1,39240.0,0.0,0,0,0,0,0,0,0,0,0,0,0,0,0,0,0,1440
2026-03-08,234280.44,Sunday,1,1,0,0,0.7169444444444445,54.24930555555556,268.5751249952136,1.6344444444444444,1023.3998611111111,1028.4901388888889,17.3,33480.0,0.0,0,0,0,0,0,0,0,0,0,0,0,0,0,0,0,1440
2026-03-09,270653.76,Monday,0,0,0,0,3.679930555555556,63.76923611111111,250.6618095577423,2.173125,1022.0772916666667,1027.0997916666665,14.61,22440.0,0.0,0,0,0,0,0,0,0,0,0,0,0,0,0,0,0,1440
2026-03-10,268765.56,Tuesday,0,0,0,0,2.8313888888888887,58.23930555555556,240.105111023305,1.5945833333333332,1021.8534722222222,1026.8824305555556,18.94,36240.0,0.0,0,0,0,0,0,0,0,0,0,0,0,0,0,0,0,1440
2026-03-11,269145.0,Wednesday,0,0,0,0,2.9617790132036137,63.39291174426685,267.4814297637637,1.587074357192495,1021.092147324531,1026.1132731063237,11.73,14460.0,0.0,0,0,0,0,0,0,0,0,0,0,0,0,0,0,0,1439
2026-03-12,261101.88,Thursday,0,0,0,0,5.647430555555555,64.30791666666666,271.6118869569881,1.5691666666666666,1021.8649305555556,1026.8452777777777,16.83,31860.0,0.0,0,0,0,0,0,0,0,0,0,0,0,0,0,0,0,1440
2026-03-13,251294.04,Friday,0,0,0,0,6.458819444444445,48.111180555555556,63.49314962201079,1.9089583333333333,1024.8025,1029.7805555555556,20.1,39480.0,0.0,0,0,0,0,0,0,0,0,0,0,0,0,0,0,0,1440
2026-03-14,220713.84,Saturday,1,0,0,0,6.828333333333333,48.45013888888889,205.51963807137895,1.8761805555555555,1023.78125,1028.7448611111113,13.02,12660.0,0.0,0,0,0,0,0,0,0,0,0,0,0,0,0,0,0,1440
2026-03-15,216251.28,Sunday,1,1,0,0,6.100833333333334,76.28631944444444,240.65864550376887,1.5226388888888889,1021.0284722222223,1026.0005555555556,7.47,10080.0,0.0,0,0,0,0,0,0,0,0,0,0,0,0,0,0,0,1440
2026-03-16,254588.04,Monday,0,0,0,0,5.659236111111111,63.35180555555556,219.58242159399734,1.5061111111111112,1018.836736111111,1023.806736111111,17.74,34980.0,0.0,0,0,0,0,0,0,0,0,0,0,0,0,0,0,0,1440
2026-03-17,254615.4,Tuesday,0,0,0,0,6.370138888888889,54.77243055555556,247.01267931581341,1.2827083333333333,1016.5720833333334,1021.5186805555555,20.15,39840.0,0.0,0,0,0,0,0,0,0,0,0,0,0,0,0,0,0,1440
2026-03-18,259041.96,Wednesday,0,0,0,0,5.835416666666666,85.16839160839162,276.25070573573737,1.7545833333333332,1010.4358333333334,1015.3482638888889,4.86,2400.0,5.1,0,0,0,0,0,0,0,0,0,0,0,0,0,0,0,1440
2026-03-19,256731.48,Thursday,0,0,0,0,4.993611111111111,61.169444444444444,276.2624732026198,2.3645833333333335,1013.6513194444444,1018.5966666666666,21.96,41400.0,0.0,0,0,0,0,0,0,0,0,0,0,0,0,0,0,0,1440
2026-03-20,251090.28,Friday,0,0,0,0,5.463585823488534,76.02995135510771,201.09760382740134,2.0027797081306464,1015.8801945795692,1020.8259207783183,18.63,32940.0,0.0,0,0,0,0,0,0,0,0,0,0,0,0,0,0,0,1439
2026-03-21,221258.88,Saturday,1,0,0,0,6.200347222222222,66.66555555555556,256.48272402362824,1.33375,1018.8036111111111,1023.761875,21.77,40380.0,0.0,0,0,0,0,0,0,0,0,0,0,0,0,0,0,0,1440
2026-03-22,209358.0,Sunday,1,1,0,0,8.611180555555556,51.42444444444444,249.5525035569922,1.4926388888888888,1014.9334027777778,1019.820625,18.07,27900.0,0.0,0,0,0,0,0,0,0,0,0,0,0,0,0,0,0,1440
2026-03-23,241188.84,Monday,0,0,0,0,9.102083333333333,61.464631043257,248.40740833953635,1.456736111111111,1014.724375,1019.5984722222222,20.43,38880.0,0.0,0,0,0,0,0,0,0,0,0,0,0,0,0,0,0,1440
2026-03-24,237552.48,Tuesday,0,0,0,0,10.88048611111111,62.09200863930886,213.14898910872262,1.8424999999999998,1013.1909722222222,1018.02,18.09,29100.0,0.0,0,0,0,0,0,0,0,0,0,0,0,0,0,0,0,1440
2026-03-25,237185.28,Wednesday,0,0,0,0,10.674583333333333,68.82118055555556,270.6636935147528,2.0049305555555557,1009.8936805555555,1014.7229166666667,20.43,37680.0,0.0,0,0,0,0,0,0,0,0,0,0,0,0,0,0,0,1440
2026-03-26,237919.68,Thursday,0,0,0,0,9.740694444444445,72.47687499999999,247.35904424626983,1.952222222222222,1010.8272916666667,1015.6661805555556,19.91,33840.0,0.0,0,0,0,0,0,0,0,0,0,0,0,0,0,0,0,1440
2026-03-27,231829.92,Friday,0,0,0,0,9.610902777777778,75.22715277777777,276.02648118812925,1.6191666666666666,1009.3684027777778,1014.2125,18.58,34740.0,0.0,0,0,0,0,0,0,0,0,0,0,0,0,0,0,0,1440
2026-03-28,210065.04,Saturday,1,0,0,0,9.749236111111111,69.81506172839507,255.8887209621368,1.6355555555555554,1011.0810416666666,1015.9150694444444,21.51,33480.0,0.0,0,0,0,0,0,0,0,0,0,0,0,0,0,0,0,1440
2026-03-29,202174.56,Sunday,1,1,0,0,11.402361111111112,46.5735606060606,237.10668896336193,1.5322222222222224,1011.2012500000001,1016.0243055555555,18.56,30960.0,0.0,0,0,0,0,0,0,0,0,0,0,0,0,0,0,0,1440
2026-03-30,229107.96,Monday,0,0,0,0,13.824669909659486,46.12478753541076,175.70614664199934,1.18,1008.5359722222222,1013.3170257123002,8.11,120.0,5.5,0,0,0,0,0,0,0,0,0,0,0,0,0,0,0,1440
2026-03-31,231726.96,Tuesday,0,0,0,0,13.939375,67.80944444444445,66.59728731185876,2.214375,1005.4253472222222,1010.1818055555556,14.29,15540.0,8.5,0,0,0,0,0,0,0,0,0,0,0,0,0,0,0,1440
2026-04-01,228697.2,Wednesday,0,0,0,0,11.655349500713266,63.45920778318277,226.47172900606353,1.640305767894371,1008.2861014593467,1013.0719686162624,13.36,13020.0,0.0,0,0,0,0,0,0,0,0,0,0,0,0,0,0,0,1439
2026-04-02,227976.84,Thursday,0,0,0,0,9.821388888888889,59.77729166666667,220.98414471102336,2.0059722222222223,1010.5124305555555,1015.3503472222222,23.47,41640.0,0.0,0,0,0,0,0,0,0,0,0,0,0,0,0,0,0,1440
2026-04-03,225483.48,Friday,0,0,0,0,12.772291666666666,59.128194444444446,222.09576161476707,1.7645833333333334,1009.0188194444445,1013.784375,18.19,28440.0,0.0,0,0,0,0,0,0,0,0,0,0,0,0,0,0,0,1440
2026-04-04,205012.8,Saturday,1,0,0,0,12.046597222222221,71.90594541910332,213.09731156153933,2.7515972222222222,997.9411805555555,1002.6972916666667,17.4,24540.0,3.1,0,0,0,0,0,0,0,0,0,0,0,0,0,0,0,1440
2026-04-05,198877.32,Sunday,1,1,0,0,9.950833333333334,63.91772063933288,216.75268302153455,2.1529861111111113,1004.2402777777778,1009.0649305555555,19.12,26340.0,9.0,0,0,0,0,0,0,0,0,0,0,0,0,0,0,0,1440
2026-04-06,231602.76,Monday,0,0,0,1,10.033958333333333,66.66895833333334,275.20339778119694,2.1524305555555556,1006.10375,1010.9272222222222,10.35,12780.0,0.4,0,0,0,0,0,0,0,0,0,0,0,0,0,0,0,1440
2026-04-07,235511.64,Tuesday,0,0,0,1,6.904097222222222,44.645694444444445,280.20509130814025,2.628125,1011.7897222222222,1016.6954861111111,25.78,43740.0,0.0,0,0,0,0,0,0,0,0,0,0,0,0,0,0,0,1440
2026-04-08,236514.24,Wednesday,0,0,0,1,8.489027777777778,56.78069444444444,199.48969309523596,1.8351388888888889,1014.1080555555557,1019.0024305555555,25.14,43320.0,0.0,0,0,0,0,0,0,0,0,0,0,0,0,0,0,0,1440
2026-04-09,237867.48,Thursday,0,0,0,1,9.66125,79.37701388888888,99.82532188672965,1.9825000000000002,1001.672638888889,1006.4732638888889,2.48,0.0,11.9,0,0,0,0,0,0,0,0,0,0,0,0,0,0,0,1440
2026-04-10,235607.04,Friday,0,0,0,1,9.900416666666667,90.71201388888889,237.89914156301728,2.9600694444444446,997.8022916666667,1002.58125,5.09,960.0,5.2,0,0,0,0,0,0,0,0,0,0,0,0,0,0,0,1440
2026-04-11,209196.36,Saturday,1,0,0,1,10.172291666666666,82.14340277777778,260.1096396566949,2.022222222222222,1007.6910416666667,1012.5272916666667,15.44,18660.0,0.0,0,0,0,0,0,0,0,0,0,0,0,0,0,0,0,1440
2026-04-12,201178.08,Sunday,1,1,0,1,13.421944444444444,66.66187766714083,230.5999184359686,1.4874305555555556,1010.6824305555555,1015.4561805555555,24.39,38880.0,0.0,0,0,0,0,0,0,0,0,0,0,0,0,0,0,0,1440
2026-04-13,230553.72,Monday,0,0,0,1,15.469930555555557,55.718763557483726,236.58883882871197,1.2697916666666667,1010.34125,1015.088263888889,23.63,37860.0,0.0,0,0,0,0,0,0,0,0,0,0,0,0,0,0,0,1440
2026-04-14,236210.76,Tuesday,0,0,0,1,17.88152777777778,34.61301859799714,217.89723822151436,1.5190277777777779,1007.3710416666667,1012.0551388888888,22.2,39060.0,0.0,0,0,0,0,0,0,0,0,0,0,0,0,0,0,0,1440
2026-04-15,237746.16,Wednesday,0,0,0,1,16.777708333333333,52.51166666666667,246.59607017661222,1.7113194444444446,1007.3879166666667,1012.0997916666666,23.99,40740.0,0.0,0,0,0,0,0,0,0,0,0,0,0,0,0,0,0,1440
2026-04-16,241540.2,Thursday,0,0,0,1,18.07970813064628,43.63544127866574,140.82789586535645,2.3095205003474635,1012.1619179986102,1016.8726893676164,25.85,42240.0,0.0,0,0,0,0,0,0,0,0,0,0,0,0,0,0,0,1439
2026-04-17,232156.08,Friday,0,0,0,1,15.715555555555557,49.408125,217.5797936785232,2.1186111111111114,1010.159375,1014.8999305555554,12.8,4500.0,0.0,0,0,0,0,0,0,0,0,0,0,0,0,0,0,0,1440
2026-04-18,218549.88,Saturday,1,0,0,1,16.108541666666667,61.311388888888885,258.49137763097366,1.4313194444444444,1010.2471527777777,1014.9862499999999,25.44,41400.0,0.0,0,0,0,0,0,0,0,0,0,0,0,0,0,0,0,1440
2026-04-19,216177.84,Sunday,1,1,0,1,18.14986111111111,56.760416666666664,252.66462054263152,1.7401388888888891,1007.8515277777777,1012.5275694444445,22.84,39600.0,0.0,0,0,0,0,0,0,0,0,0,0,0,0,0,0,0,1440
2026-04-20,231663.6,Monday,0,0,0,1,11.764027777777779,70.98736111111111,245.90941724924065,2.4115277777777777,1007.5929166666667,1012.3899305555556,8.03,9180.0,0.3,0,0,0,0,0,0,0,0,0,0,0,0,0,0,0,1440
2026-04-21,230642.28,Tuesday,0,0,0,1,10.423333333333334,53.317708333333336,238.86277456329412,1.9955555555555555,1013.6709722222222,1018.52125,18.4,20820.0,0.0,0,0,0,0,0,0,0,0,0,0,0,0,0,0,0,1440
2026-04-22,229074.48,Wednesday,0,0,0,1,12.749930555555556,46.135416666666664,247.3632485337593,1.6581249999999998,1010.1652083333332,1014.9636111111112,16.72,18180.0,0.0,0,0,0,0,0,0,0,0,0,0,0,0,0,0,0,1440
2026-04-23,234115.2,Thursday,0,0,0,1,16.00201388888889,40.839375,68.80469163688066,1.9497222222222221,1005.9049305555557,1010.6153472222223,24.11,34740.0,0.0,0,0,0,0,0,0,0,0,0,0,0,0,0,0,0,1440
2026-04-24,234748.8,Friday,0,0,0,1,16.717847222222222,30.24152777777778,147.68218139785373,1.8760416666666666,1010.7297916666666,1015.45625,27.8,44100.0,0.0,0,0,1,0,0,0,0,0,0,0,0,0,0,0,0,1440
2026-04-25,214157.88,Saturday,1,0,0,0,15.902291666666667,47.018125000000005,248.68449152651613,1.6729166666666666,1013.4859027777777,1018.2359027777777,27.08,44100.0,0.0,0,0,1,0,0,0,0,0,0,0,0,0,0,0,0,1440
2026-04-26,209691.72,Sunday,1,1,0,0,15.628958333333333,46.73243055555555,280.85137049818275,1.9419444444444445,1008.6184722222223,1013.3529166666666,26.98,44100.0,0.0,0,0,1,0,0,0,0,0,0,0,0,0,0,0,0,1440
2026-04-27,231823.8,Monday,0,0,0,0,14.52361111111111,54.030625,226.20880534814304,1.6849305555555556,1007.0027777777777,1011.7461805555556,16.36,16080.0,1.0,0,0,1,0,0,0,0,0,0,0,0,0,0,0,0,1440
2026-04-28,227702.88,Tuesday,0,0,0,0,12.213958333333332,70.81305555555556,249.8915193643922,2.6998611111111113,1008.8809722222223,1013.6758333333333,17.44,18600.0,0.0,0,0,0,0,0,0,0,0,0,0,0,0,0,0,0,1440
2026-04-29,228648.96,Wednesday,0,0,0,0,13.031041666666667,59.28847222222222,261.7092152691017,1.7328472222222224,1013.39875,1018.1960416666667,24.28,36540.0,0.0,0,0,0,0,0,0,0,0,0,0,0,0,0,0,0,1440
2026-04-30,228961.8,Thursday,0,0,0,0,15.188541666666667,48.736111111111114,267.02260655261546,1.827222222222222,1009.7228472222222,1014.4633333333333,26.25,37500.0,0.0,0,0,0,0,0,0,0,0,0,0,0,0,0,0,0,1440
2026-05-01,206380.8,Friday,0,1,0,0,15.401250868658792,51.308478109798465,261.5413324215544,3.1109103544127867,1004.7393328700485,1009.4633078526755,26.19,37860.0,0.0,0,0,0,0,0,0,0,0,0,0,0,0,0,0,0,1439
2026-05-02,204999.12,Saturday,1,0,0,0,15.944583333333334,66.99479166666667,179.0073471508192,2.0384722222222225,1006.4315972222222,1011.1442361111111,14.3,8280.0,0.5,0,0,0,0,0,0,0,0,0,0,0,0,0,0,0,1440
2026-05-03,198806.04,Sunday,1,1,0,0,12.553888888888888,89.08006944444445,304.8146924372432,2.0086805555555554,998.9195833333333,1003.6641666666666,4.22,0.0,10.9,0,0,0,0,0,0,0,0,0,0,0,0,0,0,0,1440
2026-05-04,220893.12,Monday,0,0,0,0,13.30201388888889,61.28319444444445,270.3443055775371,3.0986805555555557,1007.008611111111,1011.7788194444445,27.63,44880.0,1.6,0,0,0,0,0,0,0,0,0,0,0,0,0,0,0,1440
2026-05-05,203115.6,Tuesday,0,1,0,0,13.297500000000001,59.16458333333333,229.60730894366165,1.7739583333333333,1012.8877083333334,1017.6844444444445,28.82,45960.0,0.0,0,0,0,0,0,0,0,0,0,0,0,0,0,0,0,1440
2026-05-06,233918.28,Wednesday,0,0,0,0,16.00652777777778,55.69895833333333,217.59545635219752,1.9650694444444443,1011.1321527777778,1015.8739583333333,27.79,44700.0,0.0,0,0,0,0,0,0,0,0,0,0,0,0,0,0,0,1440
2026-05-07,234291.24,Thursday,0,0,0,0,14.766944444444446,75.77972222222222,248.88037582287427,2.1881944444444446,1007.3823611111112,1012.1283333333333,13.53,10080.0,2.9,0,0,0,0,0,0,0,0,0,0,0,0,0,0,0,1440
2026-05-08,226828.08,Friday,0,0,0,0,14.551875,59.66597222222222,263.7581078504607,3.0271527777777782,1009.3136805555555,1014.0710416666667,29.56,46080.0,0.0,0,0,0,0,0,0,0,0,0,0,0,0,0,0,0,1440
2026-05-09,201778.92,Saturday,1,0,0,0,14.855416666666667,51.76631944444444,241.80273219189002,1.7503472222222223,1014.1664583333333,1018.9418055555556,28.81,46020.0,0.0,0,0,0,0,0,0,0,0,0,0,0,0,0,0,0,1440
2026-05-10,197830.8,Sunday,1,1,0,0,15.512916666666666,49.35243055555556,252.51303508094963,1.8811111111111112,1012.5338888888889,1017.2876388888889,27.53,43980.0,0.0,0,0,0,0,0,0,0,0,0,0,0,0,0,0,0,1440
2026-05-11,237377.88,Monday,0,0,0,0,15.958958333333335,77.52763888888889,167.94522637355126,1.491527777777778,1009.5642361111111,1014.2921527777778,7.85,1500.0,2.0,0,0,0,0,0,0,0,0,0,0,0,0,0,0,0,1440
2026-05-12,250504.2,Tuesday,0,0,0,0,18.614732453092426,75.04913134120918,241.0231977405456,1.665531619179986,1004.7535788742182,1009.4084781097985,19.47,25680.0,0.0,0,0,0,0,0,0,0,0,0,0,0,0,0,0,0,1439
2026-05-13,253182.24,Wednesday,0,0,0,0,18.06625,72.87590361445783,254.79039498428858,1.770138888888889,1004.9690972222222,1009.6490972222222,27.71,38040.0,0.0,0,0,0,0,0,0,0,0,0,0,0,0,0,0,0,1440
2026-05-14,261208.8,Thursday,0,0,0,0,21.616458333333334,61.65291666666666,242.693959265648,1.6463888888888891,1009.1291666666667,1013.7668055555555,27.26,43560.0,0.0,0,0,0,0,0,0,0,0,0,0,0,0,0,0,0,1440
2026-05-15,262041.84,Friday,0,0,0,0,22.16347222222222,59.53965277777778,243.41564108343601,1.7336805555555554,1015.4807638888889,1020.1238888888888,27.92,45600.0,0.0,0,0,0,0,0,0,0,0,0,0,0,0,0,0,0,1440
2026-05-16,232889.4,Saturday,1,0,0,0,21.01,59.40173611111111,247.073048743535,1.7086805555555555,1016.511875,1021.1880555555556,29.09,46020.0,0.0,0,0,0,0,0,0,0,0,0,0,0,0,0,0,0,1440
2026-05-17,220945.68,Sunday,1,1,0,0,20.437569444444442,56.18868055555556,271.41833272843365,1.472361111111111,1014.58125,1019.2511111111112,28.91,45900.0,0.0,0,0,0,0,0,0,0,0,0,0,0,0,0,0,0,1440
2026-05-18,262514.16,Monday,0,0,0,0,21.5775,50.37736111111111,263.7888753649569,1.773611111111111,1011.3984722222223,1016.0415972222222,27.72,41220.0,0.0,0,0,0,0,0,0,0,0,0,0,0,0,0,0,0,1440
2026-05-19,265992.48,Tuesday,0,0,0,0,21.575277777777778,51.99923611111111,329.1465458669858,1.535486111111111,1009.0546527777777,1013.6857638888889,12.62,4200.0,0.0,0,0,0,0,0,0,0,0,0,0,0,0,0,0,0,1440
2026-05-20,258691.32,Wednesday,0,0,0,0,17.253300903405144,82.0864489228631,97.73847888359055,3.151841556636553,1004.1929117442669,1008.8715079916609,2.54,0.0,70.0,0,0,0,0,0,0,0,0,0,0,0,0,0,0,0,1439
2026-05-21,255635.28,Thursday,0,0,0,0,17.399081272084807,83.99201388888889,76.13795627153462,2.3540972222222223,1001.0672222222222,1005.7378472222222,6.41,60.0,7.0,0,0,0,0,0,0,0,0,0,0,0,0,0,0,0,1440
2026-05-22,253996.56,Friday,0,0,0,0,20.820486111111112,50.963125,93.91083366522311,2.591666666666667,1006.7842361111111,1011.4074305555555,28.68,45900.0,0.0,0,0,0,0,0,0,0,0,0,0,0,0,0,0,0,1440
2026-05-23,223252.92,Saturday,1,0,0,0,19.000555555555554,60.910833333333336,138.3391827253881,2.4899305555555555,1007.2295833333334,1011.8963194444444,22.57,27420.0,0.0,0,0,0,0,0,0,0,0,0,0,0,0,0,0,0,1440
2026-05-24,226004.4,Sunday,1,1,0,0,20.41236111111111,69.01659722222222,246.59711680922663,1.4524305555555554,1008.5061805555555,1013.1552083333333,28.24,46080.0,0.0,0,0,0,0,0,0,0,0,0,0,0,0,0,0,0,1440
2026-05-25,244345.32,Monday,0,1,0,0,23.18548611111111,68.87006944444444,251.44272711205647,1.5039583333333333,1005.7464583333333,1010.3327777777778,24.32,36420.0,0.0,0,0,0,0,0,0,0,0,0,0,0,0,0,0,0,1440
2026-05-26,293137.2,Tuesday,0,0,0,0,24.211875,75.94402777777778,108.93394926276946,1.8232638888888888,1001.9313888888888,1006.4949305555555,16.54,11100.0,2.8,0,0,0,0,0,0,0,0,0,0,0,0,0,0,0,1440
2026-05-27,289865.88,Wednesday,0,0,0,0,22.749375,79.96819444444444,113.03071717121874,2.5200694444444447,999.5388194444444,1004.1002083333334,7.73,360.0,0.7,0,0,0,0,0,0,0,0,0,0,0,0,0,0,0,1440
2026-05-28,284765.76,Thursday,0,0,0,0,20.239652777777778,88.89465277777778,254.04277829456302,2.2202777777777776,999.4890277777778,1004.0906944444445,14.8,15360.0,4.1,0,0,0,0,0,0,0,0,0,0,0,0,0,0,0,1440
2026-05-29,272657.16,Friday,0,0,0,0,20.17659722222222,70.42180555555555,259.1921926311245,2.131527777777778,1004.0339583333333,1008.6629861111111,26.04,33720.0,0.0,0,0,0,0,0,0,0,0,0,0,0,0,0,0,0,1440
2026-05-30,245404.44,Saturday,1,0,0,0,21.024513888888887,67.00659722222223,237.7598610857223,1.9195833333333332,1005.6763194444444,1010.2925694444444,29.81,47100.0,0.0,0,0,0,0,0,0,0,0,0,0,0,0,0,0,0,1440
2026-05-31,239371.2,Sunday,1,1,0,0,22.91645833333333,55.01020833333333,267.3633971933949,1.4965277777777777,1008.364375,1012.9630555555556,30.19,46740.0,0.0,0,0,0,0,0,0,0,0,0,0,0,0,0,0,0,1440
2026-06-01,276823.08,Monday,0,0,0,1,21.82486111111111,54.87618055555556,254.11292331231238,1.7936111111111113,1008.8042361111112,1013.4164583333333,22.2,25980.0,0.0,0,0,0,0,0,0,0,0,0,0,0,0,0,0,0,1440
2026-06-02,293056.92,Tuesday,0,0,0,1,24.06652777777778,57.10743055555555,246.65091223765745,1.7556944444444442,1002.424375,1006.9784722222222,26.67,36720.0,0.0,0,0,0,0,0,0,0,0,0,0,0,0,0,0,0,1440
2026-06-03,266565.6,Wednesday,0,1,0,1,23.657777777777774,64.83756944444445,271.1774777469845,1.5767361111111111,998.9717361111111,1003.5155555555555,22.32,30840.0,0.0,0,0,0,0,0,0,0,0,0,0,0,0,0,0,0,1440
2026-06-04,301772.16,Thursday,0,0,0,1,23.099375,70.82013888888889,215.66529506419724,2.3325,997.4301388888888,1001.9818055555556,15.76,11640.0,0.0,0,0,0,0,0,0,0,0,0,0,0,0,0,0,0,1440
2026-06-05,278233.56,Friday,0,0,0,1,19.386875,65.51583333333333,260.4190054269965,3.076319444444444,1002.5426388888889,1007.1847916666667,27.87,35880.0,0.0,0,0,0,0,0,0,0,0,0,0,0,0,0,0,0,1440
2026-06-06,245602.8,Saturday,1,1,0,1,21.58451388888889,55.01006944444445,133.05913972001085,1.9865972222222221,1007.78625,1012.4109027777778,27.42,37140.0,0.0,0,0,0,0,0,0,0,0,0,0,0,0,0,0,0,1440
2026-06-07,242417.52,Sunday,1,1,0,1,22.728680555555556,47.39395833333334,84.72336783318781,2.3806249999999998,1004.0761805555555,1008.6605555555556,9.98,1560.0,0.0,0,0,0,0,0,0,0,0,0,0,0,0,0,0,0,1440
2026-06-08,279457.56,Monday,0,0,0,1,20.149583333333336,68.57680555555557,256.14623914968286,2.439722222222222,1002.5002777777777,1007.1248611111112,20.4,25980.0,0.0,0,0,0,0,0,0,0,0,0,0,0,0,0,0,0,1440
2026-06-09,278847.72,Tuesday,0,0,0,1,20.406319444444442,60.73229166666667,239.8423689482205,1.76625,1003.2828472222222,1007.8986805555556,24.33,31140.0,0.0,0,0,0,0,0,0,0,0,0,0,0,0,0,0,0,1440
2026-06-10,282291.48,Wednesday,0,0,0,1,20.571458333333336,67.34333333333333,253.75746254568355,2.4006944444444445,1004.1320833333333,1008.7528472222223,27.6,41760.0,0.1,0,0,0,0,0,0,0,0,0,0,0,0,0,0,0,1440
2026-06-11,282026.16,Thursday,0,0,0,1,19.50625,68.02423611111111,258.47484449369,2.2022222222222223,1006.6146527777778,1011.268125,28.13,41280.0,0.0,0,0,0,0,0,0,0,0,0,0,0,0,0,0,0,1440
2026-06-12,283897.44,Friday,0,0,0,1,21.213333333333335,61.13076388888889,250.8556262510665,1.7953472222222224,1008.5349305555555,1013.1563888888888,27.83,41700.0,0.0,0,0,0,0,0,0,0,0,0,0,0,0,0,0,0,1440
2026-06-13,260300.52,Saturday,1,0,0,1,22.714444444444442,53.437222222222225,250.04401985300115,1.5538194444444444,1006.8239583333333,1011.4175,29.39,47940.0,0.0,0,0,0,0,0,0,0,0,0,0,0,0,0,0,0,1440
2026-06-14,267458.4,Sunday,1,1,0,1,23.900625,61.57604166666667,231.3071706726959,1.5605555555555555,1006.3585416666667,1010.925625,22.09,27900.0,0.0,0,0,0,0,0,0,0,0,0,0,0,0,0,0,0,1440
2026-06-15,306802.8,Monday,0,0,0,1,24.497152777777778,55.374375,234.7086830189591,1.7277083333333334,1007.8844444444445,1012.4575,27.08,37680.0,0.0,0,0,0,0,0,0,0,0,0,0,0,0,0,0,0,1440
2026-06-16,313854.12,Tuesday,0,0,0,1,25.66125,52.34243055555556,180.50668017246093,1.6310416666666665,1008.3385416666666,1012.8961805555556,27.83,42660.0,0.0,0,0,0,0,0,0,0,0,0,0,0,0,0,0,0,1440
2026-06-17,322731.72,Wednesday,0,0,0,1,25.82472222222222,53.12763888888889,223.00389013237594,1.760486111111111,1005.7449305555555,1010.2752777777777,23.34,27720.0,0.0,0,0,0,0,0,0,0,0,0,0,0,0,0,0,0,1440
2026-06-18,322533.36,Thursday,0,0,0,1,25.496111111111112,59.37590277777778,249.85045661261935,2.008958333333333,1003.9470833333334,1008.4968055555555,23.53,29880.0,0.0,0,0,0,0,0,0,0,0,0,0,0,0,0,0,0,1440
2026-06-19,322885.08,Friday,0,0,0,1,25.67361111111111,63.35638888888889,177.11500547199904,1.6600000000000001,1002.1372916666667,1006.6486111111111,16.37,20520.0,2.4,0,0,0,0,0,0,0,0,0,0,0,0,0,0,0,1440
2026-06-20,273607.2,Saturday,1,0,1,0,21.428789986091793,85.6480528511822,67.87742372491401,2.1557719054242,994.4266342141864,998.9753824756607,3.34,0.0,62.1,0,0,0,0,0,0,0,0,0,0,0,0,0,0,0,1438
2026-06-21,264281.4,Sunday,1,1,1,0,22.796870653685676,65.11752433936022,280.34747357006177,1.4883171070931849,1003.8321279554938,1008.4005563282336,19.57,15900.0,0.0,0,0,0,0,0,0,0,0,0,0,0,0,0,0,0,1438
2026-06-22,305573.4,Monday,0,0,1,0,23.568125,66.59881944444444,209.05006140741654,1.2977083333333335,1004.1807638888889,1008.7395138888888,15.65,12000.0,0.0,0,0,0,0,0,0,0,0,0,0,0,0,0,0,0,1440
2026-06-23,307225.8,Tuesday,0,0,1,0,24.684283727399166,55.58358831710709,127.29677810525621,2.715159944367177,1004.9162030598053,1009.4675243393602,29.97,44700.0,0.0,0,0,0,0,0,0,0,0,0,0,0,0,0,0,0,1438
2026-06-24,293149.44,Wednesday,0,0,1,0,23.40847222222222,48.04152777777778,117.04113317367884,3.139236111111111,1003.7422222222223,1008.3120138888889,24.43,37080.0,0.0,0,0,0,0,0,0,0,0,0,0,0,0,0,0,0,1440
2026-06-25,292290.84,Thursday,0,0,1,0,22.575625000000002,58.52145833333333,64.56442697875531,2.1983333333333333,1000.6393055555557,1005.210625,12.04,2340.0,0.0,0,0,0,0,0,0,0,0,0,0,0,0,0,0,0,1440
2026-06-26,295916.04,Friday,0,0,1,0,22.94638888888889,63.76090277777777,286.31137592390525,1.8252083333333335,1000.8070833333333,1005.3672916666666,27.68,41460.0,0.0,0,0,0,0,0,0,0,0,0,0,0,0,0,0,0,1440
2026-06-27,276465.6,Saturday,1,0,1,0,24.64944444444444,62.702777777777776,253.91099461906055,1.4290972222222222,1000.3491666666667,1004.8777083333333,23.04,36600.0,0.0,0,0,0,0,0,0,0,0,0,0,0,0,0,0,0,1440
2026-06-28,270739.8,Sunday,1,1,1,0,24.275347222222223,59.02611111111111,232.95764898122596,1.964375,1003.963125,1008.5175694444445,29.11,47520.0,0.0,0,0,0,0,0,0,0,0,0,0,0,0,0,0,0,1440
2026-06-29,317057.76,Monday,0,0,1,0,24.494097222222223,67.49930555555555,260.16644204769904,1.820138888888889,1006.8945833333333,1011.4529166666666,27.56,41220.0,0.0,0,0,0,0,0,0,0,0,0,0,0,0,0,0,0,1440
2026-06-30,315821.52,Tuesday,0,0,1,0,25.26166666666667,58.87993055555556,261.8394380680785,1.6029166666666665,1006.5729861111112,1011.1271527777778,24.02,33060.0,0.0,0,0,0,0,0,0,0,0,0,0,0,0,0,0,0,1440
2026-07-01,315848.88,Wednesday,0,0,1,0,25.931944444444444,57.77493055555555,181.22384848481533,1.95875,1002.2065972222222,1006.729375,19.49,19680.0,0.0,0,0,0,0,0,0,0,0,0,0,0,0,0,0,0,1440
2026-07-02,314928.0,Thursday,0,0,1,0,24.81222222222222,61.468402777777776,206.38179456199265,1.9583333333333333,1005.1482638888889,1009.7064583333333,15.47,6480.0,0.0,0,0,0,0,0,0,0,0,0,0,0,0,0,0,0,1440
2026-07-03,316190.16,Friday,0,0,1,0,24.735,69.31131944444445,235.6385392228601,1.844375,1006.2679861111111,1010.8262500000001,20.46,21180.0,0.1,0,0,0,0,0,0,0,0,0,0,0,0,0,0,0,1440
2026-07-04,288325.8,Saturday,1,0,1,0,25.389374999999998,69.87798611111111,242.53376098925037,1.7426388888888888,1002.489375,1007.0325694444443,18.41,16200.0,0.0,0,0,0,0,0,0,0,0,0,0,0,0,0,0,0,1440
2026-07-05,283627.8,Sunday,1,1,1,0,24.589374999999997,79.93881944444443,176.7989375975647,1.8109722222222224,999.8413194444445,1004.369513888889,7.8,540.0,9.2,0,0,0,0,0,0,0,0,0,0,0,0,0,0,0,1440
2026-07-06,333522.0,Monday,0,0,1,0,25.78347222222222,78.19395833333334,180.46720901926085,2.486388888888889,1000.106875,1004.6104861111112,11.86,7800.0,16.4,0,0,0,0,0,0,0,0,0,0,0,0,0,0,0,1440
2026-07-07,342568.8,Tuesday,0,0,1,0,27.44375,74.24854166666667,151.87383668689662,2.2378472222222223,1001.0885416666666,1005.5740277777778,20.12,18000.0,8.5,0,0,0,0,0,0,0,0,0,0,0,0,0,0,0,1440
2026-07-08,333548.64,Wednesday,0,0,1,0,25.123055555555553,82.48743055555555,177.2961810449121,2.6084027777777776,1000.3956944444445,1004.9247916666666,5.25,0.0,22.1,0,0,0,0,0,0,0,0,0,0,0,0,0,0,0,1440
2026-07-09,323074.08,Thursday,0,0,1,0,23.71,89.40333333333334,127.067004877715,1.8315277777777779,1003.9397916666667,1008.5043055555556,5.95,2040.0,112.2,0,0,0,0,0,0,0,0,0,0,0,0,1,1,0,1440
2026-07-10,332538.48,Friday,0,0,1,0,25.584375,84.66048611111111,171.0917931721833,1.5609722222222224,1005.974236111111,1010.5180555555555,9.64,2040.0,7.3,0,0,0,0,0,0,0,0,0,0,0,0,0,0,0,1440
2026-07-11,317748.96,Saturday,1,0,1,0,28.476041666666667,72.70125,263.9636497556796,1.1993749999999999,1006.48125,1010.984375,25.03,40740.0,0.0,0,0,0,0,0,0,0,0,0,1,0,0,0,0,0,1440
2026-07-12,318848.04,Sunday,1,1,1,0,29.726944444444445,69.49354166666666,203.84037132625687,1.7561111111111112,1005.539375,1010.0095833333334,26.16,39240.0,0.0,0,0,0,0,0,0,0,0,0,1,0,0,0,0,0,1440
2026-07-13,366262.92,Monday,0,0,1,0,29.731458333333336,66.44,184.09428840448203,1.960763888888889,1004.1096527777777,1008.5742361111111,19.34,24240.0,0.0,0,0,0,0,0,0,0,0,0,1,0,0,0,0,0,1440
2026-07-14,357852.96,Tuesday,0,0,1,0,28.34513888888889,73.24472222222222,177.37197486374512,3.5858333333333334,998.9254166666667,1003.3938888888889,10.47,3900.0,42.7,0,1,0,0,0,0,0,0,0,1,0,0,0,0,0,1440
2026-07-15,336947.04,Wednesday,0,0,1,0,24.819930555555555,84.64840277777778,249.27669532545838,3.1924305555555557,996.1256249999999,1000.6342361111111,11.81,6240.0,2.7,0,1,0,0,0,0,0,0,0,0,0,0,0,0,0,1440
2026-07-16,340925.4,Thursday,0,0,1,0,25.365208333333335,79.41791666666667,223.04166301036986,1.489513888888889,998.8760416666667,1003.3934722222223,15.66,8520.0,0.0,0,0,0,0,0,0,0,0,0,0,0,0,0,0,0,1440
2026-07-17,313328.16,Friday,0,1,1,0,26.575694444444444,80.05180555555556,242.63431984822347,1.1117361111111113,996.9027083333333,1001.3967361111112,13.83,9900.0,1.5,0,0,0,0,0,0,0,0,0,0,0,0,0,0,0,1440
2026-07-18,312184.44,Saturday,1,0,1,0,26.488194444444446,82.03,197.09183684801835,2.5831944444444446,994.0389583333334,998.5238194444445,11.1,3540.0,12.7,0,0,0,0,0,0,0,0,0,0,0,0,0,1,0,1440
2026-07-19,292298.4,Sunday,1,1,1,0,24.905837387074357,75.99492703266156,251.6111704613644,1.7840166782487838,999.1477414871439,1003.6776233495484,21.21,20220.0,0.0,0,0,0,0,0,0,0,0,0,0,0,0,0,0,0,1439
2026-07-20,329834.16,Monday,0,0,1,0,24.165763888888886,85.94,131.30857132213458,1.7670138888888889,1001.6264583333334,1006.1902777777777,6.46,3240.0,48.4,0,0,0,0,0,0,0,0,0,0,0,0,0,0,0,1440
2026-07-21,340641.36,Tuesday,0,0,1,0,25.486458333333335,88.84895833333333,194.39645804353353,2.078472222222222,1001.4379166666668,1005.94,3.53,0.0,30.6,0,0,0,0,0,0,0,0,0,0,0,0,0,0,0,1440
2026-07-22,347249.16,Wednesday,0,0,1,0,25.962152777777778,89.07909722222222,248.1904013606822,1.1290972222222222,1003.0872222222223,1007.6196527777778,8.23,1080.0,10.1,0,0,0,0,0,0,0,0,0,0,0,0,0,0,0,1440
2026-07-23,359122.32,Thursday,0,0,1,0,27.618402777777778,81.49326388888889,190.4338902895556,2.6065972222222222,1002.6286111111111,1007.1195833333333,15.13,6600.0,0.0,0,0,0,0,0,0,0,0,0,0,0,0,0,0,0,1440
2026-07-24,357663.24,Friday,0,0,1,0,28.305902777777778,74.61131944444445,208.04092142459092,2.0203472222222225,1005.4852777777778,1009.9670138888889,20.25,24000.0,0.0,0,0,0,0,0,1,0,0,0,1,0,0,0,0,0,1440
2026-07-25,326989.44,Saturday,1,0,1,0,28.507708333333333,76.49986111111112,220.52931906730197,2.1168750000000003,1006.2843055555555,1010.7793055555555,20.23,21480.0,0.0,0,0,0,0,0,1,0,0,0,1,0,0,0,0,0,1440
2026-07-26,323089.56,Sunday,1,1,1,0,28.758125,79.10694444444445,225.76189340789747,2.0533333333333337,1005.4498611111111,1009.9236805555556,22.73,30540.0,0.0,0,0,0,0,0,1,0,0,0,1,0,0,0,0,0,1440
2026-07-27,371243.16,Monday,0,0,1,0,28.45111111111111,77.41701388888889,230.4217715496626,1.9300694444444446,1007.2229166666667,1011.7229166666667,15.86,12240.0,0.0,0,0,0,0,0,1,0,0,0,1,0,0,0,0,0,1440
2026-07-28,373809.6,Tuesday,0,0,1,0,28.24972222222222,79.28986111111111,257.06345351895897,2.5118055555555556,1008.7852083333333,1013.2855555555556,22.41,26820.0,0.0,0,0,0,0,0,1,0,0,0,1,0,0,0,0,0,1440
2026-07-29,369779.04,Wednesday,0,0,1,0,27.96020833333333,76.97020833333333,261.24757446644253,2.6534722222222222,1006.8736805555557,1011.3694444444444,26.09,36600.0,0.0,0,0,0,0,0,1,0,0,0,1,0,0,0,0,0,1440
2026-07-30,364500.0,Thursday,0,0,1,0,27.705902777777776,78.01881944444445,252.36720095307425,2.05375,1004.9090277777777,1009.4056250000001,24.17,31020.0,0.0,0,0,0,0,0,1,0,0,0,1,0,0,0,0,0,1440
2026-07-31,367385.4,Friday,0,0,1,0,28.343611111111112,78.70270833333333,248.5313241934544,1.9674999999999998,1002.9845138888888,1007.4525694444444,22.46,30420.0,0.0,0,0,0,0,0,1,0,0,0,1,0,0,0,0,0,1440
2026-08-01,337583.88,Saturday,1,0,1,0,29.324930555555557,79.50881944444444,253.833621289803,2.2576388888888888,1002.3491666666667,1006.8138888888889,21.31,26700.0,0.0,0,0,0,0,0,1,0,0,0,1,0,0,0,0,0,1440
2026-08-02,328830.48,Sunday,1,1,1,0,29.769513888888888,71.62909722222221,259.71414035146876,1.6251388888888887,1004.1963194444444,1008.6577083333334,25.49,36600.0,0.0,0,0,0,0,0,1,0,0,0,1,0,0,0,0,0,1440
2026-08-03,386658.0,Monday,0,0,1,0,29.575208333333336,72.29104166666667,254.1176225607245,1.432361111111111,1005.7147916666667,1010.1943055555556,23.95,40320.0,0.0,0,0,0,0,0,1,0,0,0,1,0,0,0,0,0,1440
2026-08-04,403061.76,Tuesday,0,0,1,0,30.906458333333337,74.22215277777778,231.59907130970288,1.5971527777777779,1005.4128472222222,1009.8665972222221,19.75,31680.0,0.0,0,0,0,0,0,1,0,0,1,1,0,0,0,0,0,1440
2026-08-05,402472.44,Wednesday,0,0,1,0,31.060694444444444,70.72097222222222,167.45392422730183,1.606875,1003.3855555555555,1007.8395138888889,22.99,38280.0,0.0,0,0,0,0,0,1,0,0,1,0,0,0,0,0,0,1440
2026-08-06,403608.6,Thursday,0,0,1,0,31.36777777777778,69.040625,190.55740902143208,1.5502083333333334,1001.1620833333333,1005.6054166666667,19.73,30900.0,0.0,0,0,0,0,0,1,0,0,1,0,0,0,0,0,0,1440
2026-08-07,400871.88,Friday,0,0,1,0,31.842986111111113,65.07993055555556,197.74108856246906,1.5024305555555555,999.4598611111111,1003.8818749999999,23.69,40440.0,0.0,0,0,0,0,0,1,0,0,1,0,0,0,0,0,0,1440
2026-08-08,343824.48,Saturday,1,0,1,0,30.85090277777778,61.34715277777777,84.08936520078662,2.964583333333333,1001.2409722222222,1005.6919444444444,21.64,27180.0,0.0,0,0,0,0,0,1,0,0,1,0,0,0,0,0,0,1440
2026-08-09,310316.76,Sunday,1,1,1,0,27.964652777777776,59.47020833333334,77.20676581776715,3.0635416666666666,1004.0263194444444,1008.5044444444444,18.72,26400.0,0.0,0,0,0,0,0,1,0,0,1,1,0,0,0,0,0,1440
2026-08-10,353669.04,Monday,0,0,1,0,28.337777777777777,58.00048611111111,103.15550385810187,3.231666666666667,1005.4781944444445,1009.9666666666667,21.12,31500.0,0.0,0,0,0,0,0,0,0,0,0,1,0,0,0,0,0,1440
2026-08-11,344815.56,Tuesday,0,0,1,0,27.768867268936763,54.965531619179984,86.751076357765,3.2035441278665737,1004.1059763724809,1008.5983321751216,26.61,38940.0,0.0,0,0,0,0,0,0,0,0,0,0,0,0,0,0,0,1439
2026-08-12,329703.84,Wednesday,0,0,1,0,26.197222222222223,52.32402777777778,69.657518021544,2.8790972222222218,1001.8422222222223,1006.3568055555556,24.83,35700.0,0.0,0,0,0,0,0,0,0,0,0,0,0,0,0,0,0,1440
2026-08-13,339454.8,Thursday,0,0,1,0,27.20534722222222,60.492916666666666,26.528918092624053,1.5798611111111112,999.5159722222222,1003.9971527777777,18.33,18960.0,0.0,0,0,0,0,0,0,0,0,0,0,0,0,0,0,0,1440
2026-08-14,340847.28,Friday,0,0,1,0,27.389791666666667,66.78111111111112,283.17416614117457,1.2264583333333332,1000.1502083333334,1004.6302777777778,14.17,14880.0,0.0,0,0,0,0,0,0,0,0,0,0,0,0,0,0,0,1440
2026-08-15,309773.16,Saturday,1,1,1,0,26.875625,74.52506944444445,142.35202452003207,1.508125,1001.1247916666666,1005.6247916666666,10.23,0.0,0.0,0,0,0,0,0,0,0,0,0,0,0,0,0,0,0,1440
2026-08-16,289225.8,Sunday,1,1,1,0,24.311527777777776,83.97291666666666,101.38451210321526,2.3981944444444445,1000.4546527777777,1004.9892361111112,6.73,60.0,23.2,0,0,0,0,0,0,0,0,0,0,0,0,0,0,0,1440
2026-08-17,302275.44,Monday,0,1,1,0,24.618680555555557,87.39958333333333,127.26689798799643,1.506736111111111,1001.1884722222221,1005.7115277777779,7.03,540.0,5.6,0,0,0,0,0,0,0,0,0,0,0,0,0,0,0,1440
2026-08-18,345493.44,Tuesday,0,0,1,0,26.599583333333335,76.72166666666666,248.81867493858587,1.5775,1005.427638888889,1009.9705555555556,23.71,34380.0,0.0,0,0,0,0,0,0,0,0,0,0,0,0,0,0,0,1440
2026-08-19,345325.32,Wednesday,0,0,1,0,26.794027777777778,74.87020833333334,255.17117292341598,1.2842361111111111,1008.5090277777778,1013.0584722222222,15.06,9600.0,0.0,0,0,0,0,0,0,0,0,0,0,0,0,0,0,0,1440
2026-08-20,341425.8,Thursday,0,0,1,0,26.106736111111108,82.04784722222222,301.65777651919853,0.9947222222222223,1008.9635416666666,1013.5047222222222,7.33,360.0,0.2,0,0,0,0,0,0,0,0,0,0,0,0,0,0,0,1440
2026-08-21,338713.56,Friday,0,0,1,0,25.45111111111111,88.29631944444444,96.13751204624849,1.3603472222222224,1007.3525000000001,1011.9142361111111,5.37,0.0,6.4,0,0,0,0,0,0,0,0,0,0,0,0,0,0,0,1440
2026-08-22,299711.16,Saturday,1,0,1,0,24.2575,89.81145833333333,86.3375899935483,1.749375,1007.8771527777778,1012.4575694444444,7.24,900.0,92.1,0,0,0,0,0,0,0,0,0,0,0,0,0,0,0,1440
2026-08-23,306721.8,Sunday,1,1,1,0,27.334166666666665,78.35027777777778,202.10451251114515,1.5306944444444444,1008.8390972222222,1013.3638194444444,22.05,36420.0,0.0,0,0,0,0,0,0,0,0,0,0,0,0,0,0,0,1440
2026-08-24,362517.12,Monday,0,0,1,0,28.009583333333335,78.41319444444444,277.05728931027846,1.6905555555555556,1007.8213888888889,1012.3422222222223,20.66,32340.0,0.0,0,0,0,0,0,0,0,0,0,1,0,0,0,0,0,1440
2026-08-25,363680.28,Tuesday,0,0,1,0,27.63375,81.18756944444445,256.88834885193904,1.6970833333333335,1006.8844444444445,1011.4080555555556,18.36,25020.0,5.9,0,0,0,0,0,0,0,0,0,1,0,0,0,0,0,1440
2026-08-26,366019.2,Wednesday,0,0,1,0,27.53826388888889,80.51944444444445,254.9486472513037,1.38375,1003.699375,1008.199375,15.96,16200.0,0.0,0,0,0,0,0,0,0,0,0,1,0,0,0,0,0,1440
2026-08-27,365564.16,Thursday,0,0,1,0,27.298680555555556,79.420625,268.9726028010848,1.3163194444444444,1002.4390972222222,1006.9190972222223,14.06,16800.0,0.0,0,0,0,0,0,0,0,0,0,0,0,0,0,0,0,1440
2026-08-28,362871.36,Friday,0,0,1,0,26.494305555555556,85.20465277777778,109.57480781537392,1.9132638888888889,1003.1438194444445,1007.6424999999999,9.53,1920.0,0.6,0,0,0,0,0,0,0,0,0,0,0,0,0,0,0,1440
2026-08-29,325137.96,Saturday,1,0,1,0,26.908402777777777,76.7625,252.33390865953277,1.7668055555555555,1002.1977777777778,1006.6895833333333,19.06,22020.0,0.0,0,0,0,0,0,0,0,0,0,0,0,0,0,0,0,1440
2026-08-30,312284.52,Sunday,1,1,1,0,25.95263888888889,79.8575,220.5068900261541,1.2791666666666666,1003.3049305555556,1007.8248611111111,9.5,720.0,0.0,0,0,0,0,0,0,0,0,0,0,0,0,0,0,0,1440
2026-08-31,352174.32,Monday,0,0,0,0,24.174287699791524,93.5223766504517,104.52781491710701,1.5220291869353717,1003.8768589298124,1008.4315496872829,2.86,0.0,31.1,0,0,0,0,0,0,0,0,0,0,0,0,0,0,0,1439
2026-09-01,336341.16,Tuesday,0,0,0,0,22.658194444444444,94.23381944444445,98.51660752431786,1.257638888888889,1006.0072916666667,1010.6072916666667,2.6,0.0,31.9,0,0,0,0,0,0,0,0,0,0,0,0,0,0,0,1440
2026-09-02,340353.0,Wednesday,0,0,0,0,24.043125,87.08638888888889,272.5597697478559,1.149861111111111,1007.1265972222222,1011.692986111111,12.33,11280.0,0.0,0,0,0,0,0,0,0,0,0,0,0,0,0,0,0,1440
